Copyright 1986-2020 Xilinx, Inc. All Rights Reserved.
------------------------------------------------------------------------------------------------------------------------------------------
| Tool Version      : Vivado v.2020.2 (lin64) Build 3064766 Wed Nov 18 09:12:47 MST 2020
| Date              : Wed Sep  2 04:00:52 2026
| Host              : chips-rdp-stanis running 64-bit AlmaLinux release 8.10 (Cerulean Leopard)
| Command           : report_timing -max_paths 100 -nworst 100 -delay_type max -sort_by slack -file reports/carfield.timing_WORST_100.rpt
| Design            : carfield_top_xilinx
| Device            : xcvu9p-flga2104
| Speed File        : -2L  PRODUCTION 1.27 02-28-2020
| Temperature Grade : E
------------------------------------------------------------------------------------------------------------------------------------------

Timing Report

Slack (VIOLATED) :        -20.191ns  (required time - arrival time)
  Source:                 i_carfield/i_cheshire_wrap/i_cheshire_ext_llc_cdc_src/i_cdc_fifo_gray_src_ar/gen_word[7].data_q_reg[7][addr][17]/C
                            (rising edge-triggered cell FDRE clocked by clk_50_xlnx_clk_wiz  {rise@0.000ns fall@10.000ns period=20.000ns})
  Destination:            i_carfield/i_hyperbus_wrap/i_hyper_cdc_dst/i_cdc_fifo_gray_dst_ar/i_spill_register/spill_register_flushable_i/gen_spill_reg.a_data_q_reg[addr][17]/D
                            (rising edge-triggered cell FDCE clocked by periph_domain_clk  {rise@0.000ns fall@50.000ns period=100.000ns})
  Path Group:             periph_domain_clk
  Path Type:              Setup (Max at Slow Process Corner)
  Requirement:            0.000ns  (MaxDelay Path 0.000ns)
  Data Path Delay:        24.917ns  (logic 0.239ns (0.959%)  route 24.678ns (99.041%))
  Logic Levels:           2  (LUT6=1 MUXF7=1)
  Clock Path Skew:        6.672ns (DCD - SCD + CPR)
    Destination Clock Delay (DCD):    12.601ns
    Source Clock Delay      (SCD):    5.223ns
    Clock Pessimism Removal (CPR):    -0.706ns
  Clock Uncertainty:      0.226ns  ((TSJ^2 + DJ^2)^1/2) / 2 + PE
    Total System Jitter     (TSJ):    0.071ns
    Discrete Jitter          (DJ):    0.199ns
    Phase Error              (PE):    0.120ns
  Inter-SLR Compensation: 1.746ns  ((DCD - CCD) * PF)
    Destination Clock Delay (DCD):    12.601ns
    Common Clock Delay      (CCD):    0.963ns
    Prorating Factor         (PF):    0.150
  Clock Net Delay (Source):      4.687ns (routing 2.719ns, distribution 1.968ns)
  Clock Net Delay (Destination): 1.844ns (routing 0.617ns, distribution 1.227ns)
  Timing Exception:       MaxDelay Path 0.000ns

    Location             Delay type                Incr(ns)  Path(ns)    Netlist Resource(s)
  -------------------------------------------------------------------    -------------------
                         (clock clk_50_xlnx_clk_wiz rise edge)
                                                      0.000     0.000 r  
    E12                  IBUFCTRL                     0.000     0.000 r  u_ibufg_sys_clk/IBUFCTRL_INST/O
                         net (fo=1, routed)           0.384     0.384    i_xlnx_clk_wiz/inst/clk_in1
    MMCM_X1Y12           MMCME4_ADV (Prop_MMCM_CLKIN1_CLKOUT1)
                                                     -0.127     0.257 r  i_xlnx_clk_wiz/inst/mmcme4_adv_inst/CLKOUT1
                         net (fo=1, routed)           0.251     0.508    i_xlnx_clk_wiz/inst/clk_50_xlnx_clk_wiz
    BUFGCE_X1Y298        BUFGCE (Prop_BUFCE_BUFGCE_I_O)
                                                      0.028     0.536 r  i_xlnx_clk_wiz/inst/clkout2_buf/O
    X2Y4 (CLOCK_ROOT)    net (fo=240101, routed)      4.687     5.223    i_carfield/i_cheshire_wrap/i_cheshire_ext_llc_cdc_src/i_cdc_fifo_gray_src_ar/host_clk_i
    SLR Crossing[2->0]   
    SLICE_X9Y33          FDRE                                         r  i_carfield/i_cheshire_wrap/i_cheshire_ext_llc_cdc_src/i_cdc_fifo_gray_src_ar/gen_word[7].data_q_reg[7][addr][17]/C
  -------------------------------------------------------------------    -------------------
    SLICE_X9Y33          FDRE (Prop_EFF_SLICEL_C_Q)
                                                      0.079     5.302 r  i_carfield/i_cheshire_wrap/i_cheshire_ext_llc_cdc_src/i_cdc_fifo_gray_src_ar/gen_word[7].data_q_reg[7][addr][17]/Q
                         net (fo=1, routed)          24.637    29.939    i_carfield/i_cheshire_wrap/i_cheshire_ext_llc_cdc_src/i_cdc_fifo_gray_src_ar/llc_ar_data[707]
    SLICE_X9Y33          LUT6 (Prop_C6LUT_SLICEL_I0_O)
                                                      0.096    30.035 r  i_carfield/i_cheshire_wrap/i_cheshire_ext_llc_cdc_src/i_cdc_fifo_gray_src_ar/gen_spill_reg.a_data_q[addr][17]_i_3__24/O
                         net (fo=1, routed)           0.010    30.045    i_carfield/i_cheshire_wrap/i_cheshire_ext_llc_cdc_src/i_cdc_fifo_gray_src_ar/gen_spill_reg.a_data_q[addr][17]_i_3__24_n_2
    SLICE_X9Y33          MUXF7 (Prop_F7MUX_CD_SLICEL_I1_O)
                                                      0.064    30.109 r  i_carfield/i_cheshire_wrap/i_cheshire_ext_llc_cdc_src/i_cdc_fifo_gray_src_ar/gen_spill_reg.a_data_q_reg[addr][17]_i_1__11/O
                         net (fo=1, routed)           0.031    30.140    i_carfield/i_hyperbus_wrap/i_hyper_cdc_dst/i_cdc_fifo_gray_dst_ar/i_spill_register/spill_register_flushable_i/gen_spill_reg.a_data_q_reg[addr][32]_0[17]
    SLICE_X9Y33          FDCE                                         r  i_carfield/i_hyperbus_wrap/i_hyper_cdc_dst/i_cdc_fifo_gray_dst_ar/i_spill_register/spill_register_flushable_i/gen_spill_reg.a_data_q_reg[addr][17]/D
  -------------------------------------------------------------------    -------------------

                         max delay                    0.000     0.000    
    E12                  IBUFCTRL                     0.000     0.000 r  u_ibufg_sys_clk/IBUFCTRL_INST/O
                         net (fo=1, routed)           0.333     0.333    i_xlnx_clk_wiz/inst/clk_in1
    MMCM_X1Y12           MMCME4_ADV (Prop_MMCM_CLKIN1_CLKOUT3)
                                                      0.630     0.963 r  i_xlnx_clk_wiz/inst/mmcme4_adv_inst/CLKOUT3
                         net (fo=1, routed)           0.225     1.188    i_xlnx_clk_wiz/inst/clk_10_xlnx_clk_wiz
    BUFGCE_X1Y311        BUFGCE (Prop_BUFCE_BUFGCE_I_O)
                                                      0.024     1.212 r  i_xlnx_clk_wiz/inst/clkout4_buf/O
                         net (fo=64, routed)          4.140     5.352    i_carfield/gen_domain_clock_mux[0].i_clk_mux/clks_i[2]
    SLR Crossing[2->1]   
    SLICE_X118Y302       LUT5 (Prop_G6LUT_SLICEL_I1_O)
                                                      0.057     5.409 r  i_carfield/gen_domain_clock_mux[0].i_clk_mux/clk_o_INST_0/O
                         net (fo=1, routed)           0.943     6.352    i_carfield/gen_domain_clock_mux[0].i_clk_mux/clk_o
    SLR Crossing[1->0]   
    BUFGCE_X1Y84         BUFGCE (Prop_BUFCE_BUFGCE_I_O)
                                                      0.024     6.376 r  i_carfield/gen_domain_clock_mux[0].i_clk_mux/clk_o_BUFG_inst/O
                         net (fo=115, routed)         2.627     9.003    i_carfield/gen_domain_clock_mux[0].i_clk_div/clk_o
    SLR Crossing[0->1]   
    SLICE_X61Y300        LUT5 (Prop_G6LUT_SLICEL_I3_O)
                                                      0.057     9.060 r  i_carfield/gen_domain_clock_mux[0].i_clk_div/n_1_1099782_BUFG_inst_i_1/O
                         net (fo=2, routed)           0.064     9.124    i_carfield/i_hyper_clk_div/n_1_1099782_BUFG_inst_n_2
    SLICE_X61Y300        LUT5 (Prop_E6LUT_SLICEL_I3_O)
                                                      0.082     9.206 r  i_carfield/i_hyper_clk_div/hyp_clk_BUFG_inst_i_1/O
                         net (fo=1, routed)           1.527    10.733    i_carfield/hyp_clk
    SLR Crossing[1->0]   
    BUFGCE_X0Y39         BUFGCE (Prop_BUFCE_BUFGCE_I_O)
                                                      0.024    10.757 r  i_carfield/hyp_clk_BUFG_inst/O
    X1Y2 (CLOCK_ROOT)    net (fo=1287, routed)        1.844    12.601    i_carfield/i_hyperbus_wrap/i_hyper_cdc_dst/i_cdc_fifo_gray_dst_ar/i_spill_register/spill_register_flushable_i/hyp_clk_BUFG
    SLICE_X9Y33          FDCE                                         r  i_carfield/i_hyperbus_wrap/i_hyper_cdc_dst/i_cdc_fifo_gray_dst_ar/i_spill_register/spill_register_flushable_i/gen_spill_reg.a_data_q_reg[addr][17]/C
                         clock pessimism             -0.706    11.895    
                         inter-SLR compensation      -1.746    10.149    
                         clock uncertainty           -0.226     9.924    
    SLICE_X9Y33          FDCE (Setup_DFF_SLICEL_C_D)
                                                      0.025     9.949    i_carfield/i_hyperbus_wrap/i_hyper_cdc_dst/i_cdc_fifo_gray_dst_ar/i_spill_register/spill_register_flushable_i/gen_spill_reg.a_data_q_reg[addr][17]
  -------------------------------------------------------------------
                         required time                          9.949    
                         arrival time                         -30.140    
  -------------------------------------------------------------------
                         slack                                -20.191    

Slack (VIOLATED) :        -20.191ns  (required time - arrival time)
  Source:                 i_carfield/i_cheshire_wrap/i_cheshire_ext_llc_cdc_src/i_cdc_fifo_gray_src_ar/gen_word[7].data_q_reg[7][addr][17]/C
                            (rising edge-triggered cell FDRE clocked by clk_50_xlnx_clk_wiz  {rise@0.000ns fall@10.000ns period=20.000ns})
  Destination:            i_carfield/i_hyperbus_wrap/i_hyper_cdc_dst/i_cdc_fifo_gray_dst_ar/i_spill_register/spill_register_flushable_i/gen_spill_reg.a_data_q_reg[addr][17]/D
                            (rising edge-triggered cell FDCE clocked by periph_domain_clk  {rise@0.000ns fall@50.000ns period=100.000ns})
  Path Group:             periph_domain_clk
  Path Type:              Setup (Max at Slow Process Corner)
  Requirement:            0.000ns  (MaxDelay Path 0.000ns)
  Data Path Delay:        24.917ns  (logic 0.239ns (0.959%)  route 24.678ns (99.041%))
  Logic Levels:           2  (LUT6=1 MUXF7=1)
  Clock Path Skew:        6.672ns (DCD - SCD + CPR)
    Destination Clock Delay (DCD):    12.601ns
    Source Clock Delay      (SCD):    5.223ns
    Clock Pessimism Removal (CPR):    -0.706ns
  Clock Uncertainty:      0.226ns  ((TSJ^2 + DJ^2)^1/2) / 2 + PE
    Total System Jitter     (TSJ):    0.071ns
    Discrete Jitter          (DJ):    0.199ns
    Phase Error              (PE):    0.120ns
  Inter-SLR Compensation: 1.746ns  ((DCD - CCD) * PF)
    Destination Clock Delay (DCD):    12.601ns
    Common Clock Delay      (CCD):    0.963ns
    Prorating Factor         (PF):    0.150
  Clock Net Delay (Source):      4.687ns (routing 2.719ns, distribution 1.968ns)
  Clock Net Delay (Destination): 1.844ns (routing 0.617ns, distribution 1.227ns)
  Timing Exception:       MaxDelay Path 0.000ns

    Location             Delay type                Incr(ns)  Path(ns)    Netlist Resource(s)
  -------------------------------------------------------------------    -------------------
                         (clock clk_50_xlnx_clk_wiz rise edge)
                                                      0.000     0.000 r  
    E12                  IBUFCTRL                     0.000     0.000 r  u_ibufg_sys_clk/IBUFCTRL_INST/O
                         net (fo=1, routed)           0.384     0.384    i_xlnx_clk_wiz/inst/clk_in1
    MMCM_X1Y12           MMCME4_ADV (Prop_MMCM_CLKIN1_CLKOUT1)
                                                     -0.127     0.257 r  i_xlnx_clk_wiz/inst/mmcme4_adv_inst/CLKOUT1
                         net (fo=1, routed)           0.251     0.508    i_xlnx_clk_wiz/inst/clk_50_xlnx_clk_wiz
    BUFGCE_X1Y298        BUFGCE (Prop_BUFCE_BUFGCE_I_O)
                                                      0.028     0.536 r  i_xlnx_clk_wiz/inst/clkout2_buf/O
    X2Y4 (CLOCK_ROOT)    net (fo=240101, routed)      4.687     5.223    i_carfield/i_cheshire_wrap/i_cheshire_ext_llc_cdc_src/i_cdc_fifo_gray_src_ar/host_clk_i
    SLR Crossing[2->0]   
    SLICE_X9Y33          FDRE                                         r  i_carfield/i_cheshire_wrap/i_cheshire_ext_llc_cdc_src/i_cdc_fifo_gray_src_ar/gen_word[7].data_q_reg[7][addr][17]/C
  -------------------------------------------------------------------    -------------------
    SLICE_X9Y33          FDRE (Prop_EFF_SLICEL_C_Q)
                                                      0.079     5.302 f  i_carfield/i_cheshire_wrap/i_cheshire_ext_llc_cdc_src/i_cdc_fifo_gray_src_ar/gen_word[7].data_q_reg[7][addr][17]/Q
                         net (fo=1, routed)          24.637    29.939    i_carfield/i_cheshire_wrap/i_cheshire_ext_llc_cdc_src/i_cdc_fifo_gray_src_ar/llc_ar_data[707]
    SLICE_X9Y33          LUT6 (Prop_C6LUT_SLICEL_I0_O)
                                                      0.096    30.035 f  i_carfield/i_cheshire_wrap/i_cheshire_ext_llc_cdc_src/i_cdc_fifo_gray_src_ar/gen_spill_reg.a_data_q[addr][17]_i_3__24/O
                         net (fo=1, routed)           0.010    30.045    i_carfield/i_cheshire_wrap/i_cheshire_ext_llc_cdc_src/i_cdc_fifo_gray_src_ar/gen_spill_reg.a_data_q[addr][17]_i_3__24_n_2
    SLICE_X9Y33          MUXF7 (Prop_F7MUX_CD_SLICEL_I1_O)
                                                      0.064    30.109 f  i_carfield/i_cheshire_wrap/i_cheshire_ext_llc_cdc_src/i_cdc_fifo_gray_src_ar/gen_spill_reg.a_data_q_reg[addr][17]_i_1__11/O
                         net (fo=1, routed)           0.031    30.140    i_carfield/i_hyperbus_wrap/i_hyper_cdc_dst/i_cdc_fifo_gray_dst_ar/i_spill_register/spill_register_flushable_i/gen_spill_reg.a_data_q_reg[addr][32]_0[17]
    SLICE_X9Y33          FDCE                                         f  i_carfield/i_hyperbus_wrap/i_hyper_cdc_dst/i_cdc_fifo_gray_dst_ar/i_spill_register/spill_register_flushable_i/gen_spill_reg.a_data_q_reg[addr][17]/D
  -------------------------------------------------------------------    -------------------

                         max delay                    0.000     0.000    
    E12                  IBUFCTRL                     0.000     0.000 r  u_ibufg_sys_clk/IBUFCTRL_INST/O
                         net (fo=1, routed)           0.333     0.333    i_xlnx_clk_wiz/inst/clk_in1
    MMCM_X1Y12           MMCME4_ADV (Prop_MMCM_CLKIN1_CLKOUT3)
                                                      0.630     0.963 r  i_xlnx_clk_wiz/inst/mmcme4_adv_inst/CLKOUT3
                         net (fo=1, routed)           0.225     1.188    i_xlnx_clk_wiz/inst/clk_10_xlnx_clk_wiz
    BUFGCE_X1Y311        BUFGCE (Prop_BUFCE_BUFGCE_I_O)
                                                      0.024     1.212 r  i_xlnx_clk_wiz/inst/clkout4_buf/O
                         net (fo=64, routed)          4.140     5.352    i_carfield/gen_domain_clock_mux[0].i_clk_mux/clks_i[2]
    SLR Crossing[2->1]   
    SLICE_X118Y302       LUT5 (Prop_G6LUT_SLICEL_I1_O)
                                                      0.057     5.409 r  i_carfield/gen_domain_clock_mux[0].i_clk_mux/clk_o_INST_0/O
                         net (fo=1, routed)           0.943     6.352    i_carfield/gen_domain_clock_mux[0].i_clk_mux/clk_o
    SLR Crossing[1->0]   
    BUFGCE_X1Y84         BUFGCE (Prop_BUFCE_BUFGCE_I_O)
                                                      0.024     6.376 r  i_carfield/gen_domain_clock_mux[0].i_clk_mux/clk_o_BUFG_inst/O
                         net (fo=115, routed)         2.627     9.003    i_carfield/gen_domain_clock_mux[0].i_clk_div/clk_o
    SLR Crossing[0->1]   
    SLICE_X61Y300        LUT5 (Prop_G6LUT_SLICEL_I3_O)
                                                      0.057     9.060 r  i_carfield/gen_domain_clock_mux[0].i_clk_div/n_1_1099782_BUFG_inst_i_1/O
                         net (fo=2, routed)           0.064     9.124    i_carfield/i_hyper_clk_div/n_1_1099782_BUFG_inst_n_2
    SLICE_X61Y300        LUT5 (Prop_E6LUT_SLICEL_I3_O)
                                                      0.082     9.206 r  i_carfield/i_hyper_clk_div/hyp_clk_BUFG_inst_i_1/O
                         net (fo=1, routed)           1.527    10.733    i_carfield/hyp_clk
    SLR Crossing[1->0]   
    BUFGCE_X0Y39         BUFGCE (Prop_BUFCE_BUFGCE_I_O)
                                                      0.024    10.757 r  i_carfield/hyp_clk_BUFG_inst/O
    X1Y2 (CLOCK_ROOT)    net (fo=1287, routed)        1.844    12.601    i_carfield/i_hyperbus_wrap/i_hyper_cdc_dst/i_cdc_fifo_gray_dst_ar/i_spill_register/spill_register_flushable_i/hyp_clk_BUFG
    SLICE_X9Y33          FDCE                                         r  i_carfield/i_hyperbus_wrap/i_hyper_cdc_dst/i_cdc_fifo_gray_dst_ar/i_spill_register/spill_register_flushable_i/gen_spill_reg.a_data_q_reg[addr][17]/C
                         clock pessimism             -0.706    11.895    
                         inter-SLR compensation      -1.746    10.149    
                         clock uncertainty           -0.226     9.924    
    SLICE_X9Y33          FDCE (Setup_DFF_SLICEL_C_D)
                                                      0.025     9.949    i_carfield/i_hyperbus_wrap/i_hyper_cdc_dst/i_cdc_fifo_gray_dst_ar/i_spill_register/spill_register_flushable_i/gen_spill_reg.a_data_q_reg[addr][17]
  -------------------------------------------------------------------
                         required time                          9.949    
                         arrival time                         -30.140    
  -------------------------------------------------------------------
                         slack                                -20.191    

Slack (VIOLATED) :        -20.081ns  (required time - arrival time)
  Source:                 i_carfield/i_cheshire_wrap/i_cheshire_ext_llc_cdc_src/i_cdc_fifo_gray_src_ar/gen_word[4].data_q_reg[4][addr][14]/C
                            (rising edge-triggered cell FDRE clocked by clk_50_xlnx_clk_wiz  {rise@0.000ns fall@10.000ns period=20.000ns})
  Destination:            i_carfield/i_hyperbus_wrap/i_hyper_cdc_dst/i_cdc_fifo_gray_dst_ar/i_spill_register/spill_register_flushable_i/gen_spill_reg.a_data_q_reg[addr][14]/D
                            (rising edge-triggered cell FDCE clocked by periph_domain_clk  {rise@0.000ns fall@50.000ns period=100.000ns})
  Path Group:             periph_domain_clk
  Path Type:              Setup (Max at Slow Process Corner)
  Requirement:            0.000ns  (MaxDelay Path 0.000ns)
  Data Path Delay:        24.767ns  (logic 0.182ns (0.735%)  route 24.585ns (99.265%))
  Logic Levels:           2  (LUT6=1 MUXF7=1)
  Clock Path Skew:        6.634ns (DCD - SCD + CPR)
    Destination Clock Delay (DCD):    12.615ns
    Source Clock Delay      (SCD):    5.275ns
    Clock Pessimism Removal (CPR):    -0.706ns
  Clock Uncertainty:      0.226ns  ((TSJ^2 + DJ^2)^1/2) / 2 + PE
    Total System Jitter     (TSJ):    0.071ns
    Discrete Jitter          (DJ):    0.199ns
    Phase Error              (PE):    0.120ns
  Inter-SLR Compensation: 1.748ns  ((DCD - CCD) * PF)
    Destination Clock Delay (DCD):    12.615ns
    Common Clock Delay      (CCD):    0.963ns
    Prorating Factor         (PF):    0.150
  Clock Net Delay (Source):      4.739ns (routing 2.719ns, distribution 2.020ns)
  Clock Net Delay (Destination): 1.858ns (routing 0.617ns, distribution 1.241ns)
  Timing Exception:       MaxDelay Path 0.000ns

    Location             Delay type                Incr(ns)  Path(ns)    Netlist Resource(s)
  -------------------------------------------------------------------    -------------------
                         (clock clk_50_xlnx_clk_wiz rise edge)
                                                      0.000     0.000 r  
    E12                  IBUFCTRL                     0.000     0.000 r  u_ibufg_sys_clk/IBUFCTRL_INST/O
                         net (fo=1, routed)           0.384     0.384    i_xlnx_clk_wiz/inst/clk_in1
    MMCM_X1Y12           MMCME4_ADV (Prop_MMCM_CLKIN1_CLKOUT1)
                                                     -0.127     0.257 r  i_xlnx_clk_wiz/inst/mmcme4_adv_inst/CLKOUT1
                         net (fo=1, routed)           0.251     0.508    i_xlnx_clk_wiz/inst/clk_50_xlnx_clk_wiz
    BUFGCE_X1Y298        BUFGCE (Prop_BUFCE_BUFGCE_I_O)
                                                      0.028     0.536 r  i_xlnx_clk_wiz/inst/clkout2_buf/O
    X2Y4 (CLOCK_ROOT)    net (fo=240101, routed)      4.739     5.275    i_carfield/i_cheshire_wrap/i_cheshire_ext_llc_cdc_src/i_cdc_fifo_gray_src_ar/host_clk_i
    SLR Crossing[2->0]   
    SLICE_X4Y40          FDRE                                         r  i_carfield/i_cheshire_wrap/i_cheshire_ext_llc_cdc_src/i_cdc_fifo_gray_src_ar/gen_word[4].data_q_reg[4][addr][14]/C
  -------------------------------------------------------------------    -------------------
    SLICE_X4Y40          FDRE (Prop_AFF_SLICEM_C_Q)
                                                      0.077     5.352 r  i_carfield/i_cheshire_wrap/i_cheshire_ext_llc_cdc_src/i_cdc_fifo_gray_src_ar/gen_word[4].data_q_reg[4][addr][14]/Q
                         net (fo=1, routed)          24.532    29.884    i_carfield/i_cheshire_wrap/i_cheshire_ext_llc_cdc_src/i_cdc_fifo_gray_src_ar/llc_ar_data[425]
    SLICE_X4Y39          LUT6 (Prop_C6LUT_SLICEM_I5_O)
                                                      0.037    29.921 r  i_carfield/i_cheshire_wrap/i_cheshire_ext_llc_cdc_src/i_cdc_fifo_gray_src_ar/gen_spill_reg.a_data_q[addr][14]_i_3__24/O
                         net (fo=1, routed)           0.021    29.942    i_carfield/i_cheshire_wrap/i_cheshire_ext_llc_cdc_src/i_cdc_fifo_gray_src_ar/gen_spill_reg.a_data_q[addr][14]_i_3__24_n_2
    SLICE_X4Y39          MUXF7 (Prop_F7MUX_CD_SLICEM_I1_O)
                                                      0.068    30.010 r  i_carfield/i_cheshire_wrap/i_cheshire_ext_llc_cdc_src/i_cdc_fifo_gray_src_ar/gen_spill_reg.a_data_q_reg[addr][14]_i_1__11/O
                         net (fo=1, routed)           0.032    30.042    i_carfield/i_hyperbus_wrap/i_hyper_cdc_dst/i_cdc_fifo_gray_dst_ar/i_spill_register/spill_register_flushable_i/gen_spill_reg.a_data_q_reg[addr][32]_0[14]
    SLICE_X4Y39          FDCE                                         r  i_carfield/i_hyperbus_wrap/i_hyper_cdc_dst/i_cdc_fifo_gray_dst_ar/i_spill_register/spill_register_flushable_i/gen_spill_reg.a_data_q_reg[addr][14]/D
  -------------------------------------------------------------------    -------------------

                         max delay                    0.000     0.000    
    E12                  IBUFCTRL                     0.000     0.000 r  u_ibufg_sys_clk/IBUFCTRL_INST/O
                         net (fo=1, routed)           0.333     0.333    i_xlnx_clk_wiz/inst/clk_in1
    MMCM_X1Y12           MMCME4_ADV (Prop_MMCM_CLKIN1_CLKOUT3)
                                                      0.630     0.963 r  i_xlnx_clk_wiz/inst/mmcme4_adv_inst/CLKOUT3
                         net (fo=1, routed)           0.225     1.188    i_xlnx_clk_wiz/inst/clk_10_xlnx_clk_wiz
    BUFGCE_X1Y311        BUFGCE (Prop_BUFCE_BUFGCE_I_O)
                                                      0.024     1.212 r  i_xlnx_clk_wiz/inst/clkout4_buf/O
                         net (fo=64, routed)          4.140     5.352    i_carfield/gen_domain_clock_mux[0].i_clk_mux/clks_i[2]
    SLR Crossing[2->1]   
    SLICE_X118Y302       LUT5 (Prop_G6LUT_SLICEL_I1_O)
                                                      0.057     5.409 r  i_carfield/gen_domain_clock_mux[0].i_clk_mux/clk_o_INST_0/O
                         net (fo=1, routed)           0.943     6.352    i_carfield/gen_domain_clock_mux[0].i_clk_mux/clk_o
    SLR Crossing[1->0]   
    BUFGCE_X1Y84         BUFGCE (Prop_BUFCE_BUFGCE_I_O)
                                                      0.024     6.376 r  i_carfield/gen_domain_clock_mux[0].i_clk_mux/clk_o_BUFG_inst/O
                         net (fo=115, routed)         2.627     9.003    i_carfield/gen_domain_clock_mux[0].i_clk_div/clk_o
    SLR Crossing[0->1]   
    SLICE_X61Y300        LUT5 (Prop_G6LUT_SLICEL_I3_O)
                                                      0.057     9.060 r  i_carfield/gen_domain_clock_mux[0].i_clk_div/n_1_1099782_BUFG_inst_i_1/O
                         net (fo=2, routed)           0.064     9.124    i_carfield/i_hyper_clk_div/n_1_1099782_BUFG_inst_n_2
    SLICE_X61Y300        LUT5 (Prop_E6LUT_SLICEL_I3_O)
                                                      0.082     9.206 r  i_carfield/i_hyper_clk_div/hyp_clk_BUFG_inst_i_1/O
                         net (fo=1, routed)           1.527    10.733    i_carfield/hyp_clk
    SLR Crossing[1->0]   
    BUFGCE_X0Y39         BUFGCE (Prop_BUFCE_BUFGCE_I_O)
                                                      0.024    10.757 r  i_carfield/hyp_clk_BUFG_inst/O
    X1Y2 (CLOCK_ROOT)    net (fo=1287, routed)        1.858    12.615    i_carfield/i_hyperbus_wrap/i_hyper_cdc_dst/i_cdc_fifo_gray_dst_ar/i_spill_register/spill_register_flushable_i/hyp_clk_BUFG
    SLICE_X4Y39          FDCE                                         r  i_carfield/i_hyperbus_wrap/i_hyper_cdc_dst/i_cdc_fifo_gray_dst_ar/i_spill_register/spill_register_flushable_i/gen_spill_reg.a_data_q_reg[addr][14]/C
                         clock pessimism             -0.706    11.909    
                         inter-SLR compensation      -1.748    10.161    
                         clock uncertainty           -0.226     9.936    
    SLICE_X4Y39          FDCE (Setup_DFF_SLICEM_C_D)
                                                      0.025     9.961    i_carfield/i_hyperbus_wrap/i_hyper_cdc_dst/i_cdc_fifo_gray_dst_ar/i_spill_register/spill_register_flushable_i/gen_spill_reg.a_data_q_reg[addr][14]
  -------------------------------------------------------------------
                         required time                          9.961    
                         arrival time                         -30.042    
  -------------------------------------------------------------------
                         slack                                -20.081    

Slack (VIOLATED) :        -20.081ns  (required time - arrival time)
  Source:                 i_carfield/i_cheshire_wrap/i_cheshire_ext_llc_cdc_src/i_cdc_fifo_gray_src_ar/gen_word[4].data_q_reg[4][addr][14]/C
                            (rising edge-triggered cell FDRE clocked by clk_50_xlnx_clk_wiz  {rise@0.000ns fall@10.000ns period=20.000ns})
  Destination:            i_carfield/i_hyperbus_wrap/i_hyper_cdc_dst/i_cdc_fifo_gray_dst_ar/i_spill_register/spill_register_flushable_i/gen_spill_reg.a_data_q_reg[addr][14]/D
                            (rising edge-triggered cell FDCE clocked by periph_domain_clk  {rise@0.000ns fall@50.000ns period=100.000ns})
  Path Group:             periph_domain_clk
  Path Type:              Setup (Max at Slow Process Corner)
  Requirement:            0.000ns  (MaxDelay Path 0.000ns)
  Data Path Delay:        24.767ns  (logic 0.182ns (0.735%)  route 24.585ns (99.265%))
  Logic Levels:           2  (LUT6=1 MUXF7=1)
  Clock Path Skew:        6.634ns (DCD - SCD + CPR)
    Destination Clock Delay (DCD):    12.615ns
    Source Clock Delay      (SCD):    5.275ns
    Clock Pessimism Removal (CPR):    -0.706ns
  Clock Uncertainty:      0.226ns  ((TSJ^2 + DJ^2)^1/2) / 2 + PE
    Total System Jitter     (TSJ):    0.071ns
    Discrete Jitter          (DJ):    0.199ns
    Phase Error              (PE):    0.120ns
  Inter-SLR Compensation: 1.748ns  ((DCD - CCD) * PF)
    Destination Clock Delay (DCD):    12.615ns
    Common Clock Delay      (CCD):    0.963ns
    Prorating Factor         (PF):    0.150
  Clock Net Delay (Source):      4.739ns (routing 2.719ns, distribution 2.020ns)
  Clock Net Delay (Destination): 1.858ns (routing 0.617ns, distribution 1.241ns)
  Timing Exception:       MaxDelay Path 0.000ns

    Location             Delay type                Incr(ns)  Path(ns)    Netlist Resource(s)
  -------------------------------------------------------------------    -------------------
                         (clock clk_50_xlnx_clk_wiz rise edge)
                                                      0.000     0.000 r  
    E12                  IBUFCTRL                     0.000     0.000 r  u_ibufg_sys_clk/IBUFCTRL_INST/O
                         net (fo=1, routed)           0.384     0.384    i_xlnx_clk_wiz/inst/clk_in1
    MMCM_X1Y12           MMCME4_ADV (Prop_MMCM_CLKIN1_CLKOUT1)
                                                     -0.127     0.257 r  i_xlnx_clk_wiz/inst/mmcme4_adv_inst/CLKOUT1
                         net (fo=1, routed)           0.251     0.508    i_xlnx_clk_wiz/inst/clk_50_xlnx_clk_wiz
    BUFGCE_X1Y298        BUFGCE (Prop_BUFCE_BUFGCE_I_O)
                                                      0.028     0.536 r  i_xlnx_clk_wiz/inst/clkout2_buf/O
    X2Y4 (CLOCK_ROOT)    net (fo=240101, routed)      4.739     5.275    i_carfield/i_cheshire_wrap/i_cheshire_ext_llc_cdc_src/i_cdc_fifo_gray_src_ar/host_clk_i
    SLR Crossing[2->0]   
    SLICE_X4Y40          FDRE                                         r  i_carfield/i_cheshire_wrap/i_cheshire_ext_llc_cdc_src/i_cdc_fifo_gray_src_ar/gen_word[4].data_q_reg[4][addr][14]/C
  -------------------------------------------------------------------    -------------------
    SLICE_X4Y40          FDRE (Prop_AFF_SLICEM_C_Q)
                                                      0.077     5.352 f  i_carfield/i_cheshire_wrap/i_cheshire_ext_llc_cdc_src/i_cdc_fifo_gray_src_ar/gen_word[4].data_q_reg[4][addr][14]/Q
                         net (fo=1, routed)          24.532    29.884    i_carfield/i_cheshire_wrap/i_cheshire_ext_llc_cdc_src/i_cdc_fifo_gray_src_ar/llc_ar_data[425]
    SLICE_X4Y39          LUT6 (Prop_C6LUT_SLICEM_I5_O)
                                                      0.037    29.921 f  i_carfield/i_cheshire_wrap/i_cheshire_ext_llc_cdc_src/i_cdc_fifo_gray_src_ar/gen_spill_reg.a_data_q[addr][14]_i_3__24/O
                         net (fo=1, routed)           0.021    29.942    i_carfield/i_cheshire_wrap/i_cheshire_ext_llc_cdc_src/i_cdc_fifo_gray_src_ar/gen_spill_reg.a_data_q[addr][14]_i_3__24_n_2
    SLICE_X4Y39          MUXF7 (Prop_F7MUX_CD_SLICEM_I1_O)
                                                      0.068    30.010 f  i_carfield/i_cheshire_wrap/i_cheshire_ext_llc_cdc_src/i_cdc_fifo_gray_src_ar/gen_spill_reg.a_data_q_reg[addr][14]_i_1__11/O
                         net (fo=1, routed)           0.032    30.042    i_carfield/i_hyperbus_wrap/i_hyper_cdc_dst/i_cdc_fifo_gray_dst_ar/i_spill_register/spill_register_flushable_i/gen_spill_reg.a_data_q_reg[addr][32]_0[14]
    SLICE_X4Y39          FDCE                                         f  i_carfield/i_hyperbus_wrap/i_hyper_cdc_dst/i_cdc_fifo_gray_dst_ar/i_spill_register/spill_register_flushable_i/gen_spill_reg.a_data_q_reg[addr][14]/D
  -------------------------------------------------------------------    -------------------

                         max delay                    0.000     0.000    
    E12                  IBUFCTRL                     0.000     0.000 r  u_ibufg_sys_clk/IBUFCTRL_INST/O
                         net (fo=1, routed)           0.333     0.333    i_xlnx_clk_wiz/inst/clk_in1
    MMCM_X1Y12           MMCME4_ADV (Prop_MMCM_CLKIN1_CLKOUT3)
                                                      0.630     0.963 r  i_xlnx_clk_wiz/inst/mmcme4_adv_inst/CLKOUT3
                         net (fo=1, routed)           0.225     1.188    i_xlnx_clk_wiz/inst/clk_10_xlnx_clk_wiz
    BUFGCE_X1Y311        BUFGCE (Prop_BUFCE_BUFGCE_I_O)
                                                      0.024     1.212 r  i_xlnx_clk_wiz/inst/clkout4_buf/O
                         net (fo=64, routed)          4.140     5.352    i_carfield/gen_domain_clock_mux[0].i_clk_mux/clks_i[2]
    SLR Crossing[2->1]   
    SLICE_X118Y302       LUT5 (Prop_G6LUT_SLICEL_I1_O)
                                                      0.057     5.409 r  i_carfield/gen_domain_clock_mux[0].i_clk_mux/clk_o_INST_0/O
                         net (fo=1, routed)           0.943     6.352    i_carfield/gen_domain_clock_mux[0].i_clk_mux/clk_o
    SLR Crossing[1->0]   
    BUFGCE_X1Y84         BUFGCE (Prop_BUFCE_BUFGCE_I_O)
                                                      0.024     6.376 r  i_carfield/gen_domain_clock_mux[0].i_clk_mux/clk_o_BUFG_inst/O
                         net (fo=115, routed)         2.627     9.003    i_carfield/gen_domain_clock_mux[0].i_clk_div/clk_o
    SLR Crossing[0->1]   
    SLICE_X61Y300        LUT5 (Prop_G6LUT_SLICEL_I3_O)
                                                      0.057     9.060 r  i_carfield/gen_domain_clock_mux[0].i_clk_div/n_1_1099782_BUFG_inst_i_1/O
                         net (fo=2, routed)           0.064     9.124    i_carfield/i_hyper_clk_div/n_1_1099782_BUFG_inst_n_2
    SLICE_X61Y300        LUT5 (Prop_E6LUT_SLICEL_I3_O)
                                                      0.082     9.206 r  i_carfield/i_hyper_clk_div/hyp_clk_BUFG_inst_i_1/O
                         net (fo=1, routed)           1.527    10.733    i_carfield/hyp_clk
    SLR Crossing[1->0]   
    BUFGCE_X0Y39         BUFGCE (Prop_BUFCE_BUFGCE_I_O)
                                                      0.024    10.757 r  i_carfield/hyp_clk_BUFG_inst/O
    X1Y2 (CLOCK_ROOT)    net (fo=1287, routed)        1.858    12.615    i_carfield/i_hyperbus_wrap/i_hyper_cdc_dst/i_cdc_fifo_gray_dst_ar/i_spill_register/spill_register_flushable_i/hyp_clk_BUFG
    SLICE_X4Y39          FDCE                                         r  i_carfield/i_hyperbus_wrap/i_hyper_cdc_dst/i_cdc_fifo_gray_dst_ar/i_spill_register/spill_register_flushable_i/gen_spill_reg.a_data_q_reg[addr][14]/C
                         clock pessimism             -0.706    11.909    
                         inter-SLR compensation      -1.748    10.161    
                         clock uncertainty           -0.226     9.936    
    SLICE_X4Y39          FDCE (Setup_DFF_SLICEM_C_D)
                                                      0.025     9.961    i_carfield/i_hyperbus_wrap/i_hyper_cdc_dst/i_cdc_fifo_gray_dst_ar/i_spill_register/spill_register_flushable_i/gen_spill_reg.a_data_q_reg[addr][14]
  -------------------------------------------------------------------
                         required time                          9.961    
                         arrival time                         -30.042    
  -------------------------------------------------------------------
                         slack                                -20.081    

Slack (VIOLATED) :        -19.828ns  (required time - arrival time)
  Source:                 i_carfield/i_cheshire_wrap/i_cheshire_ext_llc_cdc_src/i_cdc_fifo_gray_src_ar/gen_word[4].data_q_reg[4][addr][27]/C
                            (rising edge-triggered cell FDRE clocked by clk_50_xlnx_clk_wiz  {rise@0.000ns fall@10.000ns period=20.000ns})
  Destination:            i_carfield/i_hyperbus_wrap/i_hyper_cdc_dst/i_cdc_fifo_gray_dst_ar/i_spill_register/spill_register_flushable_i/gen_spill_reg.a_data_q_reg[addr][27]/D
                            (rising edge-triggered cell FDCE clocked by periph_domain_clk  {rise@0.000ns fall@50.000ns period=100.000ns})
  Path Group:             periph_domain_clk
  Path Type:              Setup (Max at Slow Process Corner)
  Requirement:            0.000ns  (MaxDelay Path 0.000ns)
  Data Path Delay:        24.542ns  (logic 0.289ns (1.178%)  route 24.253ns (98.822%))
  Logic Levels:           2  (LUT6=1 MUXF7=1)
  Clock Path Skew:        6.658ns (DCD - SCD + CPR)
    Destination Clock Delay (DCD):    12.583ns
    Source Clock Delay      (SCD):    5.219ns
    Clock Pessimism Removal (CPR):    -0.706ns
  Clock Uncertainty:      0.226ns  ((TSJ^2 + DJ^2)^1/2) / 2 + PE
    Total System Jitter     (TSJ):    0.071ns
    Discrete Jitter          (DJ):    0.199ns
    Phase Error              (PE):    0.120ns
  Inter-SLR Compensation: 1.743ns  ((DCD - CCD) * PF)
    Destination Clock Delay (DCD):    12.583ns
    Common Clock Delay      (CCD):    0.963ns
    Prorating Factor         (PF):    0.150
  Clock Net Delay (Source):      4.683ns (routing 2.719ns, distribution 1.964ns)
  Clock Net Delay (Destination): 1.826ns (routing 0.617ns, distribution 1.209ns)
  Timing Exception:       MaxDelay Path 0.000ns

    Location             Delay type                Incr(ns)  Path(ns)    Netlist Resource(s)
  -------------------------------------------------------------------    -------------------
                         (clock clk_50_xlnx_clk_wiz rise edge)
                                                      0.000     0.000 r  
    E12                  IBUFCTRL                     0.000     0.000 r  u_ibufg_sys_clk/IBUFCTRL_INST/O
                         net (fo=1, routed)           0.384     0.384    i_xlnx_clk_wiz/inst/clk_in1
    MMCM_X1Y12           MMCME4_ADV (Prop_MMCM_CLKIN1_CLKOUT1)
                                                     -0.127     0.257 r  i_xlnx_clk_wiz/inst/mmcme4_adv_inst/CLKOUT1
                         net (fo=1, routed)           0.251     0.508    i_xlnx_clk_wiz/inst/clk_50_xlnx_clk_wiz
    BUFGCE_X1Y298        BUFGCE (Prop_BUFCE_BUFGCE_I_O)
                                                      0.028     0.536 r  i_xlnx_clk_wiz/inst/clkout2_buf/O
    X2Y4 (CLOCK_ROOT)    net (fo=240101, routed)      4.683     5.219    i_carfield/i_cheshire_wrap/i_cheshire_ext_llc_cdc_src/i_cdc_fifo_gray_src_ar/host_clk_i
    SLR Crossing[2->0]   
    SLICE_X13Y38         FDRE                                         r  i_carfield/i_cheshire_wrap/i_cheshire_ext_llc_cdc_src/i_cdc_fifo_gray_src_ar/gen_word[4].data_q_reg[4][addr][27]/C
  -------------------------------------------------------------------    -------------------
    SLICE_X13Y38         FDRE (Prop_EFF2_SLICEM_C_Q)
                                                      0.079     5.298 r  i_carfield/i_cheshire_wrap/i_cheshire_ext_llc_cdc_src/i_cdc_fifo_gray_src_ar/gen_word[4].data_q_reg[4][addr][27]/Q
                         net (fo=1, routed)          24.212    29.510    i_carfield/i_cheshire_wrap/i_cheshire_ext_llc_cdc_src/i_cdc_fifo_gray_src_ar/llc_ar_data[438]
    SLICE_X12Y39         LUT6 (Prop_C6LUT_SLICEL_I5_O)
                                                      0.146    29.656 r  i_carfield/i_cheshire_wrap/i_cheshire_ext_llc_cdc_src/i_cdc_fifo_gray_src_ar/gen_spill_reg.a_data_q[addr][27]_i_3__24/O
                         net (fo=1, routed)           0.010    29.666    i_carfield/i_cheshire_wrap/i_cheshire_ext_llc_cdc_src/i_cdc_fifo_gray_src_ar/gen_spill_reg.a_data_q[addr][27]_i_3__24_n_2
    SLICE_X12Y39         MUXF7 (Prop_F7MUX_CD_SLICEL_I1_O)
                                                      0.064    29.730 r  i_carfield/i_cheshire_wrap/i_cheshire_ext_llc_cdc_src/i_cdc_fifo_gray_src_ar/gen_spill_reg.a_data_q_reg[addr][27]_i_1__11/O
                         net (fo=1, routed)           0.031    29.761    i_carfield/i_hyperbus_wrap/i_hyper_cdc_dst/i_cdc_fifo_gray_dst_ar/i_spill_register/spill_register_flushable_i/gen_spill_reg.a_data_q_reg[addr][32]_0[27]
    SLICE_X12Y39         FDCE                                         r  i_carfield/i_hyperbus_wrap/i_hyper_cdc_dst/i_cdc_fifo_gray_dst_ar/i_spill_register/spill_register_flushable_i/gen_spill_reg.a_data_q_reg[addr][27]/D
  -------------------------------------------------------------------    -------------------

                         max delay                    0.000     0.000    
    E12                  IBUFCTRL                     0.000     0.000 r  u_ibufg_sys_clk/IBUFCTRL_INST/O
                         net (fo=1, routed)           0.333     0.333    i_xlnx_clk_wiz/inst/clk_in1
    MMCM_X1Y12           MMCME4_ADV (Prop_MMCM_CLKIN1_CLKOUT3)
                                                      0.630     0.963 r  i_xlnx_clk_wiz/inst/mmcme4_adv_inst/CLKOUT3
                         net (fo=1, routed)           0.225     1.188    i_xlnx_clk_wiz/inst/clk_10_xlnx_clk_wiz
    BUFGCE_X1Y311        BUFGCE (Prop_BUFCE_BUFGCE_I_O)
                                                      0.024     1.212 r  i_xlnx_clk_wiz/inst/clkout4_buf/O
                         net (fo=64, routed)          4.140     5.352    i_carfield/gen_domain_clock_mux[0].i_clk_mux/clks_i[2]
    SLR Crossing[2->1]   
    SLICE_X118Y302       LUT5 (Prop_G6LUT_SLICEL_I1_O)
                                                      0.057     5.409 r  i_carfield/gen_domain_clock_mux[0].i_clk_mux/clk_o_INST_0/O
                         net (fo=1, routed)           0.943     6.352    i_carfield/gen_domain_clock_mux[0].i_clk_mux/clk_o
    SLR Crossing[1->0]   
    BUFGCE_X1Y84         BUFGCE (Prop_BUFCE_BUFGCE_I_O)
                                                      0.024     6.376 r  i_carfield/gen_domain_clock_mux[0].i_clk_mux/clk_o_BUFG_inst/O
                         net (fo=115, routed)         2.627     9.003    i_carfield/gen_domain_clock_mux[0].i_clk_div/clk_o
    SLR Crossing[0->1]   
    SLICE_X61Y300        LUT5 (Prop_G6LUT_SLICEL_I3_O)
                                                      0.057     9.060 r  i_carfield/gen_domain_clock_mux[0].i_clk_div/n_1_1099782_BUFG_inst_i_1/O
                         net (fo=2, routed)           0.064     9.124    i_carfield/i_hyper_clk_div/n_1_1099782_BUFG_inst_n_2
    SLICE_X61Y300        LUT5 (Prop_E6LUT_SLICEL_I3_O)
                                                      0.082     9.206 r  i_carfield/i_hyper_clk_div/hyp_clk_BUFG_inst_i_1/O
                         net (fo=1, routed)           1.527    10.733    i_carfield/hyp_clk
    SLR Crossing[1->0]   
    BUFGCE_X0Y39         BUFGCE (Prop_BUFCE_BUFGCE_I_O)
                                                      0.024    10.757 r  i_carfield/hyp_clk_BUFG_inst/O
    X1Y2 (CLOCK_ROOT)    net (fo=1287, routed)        1.826    12.583    i_carfield/i_hyperbus_wrap/i_hyper_cdc_dst/i_cdc_fifo_gray_dst_ar/i_spill_register/spill_register_flushable_i/hyp_clk_BUFG
    SLICE_X12Y39         FDCE                                         r  i_carfield/i_hyperbus_wrap/i_hyper_cdc_dst/i_cdc_fifo_gray_dst_ar/i_spill_register/spill_register_flushable_i/gen_spill_reg.a_data_q_reg[addr][27]/C
                         clock pessimism             -0.706    11.877    
                         inter-SLR compensation      -1.743    10.134    
                         clock uncertainty           -0.226     9.908    
    SLICE_X12Y39         FDCE (Setup_DFF_SLICEL_C_D)
                                                      0.025     9.933    i_carfield/i_hyperbus_wrap/i_hyper_cdc_dst/i_cdc_fifo_gray_dst_ar/i_spill_register/spill_register_flushable_i/gen_spill_reg.a_data_q_reg[addr][27]
  -------------------------------------------------------------------
                         required time                          9.933    
                         arrival time                         -29.761    
  -------------------------------------------------------------------
                         slack                                -19.828    

Slack (VIOLATED) :        -19.828ns  (required time - arrival time)
  Source:                 i_carfield/i_cheshire_wrap/i_cheshire_ext_llc_cdc_src/i_cdc_fifo_gray_src_ar/gen_word[4].data_q_reg[4][addr][27]/C
                            (rising edge-triggered cell FDRE clocked by clk_50_xlnx_clk_wiz  {rise@0.000ns fall@10.000ns period=20.000ns})
  Destination:            i_carfield/i_hyperbus_wrap/i_hyper_cdc_dst/i_cdc_fifo_gray_dst_ar/i_spill_register/spill_register_flushable_i/gen_spill_reg.a_data_q_reg[addr][27]/D
                            (rising edge-triggered cell FDCE clocked by periph_domain_clk  {rise@0.000ns fall@50.000ns period=100.000ns})
  Path Group:             periph_domain_clk
  Path Type:              Setup (Max at Slow Process Corner)
  Requirement:            0.000ns  (MaxDelay Path 0.000ns)
  Data Path Delay:        24.542ns  (logic 0.289ns (1.178%)  route 24.253ns (98.822%))
  Logic Levels:           2  (LUT6=1 MUXF7=1)
  Clock Path Skew:        6.658ns (DCD - SCD + CPR)
    Destination Clock Delay (DCD):    12.583ns
    Source Clock Delay      (SCD):    5.219ns
    Clock Pessimism Removal (CPR):    -0.706ns
  Clock Uncertainty:      0.226ns  ((TSJ^2 + DJ^2)^1/2) / 2 + PE
    Total System Jitter     (TSJ):    0.071ns
    Discrete Jitter          (DJ):    0.199ns
    Phase Error              (PE):    0.120ns
  Inter-SLR Compensation: 1.743ns  ((DCD - CCD) * PF)
    Destination Clock Delay (DCD):    12.583ns
    Common Clock Delay      (CCD):    0.963ns
    Prorating Factor         (PF):    0.150
  Clock Net Delay (Source):      4.683ns (routing 2.719ns, distribution 1.964ns)
  Clock Net Delay (Destination): 1.826ns (routing 0.617ns, distribution 1.209ns)
  Timing Exception:       MaxDelay Path 0.000ns

    Location             Delay type                Incr(ns)  Path(ns)    Netlist Resource(s)
  -------------------------------------------------------------------    -------------------
                         (clock clk_50_xlnx_clk_wiz rise edge)
                                                      0.000     0.000 r  
    E12                  IBUFCTRL                     0.000     0.000 r  u_ibufg_sys_clk/IBUFCTRL_INST/O
                         net (fo=1, routed)           0.384     0.384    i_xlnx_clk_wiz/inst/clk_in1
    MMCM_X1Y12           MMCME4_ADV (Prop_MMCM_CLKIN1_CLKOUT1)
                                                     -0.127     0.257 r  i_xlnx_clk_wiz/inst/mmcme4_adv_inst/CLKOUT1
                         net (fo=1, routed)           0.251     0.508    i_xlnx_clk_wiz/inst/clk_50_xlnx_clk_wiz
    BUFGCE_X1Y298        BUFGCE (Prop_BUFCE_BUFGCE_I_O)
                                                      0.028     0.536 r  i_xlnx_clk_wiz/inst/clkout2_buf/O
    X2Y4 (CLOCK_ROOT)    net (fo=240101, routed)      4.683     5.219    i_carfield/i_cheshire_wrap/i_cheshire_ext_llc_cdc_src/i_cdc_fifo_gray_src_ar/host_clk_i
    SLR Crossing[2->0]   
    SLICE_X13Y38         FDRE                                         r  i_carfield/i_cheshire_wrap/i_cheshire_ext_llc_cdc_src/i_cdc_fifo_gray_src_ar/gen_word[4].data_q_reg[4][addr][27]/C
  -------------------------------------------------------------------    -------------------
    SLICE_X13Y38         FDRE (Prop_EFF2_SLICEM_C_Q)
                                                      0.079     5.298 f  i_carfield/i_cheshire_wrap/i_cheshire_ext_llc_cdc_src/i_cdc_fifo_gray_src_ar/gen_word[4].data_q_reg[4][addr][27]/Q
                         net (fo=1, routed)          24.212    29.510    i_carfield/i_cheshire_wrap/i_cheshire_ext_llc_cdc_src/i_cdc_fifo_gray_src_ar/llc_ar_data[438]
    SLICE_X12Y39         LUT6 (Prop_C6LUT_SLICEL_I5_O)
                                                      0.146    29.656 f  i_carfield/i_cheshire_wrap/i_cheshire_ext_llc_cdc_src/i_cdc_fifo_gray_src_ar/gen_spill_reg.a_data_q[addr][27]_i_3__24/O
                         net (fo=1, routed)           0.010    29.666    i_carfield/i_cheshire_wrap/i_cheshire_ext_llc_cdc_src/i_cdc_fifo_gray_src_ar/gen_spill_reg.a_data_q[addr][27]_i_3__24_n_2
    SLICE_X12Y39         MUXF7 (Prop_F7MUX_CD_SLICEL_I1_O)
                                                      0.064    29.730 f  i_carfield/i_cheshire_wrap/i_cheshire_ext_llc_cdc_src/i_cdc_fifo_gray_src_ar/gen_spill_reg.a_data_q_reg[addr][27]_i_1__11/O
                         net (fo=1, routed)           0.031    29.761    i_carfield/i_hyperbus_wrap/i_hyper_cdc_dst/i_cdc_fifo_gray_dst_ar/i_spill_register/spill_register_flushable_i/gen_spill_reg.a_data_q_reg[addr][32]_0[27]
    SLICE_X12Y39         FDCE                                         f  i_carfield/i_hyperbus_wrap/i_hyper_cdc_dst/i_cdc_fifo_gray_dst_ar/i_spill_register/spill_register_flushable_i/gen_spill_reg.a_data_q_reg[addr][27]/D
  -------------------------------------------------------------------    -------------------

                         max delay                    0.000     0.000    
    E12                  IBUFCTRL                     0.000     0.000 r  u_ibufg_sys_clk/IBUFCTRL_INST/O
                         net (fo=1, routed)           0.333     0.333    i_xlnx_clk_wiz/inst/clk_in1
    MMCM_X1Y12           MMCME4_ADV (Prop_MMCM_CLKIN1_CLKOUT3)
                                                      0.630     0.963 r  i_xlnx_clk_wiz/inst/mmcme4_adv_inst/CLKOUT3
                         net (fo=1, routed)           0.225     1.188    i_xlnx_clk_wiz/inst/clk_10_xlnx_clk_wiz
    BUFGCE_X1Y311        BUFGCE (Prop_BUFCE_BUFGCE_I_O)
                                                      0.024     1.212 r  i_xlnx_clk_wiz/inst/clkout4_buf/O
                         net (fo=64, routed)          4.140     5.352    i_carfield/gen_domain_clock_mux[0].i_clk_mux/clks_i[2]
    SLR Crossing[2->1]   
    SLICE_X118Y302       LUT5 (Prop_G6LUT_SLICEL_I1_O)
                                                      0.057     5.409 r  i_carfield/gen_domain_clock_mux[0].i_clk_mux/clk_o_INST_0/O
                         net (fo=1, routed)           0.943     6.352    i_carfield/gen_domain_clock_mux[0].i_clk_mux/clk_o
    SLR Crossing[1->0]   
    BUFGCE_X1Y84         BUFGCE (Prop_BUFCE_BUFGCE_I_O)
                                                      0.024     6.376 r  i_carfield/gen_domain_clock_mux[0].i_clk_mux/clk_o_BUFG_inst/O
                         net (fo=115, routed)         2.627     9.003    i_carfield/gen_domain_clock_mux[0].i_clk_div/clk_o
    SLR Crossing[0->1]   
    SLICE_X61Y300        LUT5 (Prop_G6LUT_SLICEL_I3_O)
                                                      0.057     9.060 r  i_carfield/gen_domain_clock_mux[0].i_clk_div/n_1_1099782_BUFG_inst_i_1/O
                         net (fo=2, routed)           0.064     9.124    i_carfield/i_hyper_clk_div/n_1_1099782_BUFG_inst_n_2
    SLICE_X61Y300        LUT5 (Prop_E6LUT_SLICEL_I3_O)
                                                      0.082     9.206 r  i_carfield/i_hyper_clk_div/hyp_clk_BUFG_inst_i_1/O
                         net (fo=1, routed)           1.527    10.733    i_carfield/hyp_clk
    SLR Crossing[1->0]   
    BUFGCE_X0Y39         BUFGCE (Prop_BUFCE_BUFGCE_I_O)
                                                      0.024    10.757 r  i_carfield/hyp_clk_BUFG_inst/O
    X1Y2 (CLOCK_ROOT)    net (fo=1287, routed)        1.826    12.583    i_carfield/i_hyperbus_wrap/i_hyper_cdc_dst/i_cdc_fifo_gray_dst_ar/i_spill_register/spill_register_flushable_i/hyp_clk_BUFG
    SLICE_X12Y39         FDCE                                         r  i_carfield/i_hyperbus_wrap/i_hyper_cdc_dst/i_cdc_fifo_gray_dst_ar/i_spill_register/spill_register_flushable_i/gen_spill_reg.a_data_q_reg[addr][27]/C
                         clock pessimism             -0.706    11.877    
                         inter-SLR compensation      -1.743    10.134    
                         clock uncertainty           -0.226     9.908    
    SLICE_X12Y39         FDCE (Setup_DFF_SLICEL_C_D)
                                                      0.025     9.933    i_carfield/i_hyperbus_wrap/i_hyper_cdc_dst/i_cdc_fifo_gray_dst_ar/i_spill_register/spill_register_flushable_i/gen_spill_reg.a_data_q_reg[addr][27]
  -------------------------------------------------------------------
                         required time                          9.933    
                         arrival time                         -29.761    
  -------------------------------------------------------------------
                         slack                                -19.828    

Slack (VIOLATED) :        -19.813ns  (required time - arrival time)
  Source:                 i_carfield/i_cheshire_wrap/i_cheshire_ext_llc_cdc_src/i_cdc_fifo_gray_src_ar/gen_word[5].data_q_reg[5][addr][28]/C
                            (rising edge-triggered cell FDRE clocked by clk_50_xlnx_clk_wiz  {rise@0.000ns fall@10.000ns period=20.000ns})
  Destination:            i_carfield/i_hyperbus_wrap/i_hyper_cdc_dst/i_cdc_fifo_gray_dst_ar/i_spill_register/spill_register_flushable_i/gen_spill_reg.a_data_q_reg[addr][28]/D
                            (rising edge-triggered cell FDCE clocked by periph_domain_clk  {rise@0.000ns fall@50.000ns period=100.000ns})
  Path Group:             periph_domain_clk
  Path Type:              Setup (Max at Slow Process Corner)
  Requirement:            0.000ns  (MaxDelay Path 0.000ns)
  Data Path Delay:        24.547ns  (logic 0.291ns (1.185%)  route 24.256ns (98.815%))
  Logic Levels:           2  (LUT6=1 MUXF7=1)
  Clock Path Skew:        6.682ns (DCD - SCD + CPR)
    Destination Clock Delay (DCD):    12.613ns
    Source Clock Delay      (SCD):    5.225ns
    Clock Pessimism Removal (CPR):    -0.706ns
  Clock Uncertainty:      0.226ns  ((TSJ^2 + DJ^2)^1/2) / 2 + PE
    Total System Jitter     (TSJ):    0.071ns
    Discrete Jitter          (DJ):    0.199ns
    Phase Error              (PE):    0.120ns
  Inter-SLR Compensation: 1.747ns  ((DCD - CCD) * PF)
    Destination Clock Delay (DCD):    12.613ns
    Common Clock Delay      (CCD):    0.963ns
    Prorating Factor         (PF):    0.150
  Clock Net Delay (Source):      4.689ns (routing 2.719ns, distribution 1.970ns)
  Clock Net Delay (Destination): 1.856ns (routing 0.617ns, distribution 1.239ns)
  Timing Exception:       MaxDelay Path 0.000ns

    Location             Delay type                Incr(ns)  Path(ns)    Netlist Resource(s)
  -------------------------------------------------------------------    -------------------
                         (clock clk_50_xlnx_clk_wiz rise edge)
                                                      0.000     0.000 r  
    E12                  IBUFCTRL                     0.000     0.000 r  u_ibufg_sys_clk/IBUFCTRL_INST/O
                         net (fo=1, routed)           0.384     0.384    i_xlnx_clk_wiz/inst/clk_in1
    MMCM_X1Y12           MMCME4_ADV (Prop_MMCM_CLKIN1_CLKOUT1)
                                                     -0.127     0.257 r  i_xlnx_clk_wiz/inst/mmcme4_adv_inst/CLKOUT1
                         net (fo=1, routed)           0.251     0.508    i_xlnx_clk_wiz/inst/clk_50_xlnx_clk_wiz
    BUFGCE_X1Y298        BUFGCE (Prop_BUFCE_BUFGCE_I_O)
                                                      0.028     0.536 r  i_xlnx_clk_wiz/inst/clkout2_buf/O
    X2Y4 (CLOCK_ROOT)    net (fo=240101, routed)      4.689     5.225    i_carfield/i_cheshire_wrap/i_cheshire_ext_llc_cdc_src/i_cdc_fifo_gray_src_ar/host_clk_i
    SLR Crossing[2->0]   
    SLICE_X10Y35         FDRE                                         r  i_carfield/i_cheshire_wrap/i_cheshire_ext_llc_cdc_src/i_cdc_fifo_gray_src_ar/gen_word[5].data_q_reg[5][addr][28]/C
  -------------------------------------------------------------------    -------------------
    SLICE_X10Y35         FDRE (Prop_BFF_SLICEL_C_Q)
                                                      0.079     5.304 r  i_carfield/i_cheshire_wrap/i_cheshire_ext_llc_cdc_src/i_cdc_fifo_gray_src_ar/gen_word[5].data_q_reg[5][addr][28]/Q
                         net (fo=1, routed)          24.217    29.521    i_carfield/i_cheshire_wrap/i_cheshire_ext_llc_cdc_src/i_cdc_fifo_gray_src_ar/llc_ar_data[532]
    SLICE_X9Y37          LUT6 (Prop_G6LUT_SLICEL_I3_O)
                                                      0.149    29.670 r  i_carfield/i_cheshire_wrap/i_cheshire_ext_llc_cdc_src/i_cdc_fifo_gray_src_ar/gen_spill_reg.a_data_q[addr][28]_i_3__24/O
                         net (fo=1, routed)           0.008    29.678    i_carfield/i_cheshire_wrap/i_cheshire_ext_llc_cdc_src/i_cdc_fifo_gray_src_ar/gen_spill_reg.a_data_q[addr][28]_i_3__24_n_2
    SLICE_X9Y37          MUXF7 (Prop_F7MUX_GH_SLICEL_I1_O)
                                                      0.063    29.741 r  i_carfield/i_cheshire_wrap/i_cheshire_ext_llc_cdc_src/i_cdc_fifo_gray_src_ar/gen_spill_reg.a_data_q_reg[addr][28]_i_1__11/O
                         net (fo=1, routed)           0.031    29.772    i_carfield/i_hyperbus_wrap/i_hyper_cdc_dst/i_cdc_fifo_gray_dst_ar/i_spill_register/spill_register_flushable_i/gen_spill_reg.a_data_q_reg[addr][32]_0[28]
    SLICE_X9Y37          FDCE                                         r  i_carfield/i_hyperbus_wrap/i_hyper_cdc_dst/i_cdc_fifo_gray_dst_ar/i_spill_register/spill_register_flushable_i/gen_spill_reg.a_data_q_reg[addr][28]/D
  -------------------------------------------------------------------    -------------------

                         max delay                    0.000     0.000    
    E12                  IBUFCTRL                     0.000     0.000 r  u_ibufg_sys_clk/IBUFCTRL_INST/O
                         net (fo=1, routed)           0.333     0.333    i_xlnx_clk_wiz/inst/clk_in1
    MMCM_X1Y12           MMCME4_ADV (Prop_MMCM_CLKIN1_CLKOUT3)
                                                      0.630     0.963 r  i_xlnx_clk_wiz/inst/mmcme4_adv_inst/CLKOUT3
                         net (fo=1, routed)           0.225     1.188    i_xlnx_clk_wiz/inst/clk_10_xlnx_clk_wiz
    BUFGCE_X1Y311        BUFGCE (Prop_BUFCE_BUFGCE_I_O)
                                                      0.024     1.212 r  i_xlnx_clk_wiz/inst/clkout4_buf/O
                         net (fo=64, routed)          4.140     5.352    i_carfield/gen_domain_clock_mux[0].i_clk_mux/clks_i[2]
    SLR Crossing[2->1]   
    SLICE_X118Y302       LUT5 (Prop_G6LUT_SLICEL_I1_O)
                                                      0.057     5.409 r  i_carfield/gen_domain_clock_mux[0].i_clk_mux/clk_o_INST_0/O
                         net (fo=1, routed)           0.943     6.352    i_carfield/gen_domain_clock_mux[0].i_clk_mux/clk_o
    SLR Crossing[1->0]   
    BUFGCE_X1Y84         BUFGCE (Prop_BUFCE_BUFGCE_I_O)
                                                      0.024     6.376 r  i_carfield/gen_domain_clock_mux[0].i_clk_mux/clk_o_BUFG_inst/O
                         net (fo=115, routed)         2.627     9.003    i_carfield/gen_domain_clock_mux[0].i_clk_div/clk_o
    SLR Crossing[0->1]   
    SLICE_X61Y300        LUT5 (Prop_G6LUT_SLICEL_I3_O)
                                                      0.057     9.060 r  i_carfield/gen_domain_clock_mux[0].i_clk_div/n_1_1099782_BUFG_inst_i_1/O
                         net (fo=2, routed)           0.064     9.124    i_carfield/i_hyper_clk_div/n_1_1099782_BUFG_inst_n_2
    SLICE_X61Y300        LUT5 (Prop_E6LUT_SLICEL_I3_O)
                                                      0.082     9.206 r  i_carfield/i_hyper_clk_div/hyp_clk_BUFG_inst_i_1/O
                         net (fo=1, routed)           1.527    10.733    i_carfield/hyp_clk
    SLR Crossing[1->0]   
    BUFGCE_X0Y39         BUFGCE (Prop_BUFCE_BUFGCE_I_O)
                                                      0.024    10.757 r  i_carfield/hyp_clk_BUFG_inst/O
    X1Y2 (CLOCK_ROOT)    net (fo=1287, routed)        1.856    12.613    i_carfield/i_hyperbus_wrap/i_hyper_cdc_dst/i_cdc_fifo_gray_dst_ar/i_spill_register/spill_register_flushable_i/hyp_clk_BUFG
    SLICE_X9Y37          FDCE                                         r  i_carfield/i_hyperbus_wrap/i_hyper_cdc_dst/i_cdc_fifo_gray_dst_ar/i_spill_register/spill_register_flushable_i/gen_spill_reg.a_data_q_reg[addr][28]/C
                         clock pessimism             -0.706    11.907    
                         inter-SLR compensation      -1.747    10.160    
                         clock uncertainty           -0.226     9.934    
    SLICE_X9Y37          FDCE (Setup_HFF_SLICEL_C_D)
                                                      0.025     9.959    i_carfield/i_hyperbus_wrap/i_hyper_cdc_dst/i_cdc_fifo_gray_dst_ar/i_spill_register/spill_register_flushable_i/gen_spill_reg.a_data_q_reg[addr][28]
  -------------------------------------------------------------------
                         required time                          9.959    
                         arrival time                         -29.772    
  -------------------------------------------------------------------
                         slack                                -19.813    

Slack (VIOLATED) :        -19.813ns  (required time - arrival time)
  Source:                 i_carfield/i_cheshire_wrap/i_cheshire_ext_llc_cdc_src/i_cdc_fifo_gray_src_ar/gen_word[5].data_q_reg[5][addr][28]/C
                            (rising edge-triggered cell FDRE clocked by clk_50_xlnx_clk_wiz  {rise@0.000ns fall@10.000ns period=20.000ns})
  Destination:            i_carfield/i_hyperbus_wrap/i_hyper_cdc_dst/i_cdc_fifo_gray_dst_ar/i_spill_register/spill_register_flushable_i/gen_spill_reg.a_data_q_reg[addr][28]/D
                            (rising edge-triggered cell FDCE clocked by periph_domain_clk  {rise@0.000ns fall@50.000ns period=100.000ns})
  Path Group:             periph_domain_clk
  Path Type:              Setup (Max at Slow Process Corner)
  Requirement:            0.000ns  (MaxDelay Path 0.000ns)
  Data Path Delay:        24.547ns  (logic 0.291ns (1.185%)  route 24.256ns (98.815%))
  Logic Levels:           2  (LUT6=1 MUXF7=1)
  Clock Path Skew:        6.682ns (DCD - SCD + CPR)
    Destination Clock Delay (DCD):    12.613ns
    Source Clock Delay      (SCD):    5.225ns
    Clock Pessimism Removal (CPR):    -0.706ns
  Clock Uncertainty:      0.226ns  ((TSJ^2 + DJ^2)^1/2) / 2 + PE
    Total System Jitter     (TSJ):    0.071ns
    Discrete Jitter          (DJ):    0.199ns
    Phase Error              (PE):    0.120ns
  Inter-SLR Compensation: 1.747ns  ((DCD - CCD) * PF)
    Destination Clock Delay (DCD):    12.613ns
    Common Clock Delay      (CCD):    0.963ns
    Prorating Factor         (PF):    0.150
  Clock Net Delay (Source):      4.689ns (routing 2.719ns, distribution 1.970ns)
  Clock Net Delay (Destination): 1.856ns (routing 0.617ns, distribution 1.239ns)
  Timing Exception:       MaxDelay Path 0.000ns

    Location             Delay type                Incr(ns)  Path(ns)    Netlist Resource(s)
  -------------------------------------------------------------------    -------------------
                         (clock clk_50_xlnx_clk_wiz rise edge)
                                                      0.000     0.000 r  
    E12                  IBUFCTRL                     0.000     0.000 r  u_ibufg_sys_clk/IBUFCTRL_INST/O
                         net (fo=1, routed)           0.384     0.384    i_xlnx_clk_wiz/inst/clk_in1
    MMCM_X1Y12           MMCME4_ADV (Prop_MMCM_CLKIN1_CLKOUT1)
                                                     -0.127     0.257 r  i_xlnx_clk_wiz/inst/mmcme4_adv_inst/CLKOUT1
                         net (fo=1, routed)           0.251     0.508    i_xlnx_clk_wiz/inst/clk_50_xlnx_clk_wiz
    BUFGCE_X1Y298        BUFGCE (Prop_BUFCE_BUFGCE_I_O)
                                                      0.028     0.536 r  i_xlnx_clk_wiz/inst/clkout2_buf/O
    X2Y4 (CLOCK_ROOT)    net (fo=240101, routed)      4.689     5.225    i_carfield/i_cheshire_wrap/i_cheshire_ext_llc_cdc_src/i_cdc_fifo_gray_src_ar/host_clk_i
    SLR Crossing[2->0]   
    SLICE_X10Y35         FDRE                                         r  i_carfield/i_cheshire_wrap/i_cheshire_ext_llc_cdc_src/i_cdc_fifo_gray_src_ar/gen_word[5].data_q_reg[5][addr][28]/C
  -------------------------------------------------------------------    -------------------
    SLICE_X10Y35         FDRE (Prop_BFF_SLICEL_C_Q)
                                                      0.079     5.304 f  i_carfield/i_cheshire_wrap/i_cheshire_ext_llc_cdc_src/i_cdc_fifo_gray_src_ar/gen_word[5].data_q_reg[5][addr][28]/Q
                         net (fo=1, routed)          24.217    29.521    i_carfield/i_cheshire_wrap/i_cheshire_ext_llc_cdc_src/i_cdc_fifo_gray_src_ar/llc_ar_data[532]
    SLICE_X9Y37          LUT6 (Prop_G6LUT_SLICEL_I3_O)
                                                      0.149    29.670 f  i_carfield/i_cheshire_wrap/i_cheshire_ext_llc_cdc_src/i_cdc_fifo_gray_src_ar/gen_spill_reg.a_data_q[addr][28]_i_3__24/O
                         net (fo=1, routed)           0.008    29.678    i_carfield/i_cheshire_wrap/i_cheshire_ext_llc_cdc_src/i_cdc_fifo_gray_src_ar/gen_spill_reg.a_data_q[addr][28]_i_3__24_n_2
    SLICE_X9Y37          MUXF7 (Prop_F7MUX_GH_SLICEL_I1_O)
                                                      0.063    29.741 f  i_carfield/i_cheshire_wrap/i_cheshire_ext_llc_cdc_src/i_cdc_fifo_gray_src_ar/gen_spill_reg.a_data_q_reg[addr][28]_i_1__11/O
                         net (fo=1, routed)           0.031    29.772    i_carfield/i_hyperbus_wrap/i_hyper_cdc_dst/i_cdc_fifo_gray_dst_ar/i_spill_register/spill_register_flushable_i/gen_spill_reg.a_data_q_reg[addr][32]_0[28]
    SLICE_X9Y37          FDCE                                         f  i_carfield/i_hyperbus_wrap/i_hyper_cdc_dst/i_cdc_fifo_gray_dst_ar/i_spill_register/spill_register_flushable_i/gen_spill_reg.a_data_q_reg[addr][28]/D
  -------------------------------------------------------------------    -------------------

                         max delay                    0.000     0.000    
    E12                  IBUFCTRL                     0.000     0.000 r  u_ibufg_sys_clk/IBUFCTRL_INST/O
                         net (fo=1, routed)           0.333     0.333    i_xlnx_clk_wiz/inst/clk_in1
    MMCM_X1Y12           MMCME4_ADV (Prop_MMCM_CLKIN1_CLKOUT3)
                                                      0.630     0.963 r  i_xlnx_clk_wiz/inst/mmcme4_adv_inst/CLKOUT3
                         net (fo=1, routed)           0.225     1.188    i_xlnx_clk_wiz/inst/clk_10_xlnx_clk_wiz
    BUFGCE_X1Y311        BUFGCE (Prop_BUFCE_BUFGCE_I_O)
                                                      0.024     1.212 r  i_xlnx_clk_wiz/inst/clkout4_buf/O
                         net (fo=64, routed)          4.140     5.352    i_carfield/gen_domain_clock_mux[0].i_clk_mux/clks_i[2]
    SLR Crossing[2->1]   
    SLICE_X118Y302       LUT5 (Prop_G6LUT_SLICEL_I1_O)
                                                      0.057     5.409 r  i_carfield/gen_domain_clock_mux[0].i_clk_mux/clk_o_INST_0/O
                         net (fo=1, routed)           0.943     6.352    i_carfield/gen_domain_clock_mux[0].i_clk_mux/clk_o
    SLR Crossing[1->0]   
    BUFGCE_X1Y84         BUFGCE (Prop_BUFCE_BUFGCE_I_O)
                                                      0.024     6.376 r  i_carfield/gen_domain_clock_mux[0].i_clk_mux/clk_o_BUFG_inst/O
                         net (fo=115, routed)         2.627     9.003    i_carfield/gen_domain_clock_mux[0].i_clk_div/clk_o
    SLR Crossing[0->1]   
    SLICE_X61Y300        LUT5 (Prop_G6LUT_SLICEL_I3_O)
                                                      0.057     9.060 r  i_carfield/gen_domain_clock_mux[0].i_clk_div/n_1_1099782_BUFG_inst_i_1/O
                         net (fo=2, routed)           0.064     9.124    i_carfield/i_hyper_clk_div/n_1_1099782_BUFG_inst_n_2
    SLICE_X61Y300        LUT5 (Prop_E6LUT_SLICEL_I3_O)
                                                      0.082     9.206 r  i_carfield/i_hyper_clk_div/hyp_clk_BUFG_inst_i_1/O
                         net (fo=1, routed)           1.527    10.733    i_carfield/hyp_clk
    SLR Crossing[1->0]   
    BUFGCE_X0Y39         BUFGCE (Prop_BUFCE_BUFGCE_I_O)
                                                      0.024    10.757 r  i_carfield/hyp_clk_BUFG_inst/O
    X1Y2 (CLOCK_ROOT)    net (fo=1287, routed)        1.856    12.613    i_carfield/i_hyperbus_wrap/i_hyper_cdc_dst/i_cdc_fifo_gray_dst_ar/i_spill_register/spill_register_flushable_i/hyp_clk_BUFG
    SLICE_X9Y37          FDCE                                         r  i_carfield/i_hyperbus_wrap/i_hyper_cdc_dst/i_cdc_fifo_gray_dst_ar/i_spill_register/spill_register_flushable_i/gen_spill_reg.a_data_q_reg[addr][28]/C
                         clock pessimism             -0.706    11.907    
                         inter-SLR compensation      -1.747    10.160    
                         clock uncertainty           -0.226     9.934    
    SLICE_X9Y37          FDCE (Setup_HFF_SLICEL_C_D)
                                                      0.025     9.959    i_carfield/i_hyperbus_wrap/i_hyper_cdc_dst/i_cdc_fifo_gray_dst_ar/i_spill_register/spill_register_flushable_i/gen_spill_reg.a_data_q_reg[addr][28]
  -------------------------------------------------------------------
                         required time                          9.959    
                         arrival time                         -29.772    
  -------------------------------------------------------------------
                         slack                                -19.813    

Slack (VIOLATED) :        -19.793ns  (required time - arrival time)
  Source:                 i_carfield/i_cheshire_wrap/i_cheshire_ext_llc_cdc_src/i_cdc_fifo_gray_src_ar/gen_word[3].data_q_reg[3][len][1]/C
                            (rising edge-triggered cell FDRE clocked by clk_50_xlnx_clk_wiz  {rise@0.000ns fall@10.000ns period=20.000ns})
  Destination:            i_carfield/i_hyperbus_wrap/i_hyper_cdc_dst/i_cdc_fifo_gray_dst_ar/i_spill_register/spill_register_flushable_i/gen_spill_reg.a_data_q_reg[len][1]/D
                            (rising edge-triggered cell FDCE clocked by periph_domain_clk  {rise@0.000ns fall@50.000ns period=100.000ns})
  Path Group:             periph_domain_clk
  Path Type:              Setup (Max at Slow Process Corner)
  Requirement:            0.000ns  (MaxDelay Path 0.000ns)
  Data Path Delay:        24.511ns  (logic 0.236ns (0.963%)  route 24.275ns (99.037%))
  Logic Levels:           2  (LUT6=1 MUXF7=1)
  Clock Path Skew:        6.665ns (DCD - SCD + CPR)
    Destination Clock Delay (DCD):    12.607ns
    Source Clock Delay      (SCD):    5.236ns
    Clock Pessimism Removal (CPR):    -0.706ns
  Clock Uncertainty:      0.226ns  ((TSJ^2 + DJ^2)^1/2) / 2 + PE
    Total System Jitter     (TSJ):    0.071ns
    Discrete Jitter          (DJ):    0.199ns
    Phase Error              (PE):    0.120ns
  Inter-SLR Compensation: 1.747ns  ((DCD - CCD) * PF)
    Destination Clock Delay (DCD):    12.607ns
    Common Clock Delay      (CCD):    0.963ns
    Prorating Factor         (PF):    0.150
  Clock Net Delay (Source):      4.700ns (routing 2.719ns, distribution 1.981ns)
  Clock Net Delay (Destination): 1.850ns (routing 0.617ns, distribution 1.233ns)
  Timing Exception:       MaxDelay Path 0.000ns

    Location             Delay type                Incr(ns)  Path(ns)    Netlist Resource(s)
  -------------------------------------------------------------------    -------------------
                         (clock clk_50_xlnx_clk_wiz rise edge)
                                                      0.000     0.000 r  
    E12                  IBUFCTRL                     0.000     0.000 r  u_ibufg_sys_clk/IBUFCTRL_INST/O
                         net (fo=1, routed)           0.384     0.384    i_xlnx_clk_wiz/inst/clk_in1
    MMCM_X1Y12           MMCME4_ADV (Prop_MMCM_CLKIN1_CLKOUT1)
                                                     -0.127     0.257 r  i_xlnx_clk_wiz/inst/mmcme4_adv_inst/CLKOUT1
                         net (fo=1, routed)           0.251     0.508    i_xlnx_clk_wiz/inst/clk_50_xlnx_clk_wiz
    BUFGCE_X1Y298        BUFGCE (Prop_BUFCE_BUFGCE_I_O)
                                                      0.028     0.536 r  i_xlnx_clk_wiz/inst/clkout2_buf/O
    X2Y4 (CLOCK_ROOT)    net (fo=240101, routed)      4.700     5.236    i_carfield/i_cheshire_wrap/i_cheshire_ext_llc_cdc_src/i_cdc_fifo_gray_src_ar/host_clk_i
    SLR Crossing[2->0]   
    SLICE_X11Y37         FDRE                                         r  i_carfield/i_cheshire_wrap/i_cheshire_ext_llc_cdc_src/i_cdc_fifo_gray_src_ar/gen_word[3].data_q_reg[3][len][1]/C
  -------------------------------------------------------------------    -------------------
    SLICE_X11Y37         FDRE (Prop_EFF2_SLICEM_C_Q)
                                                      0.079     5.315 r  i_carfield/i_cheshire_wrap/i_cheshire_ext_llc_cdc_src/i_cdc_fifo_gray_src_ar/gen_word[3].data_q_reg[3][len][1]/Q
                         net (fo=1, routed)          24.218    29.533    i_carfield/i_cheshire_wrap/i_cheshire_ext_llc_cdc_src/i_cdc_fifo_gray_src_ar/llc_ar_data[311]
    SLICE_X11Y35         LUT6 (Prop_D6LUT_SLICEM_I0_O)
                                                      0.088    29.621 r  i_carfield/i_cheshire_wrap/i_cheshire_ext_llc_cdc_src/i_cdc_fifo_gray_src_ar/gen_spill_reg.a_data_q[len][1]_i_2__43/O
                         net (fo=1, routed)           0.025    29.646    i_carfield/i_cheshire_wrap/i_cheshire_ext_llc_cdc_src/i_cdc_fifo_gray_src_ar/gen_spill_reg.a_data_q[len][1]_i_2__43_n_2
    SLICE_X11Y35         MUXF7 (Prop_F7MUX_CD_SLICEM_I0_O)
                                                      0.069    29.715 r  i_carfield/i_cheshire_wrap/i_cheshire_ext_llc_cdc_src/i_cdc_fifo_gray_src_ar/gen_spill_reg.a_data_q_reg[len][1]_i_1__8/O
                         net (fo=1, routed)           0.032    29.747    i_carfield/i_hyperbus_wrap/i_hyper_cdc_dst/i_cdc_fifo_gray_dst_ar/i_spill_register/spill_register_flushable_i/gen_spill_reg.a_data_q_reg[len][7]_0[1]
    SLICE_X11Y35         FDCE                                         r  i_carfield/i_hyperbus_wrap/i_hyper_cdc_dst/i_cdc_fifo_gray_dst_ar/i_spill_register/spill_register_flushable_i/gen_spill_reg.a_data_q_reg[len][1]/D
  -------------------------------------------------------------------    -------------------

                         max delay                    0.000     0.000    
    E12                  IBUFCTRL                     0.000     0.000 r  u_ibufg_sys_clk/IBUFCTRL_INST/O
                         net (fo=1, routed)           0.333     0.333    i_xlnx_clk_wiz/inst/clk_in1
    MMCM_X1Y12           MMCME4_ADV (Prop_MMCM_CLKIN1_CLKOUT3)
                                                      0.630     0.963 r  i_xlnx_clk_wiz/inst/mmcme4_adv_inst/CLKOUT3
                         net (fo=1, routed)           0.225     1.188    i_xlnx_clk_wiz/inst/clk_10_xlnx_clk_wiz
    BUFGCE_X1Y311        BUFGCE (Prop_BUFCE_BUFGCE_I_O)
                                                      0.024     1.212 r  i_xlnx_clk_wiz/inst/clkout4_buf/O
                         net (fo=64, routed)          4.140     5.352    i_carfield/gen_domain_clock_mux[0].i_clk_mux/clks_i[2]
    SLR Crossing[2->1]   
    SLICE_X118Y302       LUT5 (Prop_G6LUT_SLICEL_I1_O)
                                                      0.057     5.409 r  i_carfield/gen_domain_clock_mux[0].i_clk_mux/clk_o_INST_0/O
                         net (fo=1, routed)           0.943     6.352    i_carfield/gen_domain_clock_mux[0].i_clk_mux/clk_o
    SLR Crossing[1->0]   
    BUFGCE_X1Y84         BUFGCE (Prop_BUFCE_BUFGCE_I_O)
                                                      0.024     6.376 r  i_carfield/gen_domain_clock_mux[0].i_clk_mux/clk_o_BUFG_inst/O
                         net (fo=115, routed)         2.627     9.003    i_carfield/gen_domain_clock_mux[0].i_clk_div/clk_o
    SLR Crossing[0->1]   
    SLICE_X61Y300        LUT5 (Prop_G6LUT_SLICEL_I3_O)
                                                      0.057     9.060 r  i_carfield/gen_domain_clock_mux[0].i_clk_div/n_1_1099782_BUFG_inst_i_1/O
                         net (fo=2, routed)           0.064     9.124    i_carfield/i_hyper_clk_div/n_1_1099782_BUFG_inst_n_2
    SLICE_X61Y300        LUT5 (Prop_E6LUT_SLICEL_I3_O)
                                                      0.082     9.206 r  i_carfield/i_hyper_clk_div/hyp_clk_BUFG_inst_i_1/O
                         net (fo=1, routed)           1.527    10.733    i_carfield/hyp_clk
    SLR Crossing[1->0]   
    BUFGCE_X0Y39         BUFGCE (Prop_BUFCE_BUFGCE_I_O)
                                                      0.024    10.757 r  i_carfield/hyp_clk_BUFG_inst/O
    X1Y2 (CLOCK_ROOT)    net (fo=1287, routed)        1.850    12.607    i_carfield/i_hyperbus_wrap/i_hyper_cdc_dst/i_cdc_fifo_gray_dst_ar/i_spill_register/spill_register_flushable_i/hyp_clk_BUFG
    SLICE_X11Y35         FDCE                                         r  i_carfield/i_hyperbus_wrap/i_hyper_cdc_dst/i_cdc_fifo_gray_dst_ar/i_spill_register/spill_register_flushable_i/gen_spill_reg.a_data_q_reg[len][1]/C
                         clock pessimism             -0.706    11.901    
                         inter-SLR compensation      -1.747    10.154    
                         clock uncertainty           -0.226     9.929    
    SLICE_X11Y35         FDCE (Setup_DFF_SLICEM_C_D)
                                                      0.025     9.954    i_carfield/i_hyperbus_wrap/i_hyper_cdc_dst/i_cdc_fifo_gray_dst_ar/i_spill_register/spill_register_flushable_i/gen_spill_reg.a_data_q_reg[len][1]
  -------------------------------------------------------------------
                         required time                          9.954    
                         arrival time                         -29.747    
  -------------------------------------------------------------------
                         slack                                -19.793    

Slack (VIOLATED) :        -19.793ns  (required time - arrival time)
  Source:                 i_carfield/i_cheshire_wrap/i_cheshire_ext_llc_cdc_src/i_cdc_fifo_gray_src_ar/gen_word[3].data_q_reg[3][len][1]/C
                            (rising edge-triggered cell FDRE clocked by clk_50_xlnx_clk_wiz  {rise@0.000ns fall@10.000ns period=20.000ns})
  Destination:            i_carfield/i_hyperbus_wrap/i_hyper_cdc_dst/i_cdc_fifo_gray_dst_ar/i_spill_register/spill_register_flushable_i/gen_spill_reg.a_data_q_reg[len][1]/D
                            (rising edge-triggered cell FDCE clocked by periph_domain_clk  {rise@0.000ns fall@50.000ns period=100.000ns})
  Path Group:             periph_domain_clk
  Path Type:              Setup (Max at Slow Process Corner)
  Requirement:            0.000ns  (MaxDelay Path 0.000ns)
  Data Path Delay:        24.511ns  (logic 0.236ns (0.963%)  route 24.275ns (99.037%))
  Logic Levels:           2  (LUT6=1 MUXF7=1)
  Clock Path Skew:        6.665ns (DCD - SCD + CPR)
    Destination Clock Delay (DCD):    12.607ns
    Source Clock Delay      (SCD):    5.236ns
    Clock Pessimism Removal (CPR):    -0.706ns
  Clock Uncertainty:      0.226ns  ((TSJ^2 + DJ^2)^1/2) / 2 + PE
    Total System Jitter     (TSJ):    0.071ns
    Discrete Jitter          (DJ):    0.199ns
    Phase Error              (PE):    0.120ns
  Inter-SLR Compensation: 1.747ns  ((DCD - CCD) * PF)
    Destination Clock Delay (DCD):    12.607ns
    Common Clock Delay      (CCD):    0.963ns
    Prorating Factor         (PF):    0.150
  Clock Net Delay (Source):      4.700ns (routing 2.719ns, distribution 1.981ns)
  Clock Net Delay (Destination): 1.850ns (routing 0.617ns, distribution 1.233ns)
  Timing Exception:       MaxDelay Path 0.000ns

    Location             Delay type                Incr(ns)  Path(ns)    Netlist Resource(s)
  -------------------------------------------------------------------    -------------------
                         (clock clk_50_xlnx_clk_wiz rise edge)
                                                      0.000     0.000 r  
    E12                  IBUFCTRL                     0.000     0.000 r  u_ibufg_sys_clk/IBUFCTRL_INST/O
                         net (fo=1, routed)           0.384     0.384    i_xlnx_clk_wiz/inst/clk_in1
    MMCM_X1Y12           MMCME4_ADV (Prop_MMCM_CLKIN1_CLKOUT1)
                                                     -0.127     0.257 r  i_xlnx_clk_wiz/inst/mmcme4_adv_inst/CLKOUT1
                         net (fo=1, routed)           0.251     0.508    i_xlnx_clk_wiz/inst/clk_50_xlnx_clk_wiz
    BUFGCE_X1Y298        BUFGCE (Prop_BUFCE_BUFGCE_I_O)
                                                      0.028     0.536 r  i_xlnx_clk_wiz/inst/clkout2_buf/O
    X2Y4 (CLOCK_ROOT)    net (fo=240101, routed)      4.700     5.236    i_carfield/i_cheshire_wrap/i_cheshire_ext_llc_cdc_src/i_cdc_fifo_gray_src_ar/host_clk_i
    SLR Crossing[2->0]   
    SLICE_X11Y37         FDRE                                         r  i_carfield/i_cheshire_wrap/i_cheshire_ext_llc_cdc_src/i_cdc_fifo_gray_src_ar/gen_word[3].data_q_reg[3][len][1]/C
  -------------------------------------------------------------------    -------------------
    SLICE_X11Y37         FDRE (Prop_EFF2_SLICEM_C_Q)
                                                      0.079     5.315 f  i_carfield/i_cheshire_wrap/i_cheshire_ext_llc_cdc_src/i_cdc_fifo_gray_src_ar/gen_word[3].data_q_reg[3][len][1]/Q
                         net (fo=1, routed)          24.218    29.533    i_carfield/i_cheshire_wrap/i_cheshire_ext_llc_cdc_src/i_cdc_fifo_gray_src_ar/llc_ar_data[311]
    SLICE_X11Y35         LUT6 (Prop_D6LUT_SLICEM_I0_O)
                                                      0.088    29.621 f  i_carfield/i_cheshire_wrap/i_cheshire_ext_llc_cdc_src/i_cdc_fifo_gray_src_ar/gen_spill_reg.a_data_q[len][1]_i_2__43/O
                         net (fo=1, routed)           0.025    29.646    i_carfield/i_cheshire_wrap/i_cheshire_ext_llc_cdc_src/i_cdc_fifo_gray_src_ar/gen_spill_reg.a_data_q[len][1]_i_2__43_n_2
    SLICE_X11Y35         MUXF7 (Prop_F7MUX_CD_SLICEM_I0_O)
                                                      0.069    29.715 f  i_carfield/i_cheshire_wrap/i_cheshire_ext_llc_cdc_src/i_cdc_fifo_gray_src_ar/gen_spill_reg.a_data_q_reg[len][1]_i_1__8/O
                         net (fo=1, routed)           0.032    29.747    i_carfield/i_hyperbus_wrap/i_hyper_cdc_dst/i_cdc_fifo_gray_dst_ar/i_spill_register/spill_register_flushable_i/gen_spill_reg.a_data_q_reg[len][7]_0[1]
    SLICE_X11Y35         FDCE                                         f  i_carfield/i_hyperbus_wrap/i_hyper_cdc_dst/i_cdc_fifo_gray_dst_ar/i_spill_register/spill_register_flushable_i/gen_spill_reg.a_data_q_reg[len][1]/D
  -------------------------------------------------------------------    -------------------

                         max delay                    0.000     0.000    
    E12                  IBUFCTRL                     0.000     0.000 r  u_ibufg_sys_clk/IBUFCTRL_INST/O
                         net (fo=1, routed)           0.333     0.333    i_xlnx_clk_wiz/inst/clk_in1
    MMCM_X1Y12           MMCME4_ADV (Prop_MMCM_CLKIN1_CLKOUT3)
                                                      0.630     0.963 r  i_xlnx_clk_wiz/inst/mmcme4_adv_inst/CLKOUT3
                         net (fo=1, routed)           0.225     1.188    i_xlnx_clk_wiz/inst/clk_10_xlnx_clk_wiz
    BUFGCE_X1Y311        BUFGCE (Prop_BUFCE_BUFGCE_I_O)
                                                      0.024     1.212 r  i_xlnx_clk_wiz/inst/clkout4_buf/O
                         net (fo=64, routed)          4.140     5.352    i_carfield/gen_domain_clock_mux[0].i_clk_mux/clks_i[2]
    SLR Crossing[2->1]   
    SLICE_X118Y302       LUT5 (Prop_G6LUT_SLICEL_I1_O)
                                                      0.057     5.409 r  i_carfield/gen_domain_clock_mux[0].i_clk_mux/clk_o_INST_0/O
                         net (fo=1, routed)           0.943     6.352    i_carfield/gen_domain_clock_mux[0].i_clk_mux/clk_o
    SLR Crossing[1->0]   
    BUFGCE_X1Y84         BUFGCE (Prop_BUFCE_BUFGCE_I_O)
                                                      0.024     6.376 r  i_carfield/gen_domain_clock_mux[0].i_clk_mux/clk_o_BUFG_inst/O
                         net (fo=115, routed)         2.627     9.003    i_carfield/gen_domain_clock_mux[0].i_clk_div/clk_o
    SLR Crossing[0->1]   
    SLICE_X61Y300        LUT5 (Prop_G6LUT_SLICEL_I3_O)
                                                      0.057     9.060 r  i_carfield/gen_domain_clock_mux[0].i_clk_div/n_1_1099782_BUFG_inst_i_1/O
                         net (fo=2, routed)           0.064     9.124    i_carfield/i_hyper_clk_div/n_1_1099782_BUFG_inst_n_2
    SLICE_X61Y300        LUT5 (Prop_E6LUT_SLICEL_I3_O)
                                                      0.082     9.206 r  i_carfield/i_hyper_clk_div/hyp_clk_BUFG_inst_i_1/O
                         net (fo=1, routed)           1.527    10.733    i_carfield/hyp_clk
    SLR Crossing[1->0]   
    BUFGCE_X0Y39         BUFGCE (Prop_BUFCE_BUFGCE_I_O)
                                                      0.024    10.757 r  i_carfield/hyp_clk_BUFG_inst/O
    X1Y2 (CLOCK_ROOT)    net (fo=1287, routed)        1.850    12.607    i_carfield/i_hyperbus_wrap/i_hyper_cdc_dst/i_cdc_fifo_gray_dst_ar/i_spill_register/spill_register_flushable_i/hyp_clk_BUFG
    SLICE_X11Y35         FDCE                                         r  i_carfield/i_hyperbus_wrap/i_hyper_cdc_dst/i_cdc_fifo_gray_dst_ar/i_spill_register/spill_register_flushable_i/gen_spill_reg.a_data_q_reg[len][1]/C
                         clock pessimism             -0.706    11.901    
                         inter-SLR compensation      -1.747    10.154    
                         clock uncertainty           -0.226     9.929    
    SLICE_X11Y35         FDCE (Setup_DFF_SLICEM_C_D)
                                                      0.025     9.954    i_carfield/i_hyperbus_wrap/i_hyper_cdc_dst/i_cdc_fifo_gray_dst_ar/i_spill_register/spill_register_flushable_i/gen_spill_reg.a_data_q_reg[len][1]
  -------------------------------------------------------------------
                         required time                          9.954    
                         arrival time                         -29.747    
  -------------------------------------------------------------------
                         slack                                -19.793    

Slack (VIOLATED) :        -19.739ns  (required time - arrival time)
  Source:                 i_carfield/i_cheshire_wrap/i_cheshire_ext_llc_cdc_src/i_cdc_fifo_gray_src_ar/gen_word[2].data_q_reg[2][size][1]/C
                            (rising edge-triggered cell FDRE clocked by clk_50_xlnx_clk_wiz  {rise@0.000ns fall@10.000ns period=20.000ns})
  Destination:            i_carfield/i_hyperbus_wrap/i_hyper_cdc_dst/i_cdc_fifo_gray_dst_ar/i_spill_register/spill_register_flushable_i/gen_spill_reg.a_data_q_reg[size][1]/D
                            (rising edge-triggered cell FDCE clocked by periph_domain_clk  {rise@0.000ns fall@50.000ns period=100.000ns})
  Path Group:             periph_domain_clk
  Path Type:              Setup (Max at Slow Process Corner)
  Requirement:            0.000ns  (MaxDelay Path 0.000ns)
  Data Path Delay:        24.450ns  (logic 0.247ns (1.010%)  route 24.203ns (98.990%))
  Logic Levels:           2  (LUT6=1 MUXF7=1)
  Clock Path Skew:        6.661ns (DCD - SCD + CPR)
    Destination Clock Delay (DCD):    12.625ns
    Source Clock Delay      (SCD):    5.258ns
    Clock Pessimism Removal (CPR):    -0.706ns
  Clock Uncertainty:      0.226ns  ((TSJ^2 + DJ^2)^1/2) / 2 + PE
    Total System Jitter     (TSJ):    0.071ns
    Discrete Jitter          (DJ):    0.199ns
    Phase Error              (PE):    0.120ns
  Inter-SLR Compensation: 1.749ns  ((DCD - CCD) * PF)
    Destination Clock Delay (DCD):    12.625ns
    Common Clock Delay      (CCD):    0.963ns
    Prorating Factor         (PF):    0.150
  Clock Net Delay (Source):      4.722ns (routing 2.719ns, distribution 2.003ns)
  Clock Net Delay (Destination): 1.868ns (routing 0.617ns, distribution 1.251ns)
  Timing Exception:       MaxDelay Path 0.000ns

    Location             Delay type                Incr(ns)  Path(ns)    Netlist Resource(s)
  -------------------------------------------------------------------    -------------------
                         (clock clk_50_xlnx_clk_wiz rise edge)
                                                      0.000     0.000 r  
    E12                  IBUFCTRL                     0.000     0.000 r  u_ibufg_sys_clk/IBUFCTRL_INST/O
                         net (fo=1, routed)           0.384     0.384    i_xlnx_clk_wiz/inst/clk_in1
    MMCM_X1Y12           MMCME4_ADV (Prop_MMCM_CLKIN1_CLKOUT1)
                                                     -0.127     0.257 r  i_xlnx_clk_wiz/inst/mmcme4_adv_inst/CLKOUT1
                         net (fo=1, routed)           0.251     0.508    i_xlnx_clk_wiz/inst/clk_50_xlnx_clk_wiz
    BUFGCE_X1Y298        BUFGCE (Prop_BUFCE_BUFGCE_I_O)
                                                      0.028     0.536 r  i_xlnx_clk_wiz/inst/clkout2_buf/O
    X2Y4 (CLOCK_ROOT)    net (fo=240101, routed)      4.722     5.258    i_carfield/i_cheshire_wrap/i_cheshire_ext_llc_cdc_src/i_cdc_fifo_gray_src_ar/host_clk_i
    SLR Crossing[2->0]   
    SLICE_X5Y46          FDRE                                         r  i_carfield/i_cheshire_wrap/i_cheshire_ext_llc_cdc_src/i_cdc_fifo_gray_src_ar/gen_word[2].data_q_reg[2][size][1]/C
  -------------------------------------------------------------------    -------------------
    SLICE_X5Y46          FDRE (Prop_CFF_SLICEL_C_Q)
                                                      0.079     5.337 r  i_carfield/i_cheshire_wrap/i_cheshire_ext_llc_cdc_src/i_cdc_fifo_gray_src_ar/gen_word[2].data_q_reg[2][size][1]/Q
                         net (fo=1, routed)          24.146    29.483    i_carfield/i_cheshire_wrap/i_cheshire_ext_llc_cdc_src/i_cdc_fifo_gray_src_ar/llc_ar_data[215]
    SLICE_X4Y45          LUT6 (Prop_D6LUT_SLICEM_I1_O)
                                                      0.099    29.582 r  i_carfield/i_cheshire_wrap/i_cheshire_ext_llc_cdc_src/i_cdc_fifo_gray_src_ar/gen_spill_reg.a_data_q[size][1]_i_2__50/O
                         net (fo=1, routed)           0.025    29.607    i_carfield/i_cheshire_wrap/i_cheshire_ext_llc_cdc_src/i_cdc_fifo_gray_src_ar/gen_spill_reg.a_data_q[size][1]_i_2__50_n_2
    SLICE_X4Y45          MUXF7 (Prop_F7MUX_CD_SLICEM_I0_O)
                                                      0.069    29.676 r  i_carfield/i_cheshire_wrap/i_cheshire_ext_llc_cdc_src/i_cdc_fifo_gray_src_ar/gen_spill_reg.a_data_q_reg[size][1]_i_1__10/O
                         net (fo=1, routed)           0.032    29.708    i_carfield/i_hyperbus_wrap/i_hyper_cdc_dst/i_cdc_fifo_gray_dst_ar/i_spill_register/spill_register_flushable_i/gen_spill_reg.a_data_q_reg[size][2]_1[1]
    SLICE_X4Y45          FDCE                                         r  i_carfield/i_hyperbus_wrap/i_hyper_cdc_dst/i_cdc_fifo_gray_dst_ar/i_spill_register/spill_register_flushable_i/gen_spill_reg.a_data_q_reg[size][1]/D
  -------------------------------------------------------------------    -------------------

                         max delay                    0.000     0.000    
    E12                  IBUFCTRL                     0.000     0.000 r  u_ibufg_sys_clk/IBUFCTRL_INST/O
                         net (fo=1, routed)           0.333     0.333    i_xlnx_clk_wiz/inst/clk_in1
    MMCM_X1Y12           MMCME4_ADV (Prop_MMCM_CLKIN1_CLKOUT3)
                                                      0.630     0.963 r  i_xlnx_clk_wiz/inst/mmcme4_adv_inst/CLKOUT3
                         net (fo=1, routed)           0.225     1.188    i_xlnx_clk_wiz/inst/clk_10_xlnx_clk_wiz
    BUFGCE_X1Y311        BUFGCE (Prop_BUFCE_BUFGCE_I_O)
                                                      0.024     1.212 r  i_xlnx_clk_wiz/inst/clkout4_buf/O
                         net (fo=64, routed)          4.140     5.352    i_carfield/gen_domain_clock_mux[0].i_clk_mux/clks_i[2]
    SLR Crossing[2->1]   
    SLICE_X118Y302       LUT5 (Prop_G6LUT_SLICEL_I1_O)
                                                      0.057     5.409 r  i_carfield/gen_domain_clock_mux[0].i_clk_mux/clk_o_INST_0/O
                         net (fo=1, routed)           0.943     6.352    i_carfield/gen_domain_clock_mux[0].i_clk_mux/clk_o
    SLR Crossing[1->0]   
    BUFGCE_X1Y84         BUFGCE (Prop_BUFCE_BUFGCE_I_O)
                                                      0.024     6.376 r  i_carfield/gen_domain_clock_mux[0].i_clk_mux/clk_o_BUFG_inst/O
                         net (fo=115, routed)         2.627     9.003    i_carfield/gen_domain_clock_mux[0].i_clk_div/clk_o
    SLR Crossing[0->1]   
    SLICE_X61Y300        LUT5 (Prop_G6LUT_SLICEL_I3_O)
                                                      0.057     9.060 r  i_carfield/gen_domain_clock_mux[0].i_clk_div/n_1_1099782_BUFG_inst_i_1/O
                         net (fo=2, routed)           0.064     9.124    i_carfield/i_hyper_clk_div/n_1_1099782_BUFG_inst_n_2
    SLICE_X61Y300        LUT5 (Prop_E6LUT_SLICEL_I3_O)
                                                      0.082     9.206 r  i_carfield/i_hyper_clk_div/hyp_clk_BUFG_inst_i_1/O
                         net (fo=1, routed)           1.527    10.733    i_carfield/hyp_clk
    SLR Crossing[1->0]   
    BUFGCE_X0Y39         BUFGCE (Prop_BUFCE_BUFGCE_I_O)
                                                      0.024    10.757 r  i_carfield/hyp_clk_BUFG_inst/O
    X1Y2 (CLOCK_ROOT)    net (fo=1287, routed)        1.868    12.625    i_carfield/i_hyperbus_wrap/i_hyper_cdc_dst/i_cdc_fifo_gray_dst_ar/i_spill_register/spill_register_flushable_i/hyp_clk_BUFG
    SLICE_X4Y45          FDCE                                         r  i_carfield/i_hyperbus_wrap/i_hyper_cdc_dst/i_cdc_fifo_gray_dst_ar/i_spill_register/spill_register_flushable_i/gen_spill_reg.a_data_q_reg[size][1]/C
                         clock pessimism             -0.706    11.919    
                         inter-SLR compensation      -1.749    10.170    
                         clock uncertainty           -0.226     9.944    
    SLICE_X4Y45          FDCE (Setup_DFF_SLICEM_C_D)
                                                      0.025     9.969    i_carfield/i_hyperbus_wrap/i_hyper_cdc_dst/i_cdc_fifo_gray_dst_ar/i_spill_register/spill_register_flushable_i/gen_spill_reg.a_data_q_reg[size][1]
  -------------------------------------------------------------------
                         required time                          9.969    
                         arrival time                         -29.708    
  -------------------------------------------------------------------
                         slack                                -19.739    

Slack (VIOLATED) :        -19.739ns  (required time - arrival time)
  Source:                 i_carfield/i_cheshire_wrap/i_cheshire_ext_llc_cdc_src/i_cdc_fifo_gray_src_ar/gen_word[2].data_q_reg[2][size][1]/C
                            (rising edge-triggered cell FDRE clocked by clk_50_xlnx_clk_wiz  {rise@0.000ns fall@10.000ns period=20.000ns})
  Destination:            i_carfield/i_hyperbus_wrap/i_hyper_cdc_dst/i_cdc_fifo_gray_dst_ar/i_spill_register/spill_register_flushable_i/gen_spill_reg.a_data_q_reg[size][1]/D
                            (rising edge-triggered cell FDCE clocked by periph_domain_clk  {rise@0.000ns fall@50.000ns period=100.000ns})
  Path Group:             periph_domain_clk
  Path Type:              Setup (Max at Slow Process Corner)
  Requirement:            0.000ns  (MaxDelay Path 0.000ns)
  Data Path Delay:        24.450ns  (logic 0.247ns (1.010%)  route 24.203ns (98.990%))
  Logic Levels:           2  (LUT6=1 MUXF7=1)
  Clock Path Skew:        6.661ns (DCD - SCD + CPR)
    Destination Clock Delay (DCD):    12.625ns
    Source Clock Delay      (SCD):    5.258ns
    Clock Pessimism Removal (CPR):    -0.706ns
  Clock Uncertainty:      0.226ns  ((TSJ^2 + DJ^2)^1/2) / 2 + PE
    Total System Jitter     (TSJ):    0.071ns
    Discrete Jitter          (DJ):    0.199ns
    Phase Error              (PE):    0.120ns
  Inter-SLR Compensation: 1.749ns  ((DCD - CCD) * PF)
    Destination Clock Delay (DCD):    12.625ns
    Common Clock Delay      (CCD):    0.963ns
    Prorating Factor         (PF):    0.150
  Clock Net Delay (Source):      4.722ns (routing 2.719ns, distribution 2.003ns)
  Clock Net Delay (Destination): 1.868ns (routing 0.617ns, distribution 1.251ns)
  Timing Exception:       MaxDelay Path 0.000ns

    Location             Delay type                Incr(ns)  Path(ns)    Netlist Resource(s)
  -------------------------------------------------------------------    -------------------
                         (clock clk_50_xlnx_clk_wiz rise edge)
                                                      0.000     0.000 r  
    E12                  IBUFCTRL                     0.000     0.000 r  u_ibufg_sys_clk/IBUFCTRL_INST/O
                         net (fo=1, routed)           0.384     0.384    i_xlnx_clk_wiz/inst/clk_in1
    MMCM_X1Y12           MMCME4_ADV (Prop_MMCM_CLKIN1_CLKOUT1)
                                                     -0.127     0.257 r  i_xlnx_clk_wiz/inst/mmcme4_adv_inst/CLKOUT1
                         net (fo=1, routed)           0.251     0.508    i_xlnx_clk_wiz/inst/clk_50_xlnx_clk_wiz
    BUFGCE_X1Y298        BUFGCE (Prop_BUFCE_BUFGCE_I_O)
                                                      0.028     0.536 r  i_xlnx_clk_wiz/inst/clkout2_buf/O
    X2Y4 (CLOCK_ROOT)    net (fo=240101, routed)      4.722     5.258    i_carfield/i_cheshire_wrap/i_cheshire_ext_llc_cdc_src/i_cdc_fifo_gray_src_ar/host_clk_i
    SLR Crossing[2->0]   
    SLICE_X5Y46          FDRE                                         r  i_carfield/i_cheshire_wrap/i_cheshire_ext_llc_cdc_src/i_cdc_fifo_gray_src_ar/gen_word[2].data_q_reg[2][size][1]/C
  -------------------------------------------------------------------    -------------------
    SLICE_X5Y46          FDRE (Prop_CFF_SLICEL_C_Q)
                                                      0.079     5.337 f  i_carfield/i_cheshire_wrap/i_cheshire_ext_llc_cdc_src/i_cdc_fifo_gray_src_ar/gen_word[2].data_q_reg[2][size][1]/Q
                         net (fo=1, routed)          24.146    29.483    i_carfield/i_cheshire_wrap/i_cheshire_ext_llc_cdc_src/i_cdc_fifo_gray_src_ar/llc_ar_data[215]
    SLICE_X4Y45          LUT6 (Prop_D6LUT_SLICEM_I1_O)
                                                      0.099    29.582 f  i_carfield/i_cheshire_wrap/i_cheshire_ext_llc_cdc_src/i_cdc_fifo_gray_src_ar/gen_spill_reg.a_data_q[size][1]_i_2__50/O
                         net (fo=1, routed)           0.025    29.607    i_carfield/i_cheshire_wrap/i_cheshire_ext_llc_cdc_src/i_cdc_fifo_gray_src_ar/gen_spill_reg.a_data_q[size][1]_i_2__50_n_2
    SLICE_X4Y45          MUXF7 (Prop_F7MUX_CD_SLICEM_I0_O)
                                                      0.069    29.676 f  i_carfield/i_cheshire_wrap/i_cheshire_ext_llc_cdc_src/i_cdc_fifo_gray_src_ar/gen_spill_reg.a_data_q_reg[size][1]_i_1__10/O
                         net (fo=1, routed)           0.032    29.708    i_carfield/i_hyperbus_wrap/i_hyper_cdc_dst/i_cdc_fifo_gray_dst_ar/i_spill_register/spill_register_flushable_i/gen_spill_reg.a_data_q_reg[size][2]_1[1]
    SLICE_X4Y45          FDCE                                         f  i_carfield/i_hyperbus_wrap/i_hyper_cdc_dst/i_cdc_fifo_gray_dst_ar/i_spill_register/spill_register_flushable_i/gen_spill_reg.a_data_q_reg[size][1]/D
  -------------------------------------------------------------------    -------------------

                         max delay                    0.000     0.000    
    E12                  IBUFCTRL                     0.000     0.000 r  u_ibufg_sys_clk/IBUFCTRL_INST/O
                         net (fo=1, routed)           0.333     0.333    i_xlnx_clk_wiz/inst/clk_in1
    MMCM_X1Y12           MMCME4_ADV (Prop_MMCM_CLKIN1_CLKOUT3)
                                                      0.630     0.963 r  i_xlnx_clk_wiz/inst/mmcme4_adv_inst/CLKOUT3
                         net (fo=1, routed)           0.225     1.188    i_xlnx_clk_wiz/inst/clk_10_xlnx_clk_wiz
    BUFGCE_X1Y311        BUFGCE (Prop_BUFCE_BUFGCE_I_O)
                                                      0.024     1.212 r  i_xlnx_clk_wiz/inst/clkout4_buf/O
                         net (fo=64, routed)          4.140     5.352    i_carfield/gen_domain_clock_mux[0].i_clk_mux/clks_i[2]
    SLR Crossing[2->1]   
    SLICE_X118Y302       LUT5 (Prop_G6LUT_SLICEL_I1_O)
                                                      0.057     5.409 r  i_carfield/gen_domain_clock_mux[0].i_clk_mux/clk_o_INST_0/O
                         net (fo=1, routed)           0.943     6.352    i_carfield/gen_domain_clock_mux[0].i_clk_mux/clk_o
    SLR Crossing[1->0]   
    BUFGCE_X1Y84         BUFGCE (Prop_BUFCE_BUFGCE_I_O)
                                                      0.024     6.376 r  i_carfield/gen_domain_clock_mux[0].i_clk_mux/clk_o_BUFG_inst/O
                         net (fo=115, routed)         2.627     9.003    i_carfield/gen_domain_clock_mux[0].i_clk_div/clk_o
    SLR Crossing[0->1]   
    SLICE_X61Y300        LUT5 (Prop_G6LUT_SLICEL_I3_O)
                                                      0.057     9.060 r  i_carfield/gen_domain_clock_mux[0].i_clk_div/n_1_1099782_BUFG_inst_i_1/O
                         net (fo=2, routed)           0.064     9.124    i_carfield/i_hyper_clk_div/n_1_1099782_BUFG_inst_n_2
    SLICE_X61Y300        LUT5 (Prop_E6LUT_SLICEL_I3_O)
                                                      0.082     9.206 r  i_carfield/i_hyper_clk_div/hyp_clk_BUFG_inst_i_1/O
                         net (fo=1, routed)           1.527    10.733    i_carfield/hyp_clk
    SLR Crossing[1->0]   
    BUFGCE_X0Y39         BUFGCE (Prop_BUFCE_BUFGCE_I_O)
                                                      0.024    10.757 r  i_carfield/hyp_clk_BUFG_inst/O
    X1Y2 (CLOCK_ROOT)    net (fo=1287, routed)        1.868    12.625    i_carfield/i_hyperbus_wrap/i_hyper_cdc_dst/i_cdc_fifo_gray_dst_ar/i_spill_register/spill_register_flushable_i/hyp_clk_BUFG
    SLICE_X4Y45          FDCE                                         r  i_carfield/i_hyperbus_wrap/i_hyper_cdc_dst/i_cdc_fifo_gray_dst_ar/i_spill_register/spill_register_flushable_i/gen_spill_reg.a_data_q_reg[size][1]/C
                         clock pessimism             -0.706    11.919    
                         inter-SLR compensation      -1.749    10.170    
                         clock uncertainty           -0.226     9.944    
    SLICE_X4Y45          FDCE (Setup_DFF_SLICEM_C_D)
                                                      0.025     9.969    i_carfield/i_hyperbus_wrap/i_hyper_cdc_dst/i_cdc_fifo_gray_dst_ar/i_spill_register/spill_register_flushable_i/gen_spill_reg.a_data_q_reg[size][1]
  -------------------------------------------------------------------
                         required time                          9.969    
                         arrival time                         -29.708    
  -------------------------------------------------------------------
                         slack                                -19.739    

Slack (VIOLATED) :        -19.725ns  (required time - arrival time)
  Source:                 i_carfield/i_cheshire_wrap/i_cheshire_ext_llc_cdc_src/i_cdc_fifo_gray_src_ar/gen_word[5].data_q_reg[5][addr][15]/C
                            (rising edge-triggered cell FDRE clocked by clk_50_xlnx_clk_wiz  {rise@0.000ns fall@10.000ns period=20.000ns})
  Destination:            i_carfield/i_hyperbus_wrap/i_hyper_cdc_dst/i_cdc_fifo_gray_dst_ar/i_spill_register/spill_register_flushable_i/gen_spill_reg.a_data_q_reg[addr][15]/D
                            (rising edge-triggered cell FDCE clocked by periph_domain_clk  {rise@0.000ns fall@50.000ns period=100.000ns})
  Path Group:             periph_domain_clk
  Path Type:              Setup (Max at Slow Process Corner)
  Requirement:            0.000ns  (MaxDelay Path 0.000ns)
  Data Path Delay:        24.438ns  (logic 0.231ns (0.945%)  route 24.207ns (99.055%))
  Logic Levels:           2  (LUT6=1 MUXF7=1)
  Clock Path Skew:        6.663ns (DCD - SCD + CPR)
    Destination Clock Delay (DCD):    12.626ns
    Source Clock Delay      (SCD):    5.257ns
    Clock Pessimism Removal (CPR):    -0.706ns
  Clock Uncertainty:      0.226ns  ((TSJ^2 + DJ^2)^1/2) / 2 + PE
    Total System Jitter     (TSJ):    0.071ns
    Discrete Jitter          (DJ):    0.199ns
    Phase Error              (PE):    0.120ns
  Inter-SLR Compensation: 1.749ns  ((DCD - CCD) * PF)
    Destination Clock Delay (DCD):    12.626ns
    Common Clock Delay      (CCD):    0.963ns
    Prorating Factor         (PF):    0.150
  Clock Net Delay (Source):      4.721ns (routing 2.719ns, distribution 2.002ns)
  Clock Net Delay (Destination): 1.869ns (routing 0.617ns, distribution 1.252ns)
  Timing Exception:       MaxDelay Path 0.000ns

    Location             Delay type                Incr(ns)  Path(ns)    Netlist Resource(s)
  -------------------------------------------------------------------    -------------------
                         (clock clk_50_xlnx_clk_wiz rise edge)
                                                      0.000     0.000 r  
    E12                  IBUFCTRL                     0.000     0.000 r  u_ibufg_sys_clk/IBUFCTRL_INST/O
                         net (fo=1, routed)           0.384     0.384    i_xlnx_clk_wiz/inst/clk_in1
    MMCM_X1Y12           MMCME4_ADV (Prop_MMCM_CLKIN1_CLKOUT1)
                                                     -0.127     0.257 r  i_xlnx_clk_wiz/inst/mmcme4_adv_inst/CLKOUT1
                         net (fo=1, routed)           0.251     0.508    i_xlnx_clk_wiz/inst/clk_50_xlnx_clk_wiz
    BUFGCE_X1Y298        BUFGCE (Prop_BUFCE_BUFGCE_I_O)
                                                      0.028     0.536 r  i_xlnx_clk_wiz/inst/clkout2_buf/O
    X2Y4 (CLOCK_ROOT)    net (fo=240101, routed)      4.721     5.257    i_carfield/i_cheshire_wrap/i_cheshire_ext_llc_cdc_src/i_cdc_fifo_gray_src_ar/host_clk_i
    SLR Crossing[2->0]   
    SLICE_X4Y47          FDRE                                         r  i_carfield/i_cheshire_wrap/i_cheshire_ext_llc_cdc_src/i_cdc_fifo_gray_src_ar/gen_word[5].data_q_reg[5][addr][15]/C
  -------------------------------------------------------------------    -------------------
    SLICE_X4Y47          FDRE (Prop_EFF_SLICEM_C_Q)
                                                      0.076     5.333 r  i_carfield/i_cheshire_wrap/i_cheshire_ext_llc_cdc_src/i_cdc_fifo_gray_src_ar/gen_word[5].data_q_reg[5][addr][15]/Q
                         net (fo=1, routed)          24.165    29.498    i_carfield/i_cheshire_wrap/i_cheshire_ext_llc_cdc_src/i_cdc_fifo_gray_src_ar/llc_ar_data[519]
    SLICE_X4Y47          LUT6 (Prop_A6LUT_SLICEM_I3_O)
                                                      0.090    29.588 r  i_carfield/i_cheshire_wrap/i_cheshire_ext_llc_cdc_src/i_cdc_fifo_gray_src_ar/gen_spill_reg.a_data_q[addr][15]_i_3__24/O
                         net (fo=1, routed)           0.011    29.599    i_carfield/i_cheshire_wrap/i_cheshire_ext_llc_cdc_src/i_cdc_fifo_gray_src_ar/gen_spill_reg.a_data_q[addr][15]_i_3__24_n_2
    SLICE_X4Y47          MUXF7 (Prop_F7MUX_AB_SLICEM_I1_O)
                                                      0.065    29.664 r  i_carfield/i_cheshire_wrap/i_cheshire_ext_llc_cdc_src/i_cdc_fifo_gray_src_ar/gen_spill_reg.a_data_q_reg[addr][15]_i_1__11/O
                         net (fo=1, routed)           0.031    29.695    i_carfield/i_hyperbus_wrap/i_hyper_cdc_dst/i_cdc_fifo_gray_dst_ar/i_spill_register/spill_register_flushable_i/gen_spill_reg.a_data_q_reg[addr][32]_0[15]
    SLICE_X4Y47          FDCE                                         r  i_carfield/i_hyperbus_wrap/i_hyper_cdc_dst/i_cdc_fifo_gray_dst_ar/i_spill_register/spill_register_flushable_i/gen_spill_reg.a_data_q_reg[addr][15]/D
  -------------------------------------------------------------------    -------------------

                         max delay                    0.000     0.000    
    E12                  IBUFCTRL                     0.000     0.000 r  u_ibufg_sys_clk/IBUFCTRL_INST/O
                         net (fo=1, routed)           0.333     0.333    i_xlnx_clk_wiz/inst/clk_in1
    MMCM_X1Y12           MMCME4_ADV (Prop_MMCM_CLKIN1_CLKOUT3)
                                                      0.630     0.963 r  i_xlnx_clk_wiz/inst/mmcme4_adv_inst/CLKOUT3
                         net (fo=1, routed)           0.225     1.188    i_xlnx_clk_wiz/inst/clk_10_xlnx_clk_wiz
    BUFGCE_X1Y311        BUFGCE (Prop_BUFCE_BUFGCE_I_O)
                                                      0.024     1.212 r  i_xlnx_clk_wiz/inst/clkout4_buf/O
                         net (fo=64, routed)          4.140     5.352    i_carfield/gen_domain_clock_mux[0].i_clk_mux/clks_i[2]
    SLR Crossing[2->1]   
    SLICE_X118Y302       LUT5 (Prop_G6LUT_SLICEL_I1_O)
                                                      0.057     5.409 r  i_carfield/gen_domain_clock_mux[0].i_clk_mux/clk_o_INST_0/O
                         net (fo=1, routed)           0.943     6.352    i_carfield/gen_domain_clock_mux[0].i_clk_mux/clk_o
    SLR Crossing[1->0]   
    BUFGCE_X1Y84         BUFGCE (Prop_BUFCE_BUFGCE_I_O)
                                                      0.024     6.376 r  i_carfield/gen_domain_clock_mux[0].i_clk_mux/clk_o_BUFG_inst/O
                         net (fo=115, routed)         2.627     9.003    i_carfield/gen_domain_clock_mux[0].i_clk_div/clk_o
    SLR Crossing[0->1]   
    SLICE_X61Y300        LUT5 (Prop_G6LUT_SLICEL_I3_O)
                                                      0.057     9.060 r  i_carfield/gen_domain_clock_mux[0].i_clk_div/n_1_1099782_BUFG_inst_i_1/O
                         net (fo=2, routed)           0.064     9.124    i_carfield/i_hyper_clk_div/n_1_1099782_BUFG_inst_n_2
    SLICE_X61Y300        LUT5 (Prop_E6LUT_SLICEL_I3_O)
                                                      0.082     9.206 r  i_carfield/i_hyper_clk_div/hyp_clk_BUFG_inst_i_1/O
                         net (fo=1, routed)           1.527    10.733    i_carfield/hyp_clk
    SLR Crossing[1->0]   
    BUFGCE_X0Y39         BUFGCE (Prop_BUFCE_BUFGCE_I_O)
                                                      0.024    10.757 r  i_carfield/hyp_clk_BUFG_inst/O
    X1Y2 (CLOCK_ROOT)    net (fo=1287, routed)        1.869    12.626    i_carfield/i_hyperbus_wrap/i_hyper_cdc_dst/i_cdc_fifo_gray_dst_ar/i_spill_register/spill_register_flushable_i/hyp_clk_BUFG
    SLICE_X4Y47          FDCE                                         r  i_carfield/i_hyperbus_wrap/i_hyper_cdc_dst/i_cdc_fifo_gray_dst_ar/i_spill_register/spill_register_flushable_i/gen_spill_reg.a_data_q_reg[addr][15]/C
                         clock pessimism             -0.706    11.920    
                         inter-SLR compensation      -1.749    10.171    
                         clock uncertainty           -0.226     9.945    
    SLICE_X4Y47          FDCE (Setup_BFF_SLICEM_C_D)
                                                      0.025     9.970    i_carfield/i_hyperbus_wrap/i_hyper_cdc_dst/i_cdc_fifo_gray_dst_ar/i_spill_register/spill_register_flushable_i/gen_spill_reg.a_data_q_reg[addr][15]
  -------------------------------------------------------------------
                         required time                          9.970    
                         arrival time                         -29.695    
  -------------------------------------------------------------------
                         slack                                -19.725    

Slack (VIOLATED) :        -19.725ns  (required time - arrival time)
  Source:                 i_carfield/i_cheshire_wrap/i_cheshire_ext_llc_cdc_src/i_cdc_fifo_gray_src_ar/gen_word[5].data_q_reg[5][addr][15]/C
                            (rising edge-triggered cell FDRE clocked by clk_50_xlnx_clk_wiz  {rise@0.000ns fall@10.000ns period=20.000ns})
  Destination:            i_carfield/i_hyperbus_wrap/i_hyper_cdc_dst/i_cdc_fifo_gray_dst_ar/i_spill_register/spill_register_flushable_i/gen_spill_reg.a_data_q_reg[addr][15]/D
                            (rising edge-triggered cell FDCE clocked by periph_domain_clk  {rise@0.000ns fall@50.000ns period=100.000ns})
  Path Group:             periph_domain_clk
  Path Type:              Setup (Max at Slow Process Corner)
  Requirement:            0.000ns  (MaxDelay Path 0.000ns)
  Data Path Delay:        24.438ns  (logic 0.231ns (0.945%)  route 24.207ns (99.055%))
  Logic Levels:           2  (LUT6=1 MUXF7=1)
  Clock Path Skew:        6.663ns (DCD - SCD + CPR)
    Destination Clock Delay (DCD):    12.626ns
    Source Clock Delay      (SCD):    5.257ns
    Clock Pessimism Removal (CPR):    -0.706ns
  Clock Uncertainty:      0.226ns  ((TSJ^2 + DJ^2)^1/2) / 2 + PE
    Total System Jitter     (TSJ):    0.071ns
    Discrete Jitter          (DJ):    0.199ns
    Phase Error              (PE):    0.120ns
  Inter-SLR Compensation: 1.749ns  ((DCD - CCD) * PF)
    Destination Clock Delay (DCD):    12.626ns
    Common Clock Delay      (CCD):    0.963ns
    Prorating Factor         (PF):    0.150
  Clock Net Delay (Source):      4.721ns (routing 2.719ns, distribution 2.002ns)
  Clock Net Delay (Destination): 1.869ns (routing 0.617ns, distribution 1.252ns)
  Timing Exception:       MaxDelay Path 0.000ns

    Location             Delay type                Incr(ns)  Path(ns)    Netlist Resource(s)
  -------------------------------------------------------------------    -------------------
                         (clock clk_50_xlnx_clk_wiz rise edge)
                                                      0.000     0.000 r  
    E12                  IBUFCTRL                     0.000     0.000 r  u_ibufg_sys_clk/IBUFCTRL_INST/O
                         net (fo=1, routed)           0.384     0.384    i_xlnx_clk_wiz/inst/clk_in1
    MMCM_X1Y12           MMCME4_ADV (Prop_MMCM_CLKIN1_CLKOUT1)
                                                     -0.127     0.257 r  i_xlnx_clk_wiz/inst/mmcme4_adv_inst/CLKOUT1
                         net (fo=1, routed)           0.251     0.508    i_xlnx_clk_wiz/inst/clk_50_xlnx_clk_wiz
    BUFGCE_X1Y298        BUFGCE (Prop_BUFCE_BUFGCE_I_O)
                                                      0.028     0.536 r  i_xlnx_clk_wiz/inst/clkout2_buf/O
    X2Y4 (CLOCK_ROOT)    net (fo=240101, routed)      4.721     5.257    i_carfield/i_cheshire_wrap/i_cheshire_ext_llc_cdc_src/i_cdc_fifo_gray_src_ar/host_clk_i
    SLR Crossing[2->0]   
    SLICE_X4Y47          FDRE                                         r  i_carfield/i_cheshire_wrap/i_cheshire_ext_llc_cdc_src/i_cdc_fifo_gray_src_ar/gen_word[5].data_q_reg[5][addr][15]/C
  -------------------------------------------------------------------    -------------------
    SLICE_X4Y47          FDRE (Prop_EFF_SLICEM_C_Q)
                                                      0.076     5.333 f  i_carfield/i_cheshire_wrap/i_cheshire_ext_llc_cdc_src/i_cdc_fifo_gray_src_ar/gen_word[5].data_q_reg[5][addr][15]/Q
                         net (fo=1, routed)          24.165    29.498    i_carfield/i_cheshire_wrap/i_cheshire_ext_llc_cdc_src/i_cdc_fifo_gray_src_ar/llc_ar_data[519]
    SLICE_X4Y47          LUT6 (Prop_A6LUT_SLICEM_I3_O)
                                                      0.090    29.588 f  i_carfield/i_cheshire_wrap/i_cheshire_ext_llc_cdc_src/i_cdc_fifo_gray_src_ar/gen_spill_reg.a_data_q[addr][15]_i_3__24/O
                         net (fo=1, routed)           0.011    29.599    i_carfield/i_cheshire_wrap/i_cheshire_ext_llc_cdc_src/i_cdc_fifo_gray_src_ar/gen_spill_reg.a_data_q[addr][15]_i_3__24_n_2
    SLICE_X4Y47          MUXF7 (Prop_F7MUX_AB_SLICEM_I1_O)
                                                      0.065    29.664 f  i_carfield/i_cheshire_wrap/i_cheshire_ext_llc_cdc_src/i_cdc_fifo_gray_src_ar/gen_spill_reg.a_data_q_reg[addr][15]_i_1__11/O
                         net (fo=1, routed)           0.031    29.695    i_carfield/i_hyperbus_wrap/i_hyper_cdc_dst/i_cdc_fifo_gray_dst_ar/i_spill_register/spill_register_flushable_i/gen_spill_reg.a_data_q_reg[addr][32]_0[15]
    SLICE_X4Y47          FDCE                                         f  i_carfield/i_hyperbus_wrap/i_hyper_cdc_dst/i_cdc_fifo_gray_dst_ar/i_spill_register/spill_register_flushable_i/gen_spill_reg.a_data_q_reg[addr][15]/D
  -------------------------------------------------------------------    -------------------

                         max delay                    0.000     0.000    
    E12                  IBUFCTRL                     0.000     0.000 r  u_ibufg_sys_clk/IBUFCTRL_INST/O
                         net (fo=1, routed)           0.333     0.333    i_xlnx_clk_wiz/inst/clk_in1
    MMCM_X1Y12           MMCME4_ADV (Prop_MMCM_CLKIN1_CLKOUT3)
                                                      0.630     0.963 r  i_xlnx_clk_wiz/inst/mmcme4_adv_inst/CLKOUT3
                         net (fo=1, routed)           0.225     1.188    i_xlnx_clk_wiz/inst/clk_10_xlnx_clk_wiz
    BUFGCE_X1Y311        BUFGCE (Prop_BUFCE_BUFGCE_I_O)
                                                      0.024     1.212 r  i_xlnx_clk_wiz/inst/clkout4_buf/O
                         net (fo=64, routed)          4.140     5.352    i_carfield/gen_domain_clock_mux[0].i_clk_mux/clks_i[2]
    SLR Crossing[2->1]   
    SLICE_X118Y302       LUT5 (Prop_G6LUT_SLICEL_I1_O)
                                                      0.057     5.409 r  i_carfield/gen_domain_clock_mux[0].i_clk_mux/clk_o_INST_0/O
                         net (fo=1, routed)           0.943     6.352    i_carfield/gen_domain_clock_mux[0].i_clk_mux/clk_o
    SLR Crossing[1->0]   
    BUFGCE_X1Y84         BUFGCE (Prop_BUFCE_BUFGCE_I_O)
                                                      0.024     6.376 r  i_carfield/gen_domain_clock_mux[0].i_clk_mux/clk_o_BUFG_inst/O
                         net (fo=115, routed)         2.627     9.003    i_carfield/gen_domain_clock_mux[0].i_clk_div/clk_o
    SLR Crossing[0->1]   
    SLICE_X61Y300        LUT5 (Prop_G6LUT_SLICEL_I3_O)
                                                      0.057     9.060 r  i_carfield/gen_domain_clock_mux[0].i_clk_div/n_1_1099782_BUFG_inst_i_1/O
                         net (fo=2, routed)           0.064     9.124    i_carfield/i_hyper_clk_div/n_1_1099782_BUFG_inst_n_2
    SLICE_X61Y300        LUT5 (Prop_E6LUT_SLICEL_I3_O)
                                                      0.082     9.206 r  i_carfield/i_hyper_clk_div/hyp_clk_BUFG_inst_i_1/O
                         net (fo=1, routed)           1.527    10.733    i_carfield/hyp_clk
    SLR Crossing[1->0]   
    BUFGCE_X0Y39         BUFGCE (Prop_BUFCE_BUFGCE_I_O)
                                                      0.024    10.757 r  i_carfield/hyp_clk_BUFG_inst/O
    X1Y2 (CLOCK_ROOT)    net (fo=1287, routed)        1.869    12.626    i_carfield/i_hyperbus_wrap/i_hyper_cdc_dst/i_cdc_fifo_gray_dst_ar/i_spill_register/spill_register_flushable_i/hyp_clk_BUFG
    SLICE_X4Y47          FDCE                                         r  i_carfield/i_hyperbus_wrap/i_hyper_cdc_dst/i_cdc_fifo_gray_dst_ar/i_spill_register/spill_register_flushable_i/gen_spill_reg.a_data_q_reg[addr][15]/C
                         clock pessimism             -0.706    11.920    
                         inter-SLR compensation      -1.749    10.171    
                         clock uncertainty           -0.226     9.945    
    SLICE_X4Y47          FDCE (Setup_BFF_SLICEM_C_D)
                                                      0.025     9.970    i_carfield/i_hyperbus_wrap/i_hyper_cdc_dst/i_cdc_fifo_gray_dst_ar/i_spill_register/spill_register_flushable_i/gen_spill_reg.a_data_q_reg[addr][15]
  -------------------------------------------------------------------
                         required time                          9.970    
                         arrival time                         -29.695    
  -------------------------------------------------------------------
                         slack                                -19.725    

Slack (VIOLATED) :        -19.712ns  (required time - arrival time)
  Source:                 i_carfield/i_cheshire_wrap/i_cheshire_ext_llc_cdc_src/i_cdc_fifo_gray_src_ar/gen_word[3].data_q_reg[3][id][2]/C
                            (rising edge-triggered cell FDRE clocked by clk_50_xlnx_clk_wiz  {rise@0.000ns fall@10.000ns period=20.000ns})
  Destination:            i_carfield/i_hyperbus_wrap/i_hyper_cdc_dst/i_cdc_fifo_gray_dst_ar/i_spill_register/spill_register_flushable_i/gen_spill_reg.a_data_q_reg[id][2]/D
                            (rising edge-triggered cell FDCE clocked by periph_domain_clk  {rise@0.000ns fall@50.000ns period=100.000ns})
  Path Group:             periph_domain_clk
  Path Type:              Setup (Max at Slow Process Corner)
  Requirement:            0.000ns  (MaxDelay Path 0.000ns)
  Data Path Delay:        24.445ns  (logic 0.264ns (1.080%)  route 24.181ns (98.920%))
  Logic Levels:           2  (LUT6=1 MUXF7=1)
  Clock Path Skew:        6.677ns (DCD - SCD + CPR)
    Destination Clock Delay (DCD):    12.585ns
    Source Clock Delay      (SCD):    5.202ns
    Clock Pessimism Removal (CPR):    -0.706ns
  Clock Uncertainty:      0.226ns  ((TSJ^2 + DJ^2)^1/2) / 2 + PE
    Total System Jitter     (TSJ):    0.071ns
    Discrete Jitter          (DJ):    0.199ns
    Phase Error              (PE):    0.120ns
  Inter-SLR Compensation: 1.743ns  ((DCD - CCD) * PF)
    Destination Clock Delay (DCD):    12.585ns
    Common Clock Delay      (CCD):    0.963ns
    Prorating Factor         (PF):    0.150
  Clock Net Delay (Source):      4.666ns (routing 2.719ns, distribution 1.947ns)
  Clock Net Delay (Destination): 1.828ns (routing 0.617ns, distribution 1.211ns)
  Timing Exception:       MaxDelay Path 0.000ns

    Location             Delay type                Incr(ns)  Path(ns)    Netlist Resource(s)
  -------------------------------------------------------------------    -------------------
                         (clock clk_50_xlnx_clk_wiz rise edge)
                                                      0.000     0.000 r  
    E12                  IBUFCTRL                     0.000     0.000 r  u_ibufg_sys_clk/IBUFCTRL_INST/O
                         net (fo=1, routed)           0.384     0.384    i_xlnx_clk_wiz/inst/clk_in1
    MMCM_X1Y12           MMCME4_ADV (Prop_MMCM_CLKIN1_CLKOUT1)
                                                     -0.127     0.257 r  i_xlnx_clk_wiz/inst/mmcme4_adv_inst/CLKOUT1
                         net (fo=1, routed)           0.251     0.508    i_xlnx_clk_wiz/inst/clk_50_xlnx_clk_wiz
    BUFGCE_X1Y298        BUFGCE (Prop_BUFCE_BUFGCE_I_O)
                                                      0.028     0.536 r  i_xlnx_clk_wiz/inst/clkout2_buf/O
    X2Y4 (CLOCK_ROOT)    net (fo=240101, routed)      4.666     5.202    i_carfield/i_cheshire_wrap/i_cheshire_ext_llc_cdc_src/i_cdc_fifo_gray_src_ar/host_clk_i
    SLR Crossing[2->0]   
    SLICE_X12Y35         FDRE                                         r  i_carfield/i_cheshire_wrap/i_cheshire_ext_llc_cdc_src/i_cdc_fifo_gray_src_ar/gen_word[3].data_q_reg[3][id][2]/C
  -------------------------------------------------------------------    -------------------
    SLICE_X12Y35         FDRE (Prop_FFF_SLICEL_C_Q)
                                                      0.079     5.281 r  i_carfield/i_cheshire_wrap/i_cheshire_ext_llc_cdc_src/i_cdc_fifo_gray_src_ar/gen_word[3].data_q_reg[3][id][2]/Q
                         net (fo=1, routed)          24.141    29.422    i_carfield/i_cheshire_wrap/i_cheshire_ext_llc_cdc_src/i_cdc_fifo_gray_src_ar/llc_ar_data[368]
    SLICE_X12Y37         LUT6 (Prop_D6LUT_SLICEL_I0_O)
                                                      0.122    29.544 r  i_carfield/i_cheshire_wrap/i_cheshire_ext_llc_cdc_src/i_cdc_fifo_gray_src_ar/gen_spill_reg.a_data_q[id][2]_i_2__54/O
                         net (fo=1, routed)           0.009    29.553    i_carfield/i_cheshire_wrap/i_cheshire_ext_llc_cdc_src/i_cdc_fifo_gray_src_ar/gen_spill_reg.a_data_q[id][2]_i_2__54_n_2
    SLICE_X12Y37         MUXF7 (Prop_F7MUX_CD_SLICEL_I0_O)
                                                      0.063    29.616 r  i_carfield/i_cheshire_wrap/i_cheshire_ext_llc_cdc_src/i_cdc_fifo_gray_src_ar/gen_spill_reg.a_data_q_reg[id][2]_i_1__8/O
                         net (fo=1, routed)           0.031    29.647    i_carfield/i_hyperbus_wrap/i_hyper_cdc_dst/i_cdc_fifo_gray_dst_ar/i_spill_register/spill_register_flushable_i/gen_spill_reg.a_data_q_reg[id][5]_0[2]
    SLICE_X12Y37         FDCE                                         r  i_carfield/i_hyperbus_wrap/i_hyper_cdc_dst/i_cdc_fifo_gray_dst_ar/i_spill_register/spill_register_flushable_i/gen_spill_reg.a_data_q_reg[id][2]/D
  -------------------------------------------------------------------    -------------------

                         max delay                    0.000     0.000    
    E12                  IBUFCTRL                     0.000     0.000 r  u_ibufg_sys_clk/IBUFCTRL_INST/O
                         net (fo=1, routed)           0.333     0.333    i_xlnx_clk_wiz/inst/clk_in1
    MMCM_X1Y12           MMCME4_ADV (Prop_MMCM_CLKIN1_CLKOUT3)
                                                      0.630     0.963 r  i_xlnx_clk_wiz/inst/mmcme4_adv_inst/CLKOUT3
                         net (fo=1, routed)           0.225     1.188    i_xlnx_clk_wiz/inst/clk_10_xlnx_clk_wiz
    BUFGCE_X1Y311        BUFGCE (Prop_BUFCE_BUFGCE_I_O)
                                                      0.024     1.212 r  i_xlnx_clk_wiz/inst/clkout4_buf/O
                         net (fo=64, routed)          4.140     5.352    i_carfield/gen_domain_clock_mux[0].i_clk_mux/clks_i[2]
    SLR Crossing[2->1]   
    SLICE_X118Y302       LUT5 (Prop_G6LUT_SLICEL_I1_O)
                                                      0.057     5.409 r  i_carfield/gen_domain_clock_mux[0].i_clk_mux/clk_o_INST_0/O
                         net (fo=1, routed)           0.943     6.352    i_carfield/gen_domain_clock_mux[0].i_clk_mux/clk_o
    SLR Crossing[1->0]   
    BUFGCE_X1Y84         BUFGCE (Prop_BUFCE_BUFGCE_I_O)
                                                      0.024     6.376 r  i_carfield/gen_domain_clock_mux[0].i_clk_mux/clk_o_BUFG_inst/O
                         net (fo=115, routed)         2.627     9.003    i_carfield/gen_domain_clock_mux[0].i_clk_div/clk_o
    SLR Crossing[0->1]   
    SLICE_X61Y300        LUT5 (Prop_G6LUT_SLICEL_I3_O)
                                                      0.057     9.060 r  i_carfield/gen_domain_clock_mux[0].i_clk_div/n_1_1099782_BUFG_inst_i_1/O
                         net (fo=2, routed)           0.064     9.124    i_carfield/i_hyper_clk_div/n_1_1099782_BUFG_inst_n_2
    SLICE_X61Y300        LUT5 (Prop_E6LUT_SLICEL_I3_O)
                                                      0.082     9.206 r  i_carfield/i_hyper_clk_div/hyp_clk_BUFG_inst_i_1/O
                         net (fo=1, routed)           1.527    10.733    i_carfield/hyp_clk
    SLR Crossing[1->0]   
    BUFGCE_X0Y39         BUFGCE (Prop_BUFCE_BUFGCE_I_O)
                                                      0.024    10.757 r  i_carfield/hyp_clk_BUFG_inst/O
    X1Y2 (CLOCK_ROOT)    net (fo=1287, routed)        1.828    12.585    i_carfield/i_hyperbus_wrap/i_hyper_cdc_dst/i_cdc_fifo_gray_dst_ar/i_spill_register/spill_register_flushable_i/hyp_clk_BUFG
    SLICE_X12Y37         FDCE                                         r  i_carfield/i_hyperbus_wrap/i_hyper_cdc_dst/i_cdc_fifo_gray_dst_ar/i_spill_register/spill_register_flushable_i/gen_spill_reg.a_data_q_reg[id][2]/C
                         clock pessimism             -0.706    11.879    
                         inter-SLR compensation      -1.743    10.136    
                         clock uncertainty           -0.226     9.910    
    SLICE_X12Y37         FDCE (Setup_DFF_SLICEL_C_D)
                                                      0.025     9.935    i_carfield/i_hyperbus_wrap/i_hyper_cdc_dst/i_cdc_fifo_gray_dst_ar/i_spill_register/spill_register_flushable_i/gen_spill_reg.a_data_q_reg[id][2]
  -------------------------------------------------------------------
                         required time                          9.935    
                         arrival time                         -29.647    
  -------------------------------------------------------------------
                         slack                                -19.712    

Slack (VIOLATED) :        -19.712ns  (required time - arrival time)
  Source:                 i_carfield/i_cheshire_wrap/i_cheshire_ext_llc_cdc_src/i_cdc_fifo_gray_src_ar/gen_word[3].data_q_reg[3][id][2]/C
                            (rising edge-triggered cell FDRE clocked by clk_50_xlnx_clk_wiz  {rise@0.000ns fall@10.000ns period=20.000ns})
  Destination:            i_carfield/i_hyperbus_wrap/i_hyper_cdc_dst/i_cdc_fifo_gray_dst_ar/i_spill_register/spill_register_flushable_i/gen_spill_reg.a_data_q_reg[id][2]/D
                            (rising edge-triggered cell FDCE clocked by periph_domain_clk  {rise@0.000ns fall@50.000ns period=100.000ns})
  Path Group:             periph_domain_clk
  Path Type:              Setup (Max at Slow Process Corner)
  Requirement:            0.000ns  (MaxDelay Path 0.000ns)
  Data Path Delay:        24.445ns  (logic 0.264ns (1.080%)  route 24.181ns (98.920%))
  Logic Levels:           2  (LUT6=1 MUXF7=1)
  Clock Path Skew:        6.677ns (DCD - SCD + CPR)
    Destination Clock Delay (DCD):    12.585ns
    Source Clock Delay      (SCD):    5.202ns
    Clock Pessimism Removal (CPR):    -0.706ns
  Clock Uncertainty:      0.226ns  ((TSJ^2 + DJ^2)^1/2) / 2 + PE
    Total System Jitter     (TSJ):    0.071ns
    Discrete Jitter          (DJ):    0.199ns
    Phase Error              (PE):    0.120ns
  Inter-SLR Compensation: 1.743ns  ((DCD - CCD) * PF)
    Destination Clock Delay (DCD):    12.585ns
    Common Clock Delay      (CCD):    0.963ns
    Prorating Factor         (PF):    0.150
  Clock Net Delay (Source):      4.666ns (routing 2.719ns, distribution 1.947ns)
  Clock Net Delay (Destination): 1.828ns (routing 0.617ns, distribution 1.211ns)
  Timing Exception:       MaxDelay Path 0.000ns

    Location             Delay type                Incr(ns)  Path(ns)    Netlist Resource(s)
  -------------------------------------------------------------------    -------------------
                         (clock clk_50_xlnx_clk_wiz rise edge)
                                                      0.000     0.000 r  
    E12                  IBUFCTRL                     0.000     0.000 r  u_ibufg_sys_clk/IBUFCTRL_INST/O
                         net (fo=1, routed)           0.384     0.384    i_xlnx_clk_wiz/inst/clk_in1
    MMCM_X1Y12           MMCME4_ADV (Prop_MMCM_CLKIN1_CLKOUT1)
                                                     -0.127     0.257 r  i_xlnx_clk_wiz/inst/mmcme4_adv_inst/CLKOUT1
                         net (fo=1, routed)           0.251     0.508    i_xlnx_clk_wiz/inst/clk_50_xlnx_clk_wiz
    BUFGCE_X1Y298        BUFGCE (Prop_BUFCE_BUFGCE_I_O)
                                                      0.028     0.536 r  i_xlnx_clk_wiz/inst/clkout2_buf/O
    X2Y4 (CLOCK_ROOT)    net (fo=240101, routed)      4.666     5.202    i_carfield/i_cheshire_wrap/i_cheshire_ext_llc_cdc_src/i_cdc_fifo_gray_src_ar/host_clk_i
    SLR Crossing[2->0]   
    SLICE_X12Y35         FDRE                                         r  i_carfield/i_cheshire_wrap/i_cheshire_ext_llc_cdc_src/i_cdc_fifo_gray_src_ar/gen_word[3].data_q_reg[3][id][2]/C
  -------------------------------------------------------------------    -------------------
    SLICE_X12Y35         FDRE (Prop_FFF_SLICEL_C_Q)
                                                      0.079     5.281 f  i_carfield/i_cheshire_wrap/i_cheshire_ext_llc_cdc_src/i_cdc_fifo_gray_src_ar/gen_word[3].data_q_reg[3][id][2]/Q
                         net (fo=1, routed)          24.141    29.422    i_carfield/i_cheshire_wrap/i_cheshire_ext_llc_cdc_src/i_cdc_fifo_gray_src_ar/llc_ar_data[368]
    SLICE_X12Y37         LUT6 (Prop_D6LUT_SLICEL_I0_O)
                                                      0.122    29.544 f  i_carfield/i_cheshire_wrap/i_cheshire_ext_llc_cdc_src/i_cdc_fifo_gray_src_ar/gen_spill_reg.a_data_q[id][2]_i_2__54/O
                         net (fo=1, routed)           0.009    29.553    i_carfield/i_cheshire_wrap/i_cheshire_ext_llc_cdc_src/i_cdc_fifo_gray_src_ar/gen_spill_reg.a_data_q[id][2]_i_2__54_n_2
    SLICE_X12Y37         MUXF7 (Prop_F7MUX_CD_SLICEL_I0_O)
                                                      0.063    29.616 f  i_carfield/i_cheshire_wrap/i_cheshire_ext_llc_cdc_src/i_cdc_fifo_gray_src_ar/gen_spill_reg.a_data_q_reg[id][2]_i_1__8/O
                         net (fo=1, routed)           0.031    29.647    i_carfield/i_hyperbus_wrap/i_hyper_cdc_dst/i_cdc_fifo_gray_dst_ar/i_spill_register/spill_register_flushable_i/gen_spill_reg.a_data_q_reg[id][5]_0[2]
    SLICE_X12Y37         FDCE                                         f  i_carfield/i_hyperbus_wrap/i_hyper_cdc_dst/i_cdc_fifo_gray_dst_ar/i_spill_register/spill_register_flushable_i/gen_spill_reg.a_data_q_reg[id][2]/D
  -------------------------------------------------------------------    -------------------

                         max delay                    0.000     0.000    
    E12                  IBUFCTRL                     0.000     0.000 r  u_ibufg_sys_clk/IBUFCTRL_INST/O
                         net (fo=1, routed)           0.333     0.333    i_xlnx_clk_wiz/inst/clk_in1
    MMCM_X1Y12           MMCME4_ADV (Prop_MMCM_CLKIN1_CLKOUT3)
                                                      0.630     0.963 r  i_xlnx_clk_wiz/inst/mmcme4_adv_inst/CLKOUT3
                         net (fo=1, routed)           0.225     1.188    i_xlnx_clk_wiz/inst/clk_10_xlnx_clk_wiz
    BUFGCE_X1Y311        BUFGCE (Prop_BUFCE_BUFGCE_I_O)
                                                      0.024     1.212 r  i_xlnx_clk_wiz/inst/clkout4_buf/O
                         net (fo=64, routed)          4.140     5.352    i_carfield/gen_domain_clock_mux[0].i_clk_mux/clks_i[2]
    SLR Crossing[2->1]   
    SLICE_X118Y302       LUT5 (Prop_G6LUT_SLICEL_I1_O)
                                                      0.057     5.409 r  i_carfield/gen_domain_clock_mux[0].i_clk_mux/clk_o_INST_0/O
                         net (fo=1, routed)           0.943     6.352    i_carfield/gen_domain_clock_mux[0].i_clk_mux/clk_o
    SLR Crossing[1->0]   
    BUFGCE_X1Y84         BUFGCE (Prop_BUFCE_BUFGCE_I_O)
                                                      0.024     6.376 r  i_carfield/gen_domain_clock_mux[0].i_clk_mux/clk_o_BUFG_inst/O
                         net (fo=115, routed)         2.627     9.003    i_carfield/gen_domain_clock_mux[0].i_clk_div/clk_o
    SLR Crossing[0->1]   
    SLICE_X61Y300        LUT5 (Prop_G6LUT_SLICEL_I3_O)
                                                      0.057     9.060 r  i_carfield/gen_domain_clock_mux[0].i_clk_div/n_1_1099782_BUFG_inst_i_1/O
                         net (fo=2, routed)           0.064     9.124    i_carfield/i_hyper_clk_div/n_1_1099782_BUFG_inst_n_2
    SLICE_X61Y300        LUT5 (Prop_E6LUT_SLICEL_I3_O)
                                                      0.082     9.206 r  i_carfield/i_hyper_clk_div/hyp_clk_BUFG_inst_i_1/O
                         net (fo=1, routed)           1.527    10.733    i_carfield/hyp_clk
    SLR Crossing[1->0]   
    BUFGCE_X0Y39         BUFGCE (Prop_BUFCE_BUFGCE_I_O)
                                                      0.024    10.757 r  i_carfield/hyp_clk_BUFG_inst/O
    X1Y2 (CLOCK_ROOT)    net (fo=1287, routed)        1.828    12.585    i_carfield/i_hyperbus_wrap/i_hyper_cdc_dst/i_cdc_fifo_gray_dst_ar/i_spill_register/spill_register_flushable_i/hyp_clk_BUFG
    SLICE_X12Y37         FDCE                                         r  i_carfield/i_hyperbus_wrap/i_hyper_cdc_dst/i_cdc_fifo_gray_dst_ar/i_spill_register/spill_register_flushable_i/gen_spill_reg.a_data_q_reg[id][2]/C
                         clock pessimism             -0.706    11.879    
                         inter-SLR compensation      -1.743    10.136    
                         clock uncertainty           -0.226     9.910    
    SLICE_X12Y37         FDCE (Setup_DFF_SLICEL_C_D)
                                                      0.025     9.935    i_carfield/i_hyperbus_wrap/i_hyper_cdc_dst/i_cdc_fifo_gray_dst_ar/i_spill_register/spill_register_flushable_i/gen_spill_reg.a_data_q_reg[id][2]
  -------------------------------------------------------------------
                         required time                          9.935    
                         arrival time                         -29.647    
  -------------------------------------------------------------------
                         slack                                -19.712    

Slack (VIOLATED) :        -19.630ns  (required time - arrival time)
  Source:                 i_carfield/i_cheshire_wrap/i_cheshire_ext_llc_cdc_src/i_cdc_fifo_gray_src_aw/gen_word[1].data_q_reg[1][addr][18]/C
                            (rising edge-triggered cell FDRE clocked by clk_50_xlnx_clk_wiz  {rise@0.000ns fall@10.000ns period=20.000ns})
  Destination:            i_carfield/i_hyperbus_wrap/i_hyper_cdc_dst/i_cdc_fifo_gray_dst_aw/i_spill_register/spill_register_flushable_i/gen_spill_reg.a_data_q_reg[addr][18]/D
                            (rising edge-triggered cell FDCE clocked by periph_domain_clk  {rise@0.000ns fall@50.000ns period=100.000ns})
  Path Group:             periph_domain_clk
  Path Type:              Setup (Max at Slow Process Corner)
  Requirement:            0.000ns  (MaxDelay Path 0.000ns)
  Data Path Delay:        24.362ns  (logic 0.264ns (1.084%)  route 24.098ns (98.916%))
  Logic Levels:           2  (LUT6=1 MUXF7=1)
  Clock Path Skew:        6.656ns (DCD - SCD + CPR)
    Destination Clock Delay (DCD):    12.449ns
    Source Clock Delay      (SCD):    5.087ns
    Clock Pessimism Removal (CPR):    -0.706ns
  Clock Uncertainty:      0.226ns  ((TSJ^2 + DJ^2)^1/2) / 2 + PE
    Total System Jitter     (TSJ):    0.071ns
    Discrete Jitter          (DJ):    0.199ns
    Phase Error              (PE):    0.120ns
  Inter-SLR Compensation: 1.723ns  ((DCD - CCD) * PF)
    Destination Clock Delay (DCD):    12.449ns
    Common Clock Delay      (CCD):    0.963ns
    Prorating Factor         (PF):    0.150
  Clock Net Delay (Source):      4.551ns (routing 2.719ns, distribution 1.832ns)
  Clock Net Delay (Destination): 1.692ns (routing 0.617ns, distribution 1.075ns)
  Timing Exception:       MaxDelay Path 0.000ns

    Location             Delay type                Incr(ns)  Path(ns)    Netlist Resource(s)
  -------------------------------------------------------------------    -------------------
                         (clock clk_50_xlnx_clk_wiz rise edge)
                                                      0.000     0.000 r  
    E12                  IBUFCTRL                     0.000     0.000 r  u_ibufg_sys_clk/IBUFCTRL_INST/O
                         net (fo=1, routed)           0.384     0.384    i_xlnx_clk_wiz/inst/clk_in1
    MMCM_X1Y12           MMCME4_ADV (Prop_MMCM_CLKIN1_CLKOUT1)
                                                     -0.127     0.257 r  i_xlnx_clk_wiz/inst/mmcme4_adv_inst/CLKOUT1
                         net (fo=1, routed)           0.251     0.508    i_xlnx_clk_wiz/inst/clk_50_xlnx_clk_wiz
    BUFGCE_X1Y298        BUFGCE (Prop_BUFCE_BUFGCE_I_O)
                                                      0.028     0.536 r  i_xlnx_clk_wiz/inst/clkout2_buf/O
    X2Y4 (CLOCK_ROOT)    net (fo=240101, routed)      4.551     5.087    i_carfield/i_cheshire_wrap/i_cheshire_ext_llc_cdc_src/i_cdc_fifo_gray_src_aw/host_clk_i
    SLR Crossing[2->0]   
    SLICE_X40Y50         FDRE                                         r  i_carfield/i_cheshire_wrap/i_cheshire_ext_llc_cdc_src/i_cdc_fifo_gray_src_aw/gen_word[1].data_q_reg[1][addr][18]/C
  -------------------------------------------------------------------    -------------------
    SLICE_X40Y50         FDRE (Prop_EFF_SLICEM_C_Q)
                                                      0.076     5.163 r  i_carfield/i_cheshire_wrap/i_cheshire_ext_llc_cdc_src/i_cdc_fifo_gray_src_aw/gen_word[1].data_q_reg[1][addr][18]/Q
                         net (fo=1, routed)          24.057    29.220    i_carfield/i_cheshire_wrap/i_cheshire_ext_llc_cdc_src/i_cdc_fifo_gray_src_aw/llc_aw_data[162]
    SLICE_X41Y50         LUT6 (Prop_H6LUT_SLICEL_I3_O)
                                                      0.124    29.344 r  i_carfield/i_cheshire_wrap/i_cheshire_ext_llc_cdc_src/i_cdc_fifo_gray_src_aw/gen_spill_reg.a_data_q[addr][18]_i_2__45/O
                         net (fo=1, routed)           0.010    29.354    i_carfield/i_cheshire_wrap/i_cheshire_ext_llc_cdc_src/i_cdc_fifo_gray_src_aw/gen_spill_reg.a_data_q[addr][18]_i_2__45_n_2
    SLICE_X41Y50         MUXF7 (Prop_F7MUX_GH_SLICEL_I0_O)
                                                      0.064    29.418 r  i_carfield/i_cheshire_wrap/i_cheshire_ext_llc_cdc_src/i_cdc_fifo_gray_src_aw/gen_spill_reg.a_data_q_reg[addr][18]_i_1__10/O
                         net (fo=1, routed)           0.031    29.449    i_carfield/i_hyperbus_wrap/i_hyper_cdc_dst/i_cdc_fifo_gray_dst_aw/i_spill_register/spill_register_flushable_i/gen_spill_reg.a_data_q_reg[addr][32]_0[18]
    SLICE_X41Y50         FDCE                                         r  i_carfield/i_hyperbus_wrap/i_hyper_cdc_dst/i_cdc_fifo_gray_dst_aw/i_spill_register/spill_register_flushable_i/gen_spill_reg.a_data_q_reg[addr][18]/D
  -------------------------------------------------------------------    -------------------

                         max delay                    0.000     0.000    
    E12                  IBUFCTRL                     0.000     0.000 r  u_ibufg_sys_clk/IBUFCTRL_INST/O
                         net (fo=1, routed)           0.333     0.333    i_xlnx_clk_wiz/inst/clk_in1
    MMCM_X1Y12           MMCME4_ADV (Prop_MMCM_CLKIN1_CLKOUT3)
                                                      0.630     0.963 r  i_xlnx_clk_wiz/inst/mmcme4_adv_inst/CLKOUT3
                         net (fo=1, routed)           0.225     1.188    i_xlnx_clk_wiz/inst/clk_10_xlnx_clk_wiz
    BUFGCE_X1Y311        BUFGCE (Prop_BUFCE_BUFGCE_I_O)
                                                      0.024     1.212 r  i_xlnx_clk_wiz/inst/clkout4_buf/O
                         net (fo=64, routed)          4.140     5.352    i_carfield/gen_domain_clock_mux[0].i_clk_mux/clks_i[2]
    SLR Crossing[2->1]   
    SLICE_X118Y302       LUT5 (Prop_G6LUT_SLICEL_I1_O)
                                                      0.057     5.409 r  i_carfield/gen_domain_clock_mux[0].i_clk_mux/clk_o_INST_0/O
                         net (fo=1, routed)           0.943     6.352    i_carfield/gen_domain_clock_mux[0].i_clk_mux/clk_o
    SLR Crossing[1->0]   
    BUFGCE_X1Y84         BUFGCE (Prop_BUFCE_BUFGCE_I_O)
                                                      0.024     6.376 r  i_carfield/gen_domain_clock_mux[0].i_clk_mux/clk_o_BUFG_inst/O
                         net (fo=115, routed)         2.627     9.003    i_carfield/gen_domain_clock_mux[0].i_clk_div/clk_o
    SLR Crossing[0->1]   
    SLICE_X61Y300        LUT5 (Prop_G6LUT_SLICEL_I3_O)
                                                      0.057     9.060 r  i_carfield/gen_domain_clock_mux[0].i_clk_div/n_1_1099782_BUFG_inst_i_1/O
                         net (fo=2, routed)           0.064     9.124    i_carfield/i_hyper_clk_div/n_1_1099782_BUFG_inst_n_2
    SLICE_X61Y300        LUT5 (Prop_E6LUT_SLICEL_I3_O)
                                                      0.082     9.206 r  i_carfield/i_hyper_clk_div/hyp_clk_BUFG_inst_i_1/O
                         net (fo=1, routed)           1.527    10.733    i_carfield/hyp_clk
    SLR Crossing[1->0]   
    BUFGCE_X0Y39         BUFGCE (Prop_BUFCE_BUFGCE_I_O)
                                                      0.024    10.757 r  i_carfield/hyp_clk_BUFG_inst/O
    X1Y2 (CLOCK_ROOT)    net (fo=1287, routed)        1.692    12.449    i_carfield/i_hyperbus_wrap/i_hyper_cdc_dst/i_cdc_fifo_gray_dst_aw/i_spill_register/spill_register_flushable_i/hyp_clk_BUFG
    SLICE_X41Y50         FDCE                                         r  i_carfield/i_hyperbus_wrap/i_hyper_cdc_dst/i_cdc_fifo_gray_dst_aw/i_spill_register/spill_register_flushable_i/gen_spill_reg.a_data_q_reg[addr][18]/C
                         clock pessimism             -0.706    11.743    
                         inter-SLR compensation      -1.723    10.020    
                         clock uncertainty           -0.226     9.794    
    SLICE_X41Y50         FDCE (Setup_HFF_SLICEL_C_D)
                                                      0.025     9.819    i_carfield/i_hyperbus_wrap/i_hyper_cdc_dst/i_cdc_fifo_gray_dst_aw/i_spill_register/spill_register_flushable_i/gen_spill_reg.a_data_q_reg[addr][18]
  -------------------------------------------------------------------
                         required time                          9.819    
                         arrival time                         -29.449    
  -------------------------------------------------------------------
                         slack                                -19.630    

Slack (VIOLATED) :        -19.630ns  (required time - arrival time)
  Source:                 i_carfield/i_cheshire_wrap/i_cheshire_ext_llc_cdc_src/i_cdc_fifo_gray_src_aw/gen_word[1].data_q_reg[1][addr][18]/C
                            (rising edge-triggered cell FDRE clocked by clk_50_xlnx_clk_wiz  {rise@0.000ns fall@10.000ns period=20.000ns})
  Destination:            i_carfield/i_hyperbus_wrap/i_hyper_cdc_dst/i_cdc_fifo_gray_dst_aw/i_spill_register/spill_register_flushable_i/gen_spill_reg.a_data_q_reg[addr][18]/D
                            (rising edge-triggered cell FDCE clocked by periph_domain_clk  {rise@0.000ns fall@50.000ns period=100.000ns})
  Path Group:             periph_domain_clk
  Path Type:              Setup (Max at Slow Process Corner)
  Requirement:            0.000ns  (MaxDelay Path 0.000ns)
  Data Path Delay:        24.362ns  (logic 0.264ns (1.084%)  route 24.098ns (98.916%))
  Logic Levels:           2  (LUT6=1 MUXF7=1)
  Clock Path Skew:        6.656ns (DCD - SCD + CPR)
    Destination Clock Delay (DCD):    12.449ns
    Source Clock Delay      (SCD):    5.087ns
    Clock Pessimism Removal (CPR):    -0.706ns
  Clock Uncertainty:      0.226ns  ((TSJ^2 + DJ^2)^1/2) / 2 + PE
    Total System Jitter     (TSJ):    0.071ns
    Discrete Jitter          (DJ):    0.199ns
    Phase Error              (PE):    0.120ns
  Inter-SLR Compensation: 1.723ns  ((DCD - CCD) * PF)
    Destination Clock Delay (DCD):    12.449ns
    Common Clock Delay      (CCD):    0.963ns
    Prorating Factor         (PF):    0.150
  Clock Net Delay (Source):      4.551ns (routing 2.719ns, distribution 1.832ns)
  Clock Net Delay (Destination): 1.692ns (routing 0.617ns, distribution 1.075ns)
  Timing Exception:       MaxDelay Path 0.000ns

    Location             Delay type                Incr(ns)  Path(ns)    Netlist Resource(s)
  -------------------------------------------------------------------    -------------------
                         (clock clk_50_xlnx_clk_wiz rise edge)
                                                      0.000     0.000 r  
    E12                  IBUFCTRL                     0.000     0.000 r  u_ibufg_sys_clk/IBUFCTRL_INST/O
                         net (fo=1, routed)           0.384     0.384    i_xlnx_clk_wiz/inst/clk_in1
    MMCM_X1Y12           MMCME4_ADV (Prop_MMCM_CLKIN1_CLKOUT1)
                                                     -0.127     0.257 r  i_xlnx_clk_wiz/inst/mmcme4_adv_inst/CLKOUT1
                         net (fo=1, routed)           0.251     0.508    i_xlnx_clk_wiz/inst/clk_50_xlnx_clk_wiz
    BUFGCE_X1Y298        BUFGCE (Prop_BUFCE_BUFGCE_I_O)
                                                      0.028     0.536 r  i_xlnx_clk_wiz/inst/clkout2_buf/O
    X2Y4 (CLOCK_ROOT)    net (fo=240101, routed)      4.551     5.087    i_carfield/i_cheshire_wrap/i_cheshire_ext_llc_cdc_src/i_cdc_fifo_gray_src_aw/host_clk_i
    SLR Crossing[2->0]   
    SLICE_X40Y50         FDRE                                         r  i_carfield/i_cheshire_wrap/i_cheshire_ext_llc_cdc_src/i_cdc_fifo_gray_src_aw/gen_word[1].data_q_reg[1][addr][18]/C
  -------------------------------------------------------------------    -------------------
    SLICE_X40Y50         FDRE (Prop_EFF_SLICEM_C_Q)
                                                      0.076     5.163 f  i_carfield/i_cheshire_wrap/i_cheshire_ext_llc_cdc_src/i_cdc_fifo_gray_src_aw/gen_word[1].data_q_reg[1][addr][18]/Q
                         net (fo=1, routed)          24.057    29.220    i_carfield/i_cheshire_wrap/i_cheshire_ext_llc_cdc_src/i_cdc_fifo_gray_src_aw/llc_aw_data[162]
    SLICE_X41Y50         LUT6 (Prop_H6LUT_SLICEL_I3_O)
                                                      0.124    29.344 f  i_carfield/i_cheshire_wrap/i_cheshire_ext_llc_cdc_src/i_cdc_fifo_gray_src_aw/gen_spill_reg.a_data_q[addr][18]_i_2__45/O
                         net (fo=1, routed)           0.010    29.354    i_carfield/i_cheshire_wrap/i_cheshire_ext_llc_cdc_src/i_cdc_fifo_gray_src_aw/gen_spill_reg.a_data_q[addr][18]_i_2__45_n_2
    SLICE_X41Y50         MUXF7 (Prop_F7MUX_GH_SLICEL_I0_O)
                                                      0.064    29.418 f  i_carfield/i_cheshire_wrap/i_cheshire_ext_llc_cdc_src/i_cdc_fifo_gray_src_aw/gen_spill_reg.a_data_q_reg[addr][18]_i_1__10/O
                         net (fo=1, routed)           0.031    29.449    i_carfield/i_hyperbus_wrap/i_hyper_cdc_dst/i_cdc_fifo_gray_dst_aw/i_spill_register/spill_register_flushable_i/gen_spill_reg.a_data_q_reg[addr][32]_0[18]
    SLICE_X41Y50         FDCE                                         f  i_carfield/i_hyperbus_wrap/i_hyper_cdc_dst/i_cdc_fifo_gray_dst_aw/i_spill_register/spill_register_flushable_i/gen_spill_reg.a_data_q_reg[addr][18]/D
  -------------------------------------------------------------------    -------------------

                         max delay                    0.000     0.000    
    E12                  IBUFCTRL                     0.000     0.000 r  u_ibufg_sys_clk/IBUFCTRL_INST/O
                         net (fo=1, routed)           0.333     0.333    i_xlnx_clk_wiz/inst/clk_in1
    MMCM_X1Y12           MMCME4_ADV (Prop_MMCM_CLKIN1_CLKOUT3)
                                                      0.630     0.963 r  i_xlnx_clk_wiz/inst/mmcme4_adv_inst/CLKOUT3
                         net (fo=1, routed)           0.225     1.188    i_xlnx_clk_wiz/inst/clk_10_xlnx_clk_wiz
    BUFGCE_X1Y311        BUFGCE (Prop_BUFCE_BUFGCE_I_O)
                                                      0.024     1.212 r  i_xlnx_clk_wiz/inst/clkout4_buf/O
                         net (fo=64, routed)          4.140     5.352    i_carfield/gen_domain_clock_mux[0].i_clk_mux/clks_i[2]
    SLR Crossing[2->1]   
    SLICE_X118Y302       LUT5 (Prop_G6LUT_SLICEL_I1_O)
                                                      0.057     5.409 r  i_carfield/gen_domain_clock_mux[0].i_clk_mux/clk_o_INST_0/O
                         net (fo=1, routed)           0.943     6.352    i_carfield/gen_domain_clock_mux[0].i_clk_mux/clk_o
    SLR Crossing[1->0]   
    BUFGCE_X1Y84         BUFGCE (Prop_BUFCE_BUFGCE_I_O)
                                                      0.024     6.376 r  i_carfield/gen_domain_clock_mux[0].i_clk_mux/clk_o_BUFG_inst/O
                         net (fo=115, routed)         2.627     9.003    i_carfield/gen_domain_clock_mux[0].i_clk_div/clk_o
    SLR Crossing[0->1]   
    SLICE_X61Y300        LUT5 (Prop_G6LUT_SLICEL_I3_O)
                                                      0.057     9.060 r  i_carfield/gen_domain_clock_mux[0].i_clk_div/n_1_1099782_BUFG_inst_i_1/O
                         net (fo=2, routed)           0.064     9.124    i_carfield/i_hyper_clk_div/n_1_1099782_BUFG_inst_n_2
    SLICE_X61Y300        LUT5 (Prop_E6LUT_SLICEL_I3_O)
                                                      0.082     9.206 r  i_carfield/i_hyper_clk_div/hyp_clk_BUFG_inst_i_1/O
                         net (fo=1, routed)           1.527    10.733    i_carfield/hyp_clk
    SLR Crossing[1->0]   
    BUFGCE_X0Y39         BUFGCE (Prop_BUFCE_BUFGCE_I_O)
                                                      0.024    10.757 r  i_carfield/hyp_clk_BUFG_inst/O
    X1Y2 (CLOCK_ROOT)    net (fo=1287, routed)        1.692    12.449    i_carfield/i_hyperbus_wrap/i_hyper_cdc_dst/i_cdc_fifo_gray_dst_aw/i_spill_register/spill_register_flushable_i/hyp_clk_BUFG
    SLICE_X41Y50         FDCE                                         r  i_carfield/i_hyperbus_wrap/i_hyper_cdc_dst/i_cdc_fifo_gray_dst_aw/i_spill_register/spill_register_flushable_i/gen_spill_reg.a_data_q_reg[addr][18]/C
                         clock pessimism             -0.706    11.743    
                         inter-SLR compensation      -1.723    10.020    
                         clock uncertainty           -0.226     9.794    
    SLICE_X41Y50         FDCE (Setup_HFF_SLICEL_C_D)
                                                      0.025     9.819    i_carfield/i_hyperbus_wrap/i_hyper_cdc_dst/i_cdc_fifo_gray_dst_aw/i_spill_register/spill_register_flushable_i/gen_spill_reg.a_data_q_reg[addr][18]
  -------------------------------------------------------------------
                         required time                          9.819    
                         arrival time                         -29.449    
  -------------------------------------------------------------------
                         slack                                -19.630    

Slack (VIOLATED) :        -19.628ns  (required time - arrival time)
  Source:                 i_carfield/i_cheshire_wrap/i_cheshire_ext_llc_cdc_src/i_cdc_fifo_gray_src_ar/gen_word[0].data_q_reg[0][len][3]/C
                            (rising edge-triggered cell FDRE clocked by clk_50_xlnx_clk_wiz  {rise@0.000ns fall@10.000ns period=20.000ns})
  Destination:            i_carfield/i_hyperbus_wrap/i_hyper_cdc_dst/i_cdc_fifo_gray_dst_ar/i_spill_register/spill_register_flushable_i/gen_spill_reg.a_data_q_reg[len][3]/D
                            (rising edge-triggered cell FDCE clocked by periph_domain_clk  {rise@0.000ns fall@50.000ns period=100.000ns})
  Path Group:             periph_domain_clk
  Path Type:              Setup (Max at Slow Process Corner)
  Requirement:            0.000ns  (MaxDelay Path 0.000ns)
  Data Path Delay:        24.329ns  (logic 0.178ns (0.732%)  route 24.151ns (99.268%))
  Logic Levels:           2  (LUT6=1 MUXF7=1)
  Clock Path Skew:        6.648ns (DCD - SCD + CPR)
    Destination Clock Delay (DCD):    12.607ns
    Source Clock Delay      (SCD):    5.253ns
    Clock Pessimism Removal (CPR):    -0.706ns
  Clock Uncertainty:      0.226ns  ((TSJ^2 + DJ^2)^1/2) / 2 + PE
    Total System Jitter     (TSJ):    0.071ns
    Discrete Jitter          (DJ):    0.199ns
    Phase Error              (PE):    0.120ns
  Inter-SLR Compensation: 1.747ns  ((DCD - CCD) * PF)
    Destination Clock Delay (DCD):    12.607ns
    Common Clock Delay      (CCD):    0.963ns
    Prorating Factor         (PF):    0.150
  Clock Net Delay (Source):      4.717ns (routing 2.719ns, distribution 1.998ns)
  Clock Net Delay (Destination): 1.850ns (routing 0.617ns, distribution 1.233ns)
  Timing Exception:       MaxDelay Path 0.000ns

    Location             Delay type                Incr(ns)  Path(ns)    Netlist Resource(s)
  -------------------------------------------------------------------    -------------------
                         (clock clk_50_xlnx_clk_wiz rise edge)
                                                      0.000     0.000 r  
    E12                  IBUFCTRL                     0.000     0.000 r  u_ibufg_sys_clk/IBUFCTRL_INST/O
                         net (fo=1, routed)           0.384     0.384    i_xlnx_clk_wiz/inst/clk_in1
    MMCM_X1Y12           MMCME4_ADV (Prop_MMCM_CLKIN1_CLKOUT1)
                                                     -0.127     0.257 r  i_xlnx_clk_wiz/inst/mmcme4_adv_inst/CLKOUT1
                         net (fo=1, routed)           0.251     0.508    i_xlnx_clk_wiz/inst/clk_50_xlnx_clk_wiz
    BUFGCE_X1Y298        BUFGCE (Prop_BUFCE_BUFGCE_I_O)
                                                      0.028     0.536 r  i_xlnx_clk_wiz/inst/clkout2_buf/O
    X2Y4 (CLOCK_ROOT)    net (fo=240101, routed)      4.717     5.253    i_carfield/i_cheshire_wrap/i_cheshire_ext_llc_cdc_src/i_cdc_fifo_gray_src_ar/host_clk_i
    SLR Crossing[2->0]   
    SLICE_X5Y36          FDRE                                         r  i_carfield/i_cheshire_wrap/i_cheshire_ext_llc_cdc_src/i_cdc_fifo_gray_src_ar/gen_word[0].data_q_reg[0][len][3]/C
  -------------------------------------------------------------------    -------------------
    SLICE_X5Y36          FDRE (Prop_EFF_SLICEL_C_Q)
                                                      0.079     5.332 r  i_carfield/i_cheshire_wrap/i_cheshire_ext_llc_cdc_src/i_cdc_fifo_gray_src_ar/gen_word[0].data_q_reg[0][len][3]/Q
                         net (fo=1, routed)          24.111    29.443    i_carfield/i_cheshire_wrap/i_cheshire_ext_llc_cdc_src/i_cdc_fifo_gray_src_ar/llc_ar_data[34]
    SLICE_X5Y36          LUT6 (Prop_D6LUT_SLICEL_I5_O)
                                                      0.036    29.479 r  i_carfield/i_cheshire_wrap/i_cheshire_ext_llc_cdc_src/i_cdc_fifo_gray_src_ar/gen_spill_reg.a_data_q[len][3]_i_2__47/O
                         net (fo=1, routed)           0.009    29.488    i_carfield/i_cheshire_wrap/i_cheshire_ext_llc_cdc_src/i_cdc_fifo_gray_src_ar/gen_spill_reg.a_data_q[len][3]_i_2__47_n_2
    SLICE_X5Y36          MUXF7 (Prop_F7MUX_CD_SLICEL_I0_O)
                                                      0.063    29.551 r  i_carfield/i_cheshire_wrap/i_cheshire_ext_llc_cdc_src/i_cdc_fifo_gray_src_ar/gen_spill_reg.a_data_q_reg[len][3]_i_1__8/O
                         net (fo=1, routed)           0.031    29.582    i_carfield/i_hyperbus_wrap/i_hyper_cdc_dst/i_cdc_fifo_gray_dst_ar/i_spill_register/spill_register_flushable_i/gen_spill_reg.a_data_q_reg[len][7]_0[3]
    SLICE_X5Y36          FDCE                                         r  i_carfield/i_hyperbus_wrap/i_hyper_cdc_dst/i_cdc_fifo_gray_dst_ar/i_spill_register/spill_register_flushable_i/gen_spill_reg.a_data_q_reg[len][3]/D
  -------------------------------------------------------------------    -------------------

                         max delay                    0.000     0.000    
    E12                  IBUFCTRL                     0.000     0.000 r  u_ibufg_sys_clk/IBUFCTRL_INST/O
                         net (fo=1, routed)           0.333     0.333    i_xlnx_clk_wiz/inst/clk_in1
    MMCM_X1Y12           MMCME4_ADV (Prop_MMCM_CLKIN1_CLKOUT3)
                                                      0.630     0.963 r  i_xlnx_clk_wiz/inst/mmcme4_adv_inst/CLKOUT3
                         net (fo=1, routed)           0.225     1.188    i_xlnx_clk_wiz/inst/clk_10_xlnx_clk_wiz
    BUFGCE_X1Y311        BUFGCE (Prop_BUFCE_BUFGCE_I_O)
                                                      0.024     1.212 r  i_xlnx_clk_wiz/inst/clkout4_buf/O
                         net (fo=64, routed)          4.140     5.352    i_carfield/gen_domain_clock_mux[0].i_clk_mux/clks_i[2]
    SLR Crossing[2->1]   
    SLICE_X118Y302       LUT5 (Prop_G6LUT_SLICEL_I1_O)
                                                      0.057     5.409 r  i_carfield/gen_domain_clock_mux[0].i_clk_mux/clk_o_INST_0/O
                         net (fo=1, routed)           0.943     6.352    i_carfield/gen_domain_clock_mux[0].i_clk_mux/clk_o
    SLR Crossing[1->0]   
    BUFGCE_X1Y84         BUFGCE (Prop_BUFCE_BUFGCE_I_O)
                                                      0.024     6.376 r  i_carfield/gen_domain_clock_mux[0].i_clk_mux/clk_o_BUFG_inst/O
                         net (fo=115, routed)         2.627     9.003    i_carfield/gen_domain_clock_mux[0].i_clk_div/clk_o
    SLR Crossing[0->1]   
    SLICE_X61Y300        LUT5 (Prop_G6LUT_SLICEL_I3_O)
                                                      0.057     9.060 r  i_carfield/gen_domain_clock_mux[0].i_clk_div/n_1_1099782_BUFG_inst_i_1/O
                         net (fo=2, routed)           0.064     9.124    i_carfield/i_hyper_clk_div/n_1_1099782_BUFG_inst_n_2
    SLICE_X61Y300        LUT5 (Prop_E6LUT_SLICEL_I3_O)
                                                      0.082     9.206 r  i_carfield/i_hyper_clk_div/hyp_clk_BUFG_inst_i_1/O
                         net (fo=1, routed)           1.527    10.733    i_carfield/hyp_clk
    SLR Crossing[1->0]   
    BUFGCE_X0Y39         BUFGCE (Prop_BUFCE_BUFGCE_I_O)
                                                      0.024    10.757 r  i_carfield/hyp_clk_BUFG_inst/O
    X1Y2 (CLOCK_ROOT)    net (fo=1287, routed)        1.850    12.607    i_carfield/i_hyperbus_wrap/i_hyper_cdc_dst/i_cdc_fifo_gray_dst_ar/i_spill_register/spill_register_flushable_i/hyp_clk_BUFG
    SLICE_X5Y36          FDCE                                         r  i_carfield/i_hyperbus_wrap/i_hyper_cdc_dst/i_cdc_fifo_gray_dst_ar/i_spill_register/spill_register_flushable_i/gen_spill_reg.a_data_q_reg[len][3]/C
                         clock pessimism             -0.706    11.901    
                         inter-SLR compensation      -1.747    10.154    
                         clock uncertainty           -0.226     9.929    
    SLICE_X5Y36          FDCE (Setup_DFF_SLICEL_C_D)
                                                      0.025     9.954    i_carfield/i_hyperbus_wrap/i_hyper_cdc_dst/i_cdc_fifo_gray_dst_ar/i_spill_register/spill_register_flushable_i/gen_spill_reg.a_data_q_reg[len][3]
  -------------------------------------------------------------------
                         required time                          9.954    
                         arrival time                         -29.582    
  -------------------------------------------------------------------
                         slack                                -19.628    

Slack (VIOLATED) :        -19.628ns  (required time - arrival time)
  Source:                 i_carfield/i_cheshire_wrap/i_cheshire_ext_llc_cdc_src/i_cdc_fifo_gray_src_ar/gen_word[0].data_q_reg[0][len][3]/C
                            (rising edge-triggered cell FDRE clocked by clk_50_xlnx_clk_wiz  {rise@0.000ns fall@10.000ns period=20.000ns})
  Destination:            i_carfield/i_hyperbus_wrap/i_hyper_cdc_dst/i_cdc_fifo_gray_dst_ar/i_spill_register/spill_register_flushable_i/gen_spill_reg.a_data_q_reg[len][3]/D
                            (rising edge-triggered cell FDCE clocked by periph_domain_clk  {rise@0.000ns fall@50.000ns period=100.000ns})
  Path Group:             periph_domain_clk
  Path Type:              Setup (Max at Slow Process Corner)
  Requirement:            0.000ns  (MaxDelay Path 0.000ns)
  Data Path Delay:        24.329ns  (logic 0.178ns (0.732%)  route 24.151ns (99.268%))
  Logic Levels:           2  (LUT6=1 MUXF7=1)
  Clock Path Skew:        6.648ns (DCD - SCD + CPR)
    Destination Clock Delay (DCD):    12.607ns
    Source Clock Delay      (SCD):    5.253ns
    Clock Pessimism Removal (CPR):    -0.706ns
  Clock Uncertainty:      0.226ns  ((TSJ^2 + DJ^2)^1/2) / 2 + PE
    Total System Jitter     (TSJ):    0.071ns
    Discrete Jitter          (DJ):    0.199ns
    Phase Error              (PE):    0.120ns
  Inter-SLR Compensation: 1.747ns  ((DCD - CCD) * PF)
    Destination Clock Delay (DCD):    12.607ns
    Common Clock Delay      (CCD):    0.963ns
    Prorating Factor         (PF):    0.150
  Clock Net Delay (Source):      4.717ns (routing 2.719ns, distribution 1.998ns)
  Clock Net Delay (Destination): 1.850ns (routing 0.617ns, distribution 1.233ns)
  Timing Exception:       MaxDelay Path 0.000ns

    Location             Delay type                Incr(ns)  Path(ns)    Netlist Resource(s)
  -------------------------------------------------------------------    -------------------
                         (clock clk_50_xlnx_clk_wiz rise edge)
                                                      0.000     0.000 r  
    E12                  IBUFCTRL                     0.000     0.000 r  u_ibufg_sys_clk/IBUFCTRL_INST/O
                         net (fo=1, routed)           0.384     0.384    i_xlnx_clk_wiz/inst/clk_in1
    MMCM_X1Y12           MMCME4_ADV (Prop_MMCM_CLKIN1_CLKOUT1)
                                                     -0.127     0.257 r  i_xlnx_clk_wiz/inst/mmcme4_adv_inst/CLKOUT1
                         net (fo=1, routed)           0.251     0.508    i_xlnx_clk_wiz/inst/clk_50_xlnx_clk_wiz
    BUFGCE_X1Y298        BUFGCE (Prop_BUFCE_BUFGCE_I_O)
                                                      0.028     0.536 r  i_xlnx_clk_wiz/inst/clkout2_buf/O
    X2Y4 (CLOCK_ROOT)    net (fo=240101, routed)      4.717     5.253    i_carfield/i_cheshire_wrap/i_cheshire_ext_llc_cdc_src/i_cdc_fifo_gray_src_ar/host_clk_i
    SLR Crossing[2->0]   
    SLICE_X5Y36          FDRE                                         r  i_carfield/i_cheshire_wrap/i_cheshire_ext_llc_cdc_src/i_cdc_fifo_gray_src_ar/gen_word[0].data_q_reg[0][len][3]/C
  -------------------------------------------------------------------    -------------------
    SLICE_X5Y36          FDRE (Prop_EFF_SLICEL_C_Q)
                                                      0.079     5.332 f  i_carfield/i_cheshire_wrap/i_cheshire_ext_llc_cdc_src/i_cdc_fifo_gray_src_ar/gen_word[0].data_q_reg[0][len][3]/Q
                         net (fo=1, routed)          24.111    29.443    i_carfield/i_cheshire_wrap/i_cheshire_ext_llc_cdc_src/i_cdc_fifo_gray_src_ar/llc_ar_data[34]
    SLICE_X5Y36          LUT6 (Prop_D6LUT_SLICEL_I5_O)
                                                      0.036    29.479 f  i_carfield/i_cheshire_wrap/i_cheshire_ext_llc_cdc_src/i_cdc_fifo_gray_src_ar/gen_spill_reg.a_data_q[len][3]_i_2__47/O
                         net (fo=1, routed)           0.009    29.488    i_carfield/i_cheshire_wrap/i_cheshire_ext_llc_cdc_src/i_cdc_fifo_gray_src_ar/gen_spill_reg.a_data_q[len][3]_i_2__47_n_2
    SLICE_X5Y36          MUXF7 (Prop_F7MUX_CD_SLICEL_I0_O)
                                                      0.063    29.551 f  i_carfield/i_cheshire_wrap/i_cheshire_ext_llc_cdc_src/i_cdc_fifo_gray_src_ar/gen_spill_reg.a_data_q_reg[len][3]_i_1__8/O
                         net (fo=1, routed)           0.031    29.582    i_carfield/i_hyperbus_wrap/i_hyper_cdc_dst/i_cdc_fifo_gray_dst_ar/i_spill_register/spill_register_flushable_i/gen_spill_reg.a_data_q_reg[len][7]_0[3]
    SLICE_X5Y36          FDCE                                         f  i_carfield/i_hyperbus_wrap/i_hyper_cdc_dst/i_cdc_fifo_gray_dst_ar/i_spill_register/spill_register_flushable_i/gen_spill_reg.a_data_q_reg[len][3]/D
  -------------------------------------------------------------------    -------------------

                         max delay                    0.000     0.000    
    E12                  IBUFCTRL                     0.000     0.000 r  u_ibufg_sys_clk/IBUFCTRL_INST/O
                         net (fo=1, routed)           0.333     0.333    i_xlnx_clk_wiz/inst/clk_in1
    MMCM_X1Y12           MMCME4_ADV (Prop_MMCM_CLKIN1_CLKOUT3)
                                                      0.630     0.963 r  i_xlnx_clk_wiz/inst/mmcme4_adv_inst/CLKOUT3
                         net (fo=1, routed)           0.225     1.188    i_xlnx_clk_wiz/inst/clk_10_xlnx_clk_wiz
    BUFGCE_X1Y311        BUFGCE (Prop_BUFCE_BUFGCE_I_O)
                                                      0.024     1.212 r  i_xlnx_clk_wiz/inst/clkout4_buf/O
                         net (fo=64, routed)          4.140     5.352    i_carfield/gen_domain_clock_mux[0].i_clk_mux/clks_i[2]
    SLR Crossing[2->1]   
    SLICE_X118Y302       LUT5 (Prop_G6LUT_SLICEL_I1_O)
                                                      0.057     5.409 r  i_carfield/gen_domain_clock_mux[0].i_clk_mux/clk_o_INST_0/O
                         net (fo=1, routed)           0.943     6.352    i_carfield/gen_domain_clock_mux[0].i_clk_mux/clk_o
    SLR Crossing[1->0]   
    BUFGCE_X1Y84         BUFGCE (Prop_BUFCE_BUFGCE_I_O)
                                                      0.024     6.376 r  i_carfield/gen_domain_clock_mux[0].i_clk_mux/clk_o_BUFG_inst/O
                         net (fo=115, routed)         2.627     9.003    i_carfield/gen_domain_clock_mux[0].i_clk_div/clk_o
    SLR Crossing[0->1]   
    SLICE_X61Y300        LUT5 (Prop_G6LUT_SLICEL_I3_O)
                                                      0.057     9.060 r  i_carfield/gen_domain_clock_mux[0].i_clk_div/n_1_1099782_BUFG_inst_i_1/O
                         net (fo=2, routed)           0.064     9.124    i_carfield/i_hyper_clk_div/n_1_1099782_BUFG_inst_n_2
    SLICE_X61Y300        LUT5 (Prop_E6LUT_SLICEL_I3_O)
                                                      0.082     9.206 r  i_carfield/i_hyper_clk_div/hyp_clk_BUFG_inst_i_1/O
                         net (fo=1, routed)           1.527    10.733    i_carfield/hyp_clk
    SLR Crossing[1->0]   
    BUFGCE_X0Y39         BUFGCE (Prop_BUFCE_BUFGCE_I_O)
                                                      0.024    10.757 r  i_carfield/hyp_clk_BUFG_inst/O
    X1Y2 (CLOCK_ROOT)    net (fo=1287, routed)        1.850    12.607    i_carfield/i_hyperbus_wrap/i_hyper_cdc_dst/i_cdc_fifo_gray_dst_ar/i_spill_register/spill_register_flushable_i/hyp_clk_BUFG
    SLICE_X5Y36          FDCE                                         r  i_carfield/i_hyperbus_wrap/i_hyper_cdc_dst/i_cdc_fifo_gray_dst_ar/i_spill_register/spill_register_flushable_i/gen_spill_reg.a_data_q_reg[len][3]/C
                         clock pessimism             -0.706    11.901    
                         inter-SLR compensation      -1.747    10.154    
                         clock uncertainty           -0.226     9.929    
    SLICE_X5Y36          FDCE (Setup_DFF_SLICEL_C_D)
                                                      0.025     9.954    i_carfield/i_hyperbus_wrap/i_hyper_cdc_dst/i_cdc_fifo_gray_dst_ar/i_spill_register/spill_register_flushable_i/gen_spill_reg.a_data_q_reg[len][3]
  -------------------------------------------------------------------
                         required time                          9.954    
                         arrival time                         -29.582    
  -------------------------------------------------------------------
                         slack                                -19.628    

Slack (VIOLATED) :        -19.610ns  (required time - arrival time)
  Source:                 i_carfield/i_cheshire_wrap/i_cheshire_ext_llc_cdc_src/i_cdc_fifo_gray_src_ar/gen_word[6].data_q_reg[6][len][7]/C
                            (rising edge-triggered cell FDRE clocked by clk_50_xlnx_clk_wiz  {rise@0.000ns fall@10.000ns period=20.000ns})
  Destination:            i_carfield/i_hyperbus_wrap/i_hyper_cdc_dst/i_cdc_fifo_gray_dst_ar/i_spill_register/spill_register_flushable_i/gen_spill_reg.a_data_q_reg[len][7]/D
                            (rising edge-triggered cell FDCE clocked by periph_domain_clk  {rise@0.000ns fall@50.000ns period=100.000ns})
  Path Group:             periph_domain_clk
  Path Type:              Setup (Max at Slow Process Corner)
  Requirement:            0.000ns  (MaxDelay Path 0.000ns)
  Data Path Delay:        24.328ns  (logic 0.268ns (1.102%)  route 24.060ns (98.898%))
  Logic Levels:           2  (LUT6=1 MUXF7=1)
  Clock Path Skew:        6.665ns (DCD - SCD + CPR)
    Destination Clock Delay (DCD):    12.607ns
    Source Clock Delay      (SCD):    5.236ns
    Clock Pessimism Removal (CPR):    -0.706ns
  Clock Uncertainty:      0.226ns  ((TSJ^2 + DJ^2)^1/2) / 2 + PE
    Total System Jitter     (TSJ):    0.071ns
    Discrete Jitter          (DJ):    0.199ns
    Phase Error              (PE):    0.120ns
  Inter-SLR Compensation: 1.747ns  ((DCD - CCD) * PF)
    Destination Clock Delay (DCD):    12.607ns
    Common Clock Delay      (CCD):    0.963ns
    Prorating Factor         (PF):    0.150
  Clock Net Delay (Source):      4.700ns (routing 2.719ns, distribution 1.981ns)
  Clock Net Delay (Destination): 1.850ns (routing 0.617ns, distribution 1.233ns)
  Timing Exception:       MaxDelay Path 0.000ns

    Location             Delay type                Incr(ns)  Path(ns)    Netlist Resource(s)
  -------------------------------------------------------------------    -------------------
                         (clock clk_50_xlnx_clk_wiz rise edge)
                                                      0.000     0.000 r  
    E12                  IBUFCTRL                     0.000     0.000 r  u_ibufg_sys_clk/IBUFCTRL_INST/O
                         net (fo=1, routed)           0.384     0.384    i_xlnx_clk_wiz/inst/clk_in1
    MMCM_X1Y12           MMCME4_ADV (Prop_MMCM_CLKIN1_CLKOUT1)
                                                     -0.127     0.257 r  i_xlnx_clk_wiz/inst/mmcme4_adv_inst/CLKOUT1
                         net (fo=1, routed)           0.251     0.508    i_xlnx_clk_wiz/inst/clk_50_xlnx_clk_wiz
    BUFGCE_X1Y298        BUFGCE (Prop_BUFCE_BUFGCE_I_O)
                                                      0.028     0.536 r  i_xlnx_clk_wiz/inst/clkout2_buf/O
    X2Y4 (CLOCK_ROOT)    net (fo=240101, routed)      4.700     5.236    i_carfield/i_cheshire_wrap/i_cheshire_ext_llc_cdc_src/i_cdc_fifo_gray_src_ar/host_clk_i
    SLR Crossing[2->0]   
    SLICE_X11Y36         FDRE                                         r  i_carfield/i_cheshire_wrap/i_cheshire_ext_llc_cdc_src/i_cdc_fifo_gray_src_ar/gen_word[6].data_q_reg[6][len][7]/C
  -------------------------------------------------------------------    -------------------
    SLICE_X11Y36         FDRE (Prop_BFF_SLICEM_C_Q)
                                                      0.078     5.314 r  i_carfield/i_cheshire_wrap/i_cheshire_ext_llc_cdc_src/i_cdc_fifo_gray_src_ar/gen_word[6].data_q_reg[6][len][7]/Q
                         net (fo=1, routed)          24.018    29.332    i_carfield/i_cheshire_wrap/i_cheshire_ext_llc_cdc_src/i_cdc_fifo_gray_src_ar/llc_ar_data[596]
    SLICE_X11Y35         LUT6 (Prop_A6LUT_SLICEM_I1_O)
                                                      0.125    29.457 r  i_carfield/i_cheshire_wrap/i_cheshire_ext_llc_cdc_src/i_cdc_fifo_gray_src_ar/gen_spill_reg.a_data_q[len][7]_i_3__10/O
                         net (fo=1, routed)           0.011    29.468    i_carfield/i_cheshire_wrap/i_cheshire_ext_llc_cdc_src/i_cdc_fifo_gray_src_ar/gen_spill_reg.a_data_q[len][7]_i_3__10_n_2
    SLICE_X11Y35         MUXF7 (Prop_F7MUX_AB_SLICEM_I1_O)
                                                      0.065    29.533 r  i_carfield/i_cheshire_wrap/i_cheshire_ext_llc_cdc_src/i_cdc_fifo_gray_src_ar/gen_spill_reg.a_data_q_reg[len][7]_i_1__8/O
                         net (fo=1, routed)           0.031    29.564    i_carfield/i_hyperbus_wrap/i_hyper_cdc_dst/i_cdc_fifo_gray_dst_ar/i_spill_register/spill_register_flushable_i/gen_spill_reg.a_data_q_reg[len][7]_0[7]
    SLICE_X11Y35         FDCE                                         r  i_carfield/i_hyperbus_wrap/i_hyper_cdc_dst/i_cdc_fifo_gray_dst_ar/i_spill_register/spill_register_flushable_i/gen_spill_reg.a_data_q_reg[len][7]/D
  -------------------------------------------------------------------    -------------------

                         max delay                    0.000     0.000    
    E12                  IBUFCTRL                     0.000     0.000 r  u_ibufg_sys_clk/IBUFCTRL_INST/O
                         net (fo=1, routed)           0.333     0.333    i_xlnx_clk_wiz/inst/clk_in1
    MMCM_X1Y12           MMCME4_ADV (Prop_MMCM_CLKIN1_CLKOUT3)
                                                      0.630     0.963 r  i_xlnx_clk_wiz/inst/mmcme4_adv_inst/CLKOUT3
                         net (fo=1, routed)           0.225     1.188    i_xlnx_clk_wiz/inst/clk_10_xlnx_clk_wiz
    BUFGCE_X1Y311        BUFGCE (Prop_BUFCE_BUFGCE_I_O)
                                                      0.024     1.212 r  i_xlnx_clk_wiz/inst/clkout4_buf/O
                         net (fo=64, routed)          4.140     5.352    i_carfield/gen_domain_clock_mux[0].i_clk_mux/clks_i[2]
    SLR Crossing[2->1]   
    SLICE_X118Y302       LUT5 (Prop_G6LUT_SLICEL_I1_O)
                                                      0.057     5.409 r  i_carfield/gen_domain_clock_mux[0].i_clk_mux/clk_o_INST_0/O
                         net (fo=1, routed)           0.943     6.352    i_carfield/gen_domain_clock_mux[0].i_clk_mux/clk_o
    SLR Crossing[1->0]   
    BUFGCE_X1Y84         BUFGCE (Prop_BUFCE_BUFGCE_I_O)
                                                      0.024     6.376 r  i_carfield/gen_domain_clock_mux[0].i_clk_mux/clk_o_BUFG_inst/O
                         net (fo=115, routed)         2.627     9.003    i_carfield/gen_domain_clock_mux[0].i_clk_div/clk_o
    SLR Crossing[0->1]   
    SLICE_X61Y300        LUT5 (Prop_G6LUT_SLICEL_I3_O)
                                                      0.057     9.060 r  i_carfield/gen_domain_clock_mux[0].i_clk_div/n_1_1099782_BUFG_inst_i_1/O
                         net (fo=2, routed)           0.064     9.124    i_carfield/i_hyper_clk_div/n_1_1099782_BUFG_inst_n_2
    SLICE_X61Y300        LUT5 (Prop_E6LUT_SLICEL_I3_O)
                                                      0.082     9.206 r  i_carfield/i_hyper_clk_div/hyp_clk_BUFG_inst_i_1/O
                         net (fo=1, routed)           1.527    10.733    i_carfield/hyp_clk
    SLR Crossing[1->0]   
    BUFGCE_X0Y39         BUFGCE (Prop_BUFCE_BUFGCE_I_O)
                                                      0.024    10.757 r  i_carfield/hyp_clk_BUFG_inst/O
    X1Y2 (CLOCK_ROOT)    net (fo=1287, routed)        1.850    12.607    i_carfield/i_hyperbus_wrap/i_hyper_cdc_dst/i_cdc_fifo_gray_dst_ar/i_spill_register/spill_register_flushable_i/hyp_clk_BUFG
    SLICE_X11Y35         FDCE                                         r  i_carfield/i_hyperbus_wrap/i_hyper_cdc_dst/i_cdc_fifo_gray_dst_ar/i_spill_register/spill_register_flushable_i/gen_spill_reg.a_data_q_reg[len][7]/C
                         clock pessimism             -0.706    11.901    
                         inter-SLR compensation      -1.747    10.154    
                         clock uncertainty           -0.226     9.929    
    SLICE_X11Y35         FDCE (Setup_BFF_SLICEM_C_D)
                                                      0.025     9.954    i_carfield/i_hyperbus_wrap/i_hyper_cdc_dst/i_cdc_fifo_gray_dst_ar/i_spill_register/spill_register_flushable_i/gen_spill_reg.a_data_q_reg[len][7]
  -------------------------------------------------------------------
                         required time                          9.954    
                         arrival time                         -29.564    
  -------------------------------------------------------------------
                         slack                                -19.610    

Slack (VIOLATED) :        -19.610ns  (required time - arrival time)
  Source:                 i_carfield/i_cheshire_wrap/i_cheshire_ext_llc_cdc_src/i_cdc_fifo_gray_src_ar/gen_word[6].data_q_reg[6][len][7]/C
                            (rising edge-triggered cell FDRE clocked by clk_50_xlnx_clk_wiz  {rise@0.000ns fall@10.000ns period=20.000ns})
  Destination:            i_carfield/i_hyperbus_wrap/i_hyper_cdc_dst/i_cdc_fifo_gray_dst_ar/i_spill_register/spill_register_flushable_i/gen_spill_reg.a_data_q_reg[len][7]/D
                            (rising edge-triggered cell FDCE clocked by periph_domain_clk  {rise@0.000ns fall@50.000ns period=100.000ns})
  Path Group:             periph_domain_clk
  Path Type:              Setup (Max at Slow Process Corner)
  Requirement:            0.000ns  (MaxDelay Path 0.000ns)
  Data Path Delay:        24.328ns  (logic 0.268ns (1.102%)  route 24.060ns (98.898%))
  Logic Levels:           2  (LUT6=1 MUXF7=1)
  Clock Path Skew:        6.665ns (DCD - SCD + CPR)
    Destination Clock Delay (DCD):    12.607ns
    Source Clock Delay      (SCD):    5.236ns
    Clock Pessimism Removal (CPR):    -0.706ns
  Clock Uncertainty:      0.226ns  ((TSJ^2 + DJ^2)^1/2) / 2 + PE
    Total System Jitter     (TSJ):    0.071ns
    Discrete Jitter          (DJ):    0.199ns
    Phase Error              (PE):    0.120ns
  Inter-SLR Compensation: 1.747ns  ((DCD - CCD) * PF)
    Destination Clock Delay (DCD):    12.607ns
    Common Clock Delay      (CCD):    0.963ns
    Prorating Factor         (PF):    0.150
  Clock Net Delay (Source):      4.700ns (routing 2.719ns, distribution 1.981ns)
  Clock Net Delay (Destination): 1.850ns (routing 0.617ns, distribution 1.233ns)
  Timing Exception:       MaxDelay Path 0.000ns

    Location             Delay type                Incr(ns)  Path(ns)    Netlist Resource(s)
  -------------------------------------------------------------------    -------------------
                         (clock clk_50_xlnx_clk_wiz rise edge)
                                                      0.000     0.000 r  
    E12                  IBUFCTRL                     0.000     0.000 r  u_ibufg_sys_clk/IBUFCTRL_INST/O
                         net (fo=1, routed)           0.384     0.384    i_xlnx_clk_wiz/inst/clk_in1
    MMCM_X1Y12           MMCME4_ADV (Prop_MMCM_CLKIN1_CLKOUT1)
                                                     -0.127     0.257 r  i_xlnx_clk_wiz/inst/mmcme4_adv_inst/CLKOUT1
                         net (fo=1, routed)           0.251     0.508    i_xlnx_clk_wiz/inst/clk_50_xlnx_clk_wiz
    BUFGCE_X1Y298        BUFGCE (Prop_BUFCE_BUFGCE_I_O)
                                                      0.028     0.536 r  i_xlnx_clk_wiz/inst/clkout2_buf/O
    X2Y4 (CLOCK_ROOT)    net (fo=240101, routed)      4.700     5.236    i_carfield/i_cheshire_wrap/i_cheshire_ext_llc_cdc_src/i_cdc_fifo_gray_src_ar/host_clk_i
    SLR Crossing[2->0]   
    SLICE_X11Y36         FDRE                                         r  i_carfield/i_cheshire_wrap/i_cheshire_ext_llc_cdc_src/i_cdc_fifo_gray_src_ar/gen_word[6].data_q_reg[6][len][7]/C
  -------------------------------------------------------------------    -------------------
    SLICE_X11Y36         FDRE (Prop_BFF_SLICEM_C_Q)
                                                      0.078     5.314 f  i_carfield/i_cheshire_wrap/i_cheshire_ext_llc_cdc_src/i_cdc_fifo_gray_src_ar/gen_word[6].data_q_reg[6][len][7]/Q
                         net (fo=1, routed)          24.018    29.332    i_carfield/i_cheshire_wrap/i_cheshire_ext_llc_cdc_src/i_cdc_fifo_gray_src_ar/llc_ar_data[596]
    SLICE_X11Y35         LUT6 (Prop_A6LUT_SLICEM_I1_O)
                                                      0.125    29.457 f  i_carfield/i_cheshire_wrap/i_cheshire_ext_llc_cdc_src/i_cdc_fifo_gray_src_ar/gen_spill_reg.a_data_q[len][7]_i_3__10/O
                         net (fo=1, routed)           0.011    29.468    i_carfield/i_cheshire_wrap/i_cheshire_ext_llc_cdc_src/i_cdc_fifo_gray_src_ar/gen_spill_reg.a_data_q[len][7]_i_3__10_n_2
    SLICE_X11Y35         MUXF7 (Prop_F7MUX_AB_SLICEM_I1_O)
                                                      0.065    29.533 f  i_carfield/i_cheshire_wrap/i_cheshire_ext_llc_cdc_src/i_cdc_fifo_gray_src_ar/gen_spill_reg.a_data_q_reg[len][7]_i_1__8/O
                         net (fo=1, routed)           0.031    29.564    i_carfield/i_hyperbus_wrap/i_hyper_cdc_dst/i_cdc_fifo_gray_dst_ar/i_spill_register/spill_register_flushable_i/gen_spill_reg.a_data_q_reg[len][7]_0[7]
    SLICE_X11Y35         FDCE                                         f  i_carfield/i_hyperbus_wrap/i_hyper_cdc_dst/i_cdc_fifo_gray_dst_ar/i_spill_register/spill_register_flushable_i/gen_spill_reg.a_data_q_reg[len][7]/D
  -------------------------------------------------------------------    -------------------

                         max delay                    0.000     0.000    
    E12                  IBUFCTRL                     0.000     0.000 r  u_ibufg_sys_clk/IBUFCTRL_INST/O
                         net (fo=1, routed)           0.333     0.333    i_xlnx_clk_wiz/inst/clk_in1
    MMCM_X1Y12           MMCME4_ADV (Prop_MMCM_CLKIN1_CLKOUT3)
                                                      0.630     0.963 r  i_xlnx_clk_wiz/inst/mmcme4_adv_inst/CLKOUT3
                         net (fo=1, routed)           0.225     1.188    i_xlnx_clk_wiz/inst/clk_10_xlnx_clk_wiz
    BUFGCE_X1Y311        BUFGCE (Prop_BUFCE_BUFGCE_I_O)
                                                      0.024     1.212 r  i_xlnx_clk_wiz/inst/clkout4_buf/O
                         net (fo=64, routed)          4.140     5.352    i_carfield/gen_domain_clock_mux[0].i_clk_mux/clks_i[2]
    SLR Crossing[2->1]   
    SLICE_X118Y302       LUT5 (Prop_G6LUT_SLICEL_I1_O)
                                                      0.057     5.409 r  i_carfield/gen_domain_clock_mux[0].i_clk_mux/clk_o_INST_0/O
                         net (fo=1, routed)           0.943     6.352    i_carfield/gen_domain_clock_mux[0].i_clk_mux/clk_o
    SLR Crossing[1->0]   
    BUFGCE_X1Y84         BUFGCE (Prop_BUFCE_BUFGCE_I_O)
                                                      0.024     6.376 r  i_carfield/gen_domain_clock_mux[0].i_clk_mux/clk_o_BUFG_inst/O
                         net (fo=115, routed)         2.627     9.003    i_carfield/gen_domain_clock_mux[0].i_clk_div/clk_o
    SLR Crossing[0->1]   
    SLICE_X61Y300        LUT5 (Prop_G6LUT_SLICEL_I3_O)
                                                      0.057     9.060 r  i_carfield/gen_domain_clock_mux[0].i_clk_div/n_1_1099782_BUFG_inst_i_1/O
                         net (fo=2, routed)           0.064     9.124    i_carfield/i_hyper_clk_div/n_1_1099782_BUFG_inst_n_2
    SLICE_X61Y300        LUT5 (Prop_E6LUT_SLICEL_I3_O)
                                                      0.082     9.206 r  i_carfield/i_hyper_clk_div/hyp_clk_BUFG_inst_i_1/O
                         net (fo=1, routed)           1.527    10.733    i_carfield/hyp_clk
    SLR Crossing[1->0]   
    BUFGCE_X0Y39         BUFGCE (Prop_BUFCE_BUFGCE_I_O)
                                                      0.024    10.757 r  i_carfield/hyp_clk_BUFG_inst/O
    X1Y2 (CLOCK_ROOT)    net (fo=1287, routed)        1.850    12.607    i_carfield/i_hyperbus_wrap/i_hyper_cdc_dst/i_cdc_fifo_gray_dst_ar/i_spill_register/spill_register_flushable_i/hyp_clk_BUFG
    SLICE_X11Y35         FDCE                                         r  i_carfield/i_hyperbus_wrap/i_hyper_cdc_dst/i_cdc_fifo_gray_dst_ar/i_spill_register/spill_register_flushable_i/gen_spill_reg.a_data_q_reg[len][7]/C
                         clock pessimism             -0.706    11.901    
                         inter-SLR compensation      -1.747    10.154    
                         clock uncertainty           -0.226     9.929    
    SLICE_X11Y35         FDCE (Setup_BFF_SLICEM_C_D)
                                                      0.025     9.954    i_carfield/i_hyperbus_wrap/i_hyper_cdc_dst/i_cdc_fifo_gray_dst_ar/i_spill_register/spill_register_flushable_i/gen_spill_reg.a_data_q_reg[len][7]
  -------------------------------------------------------------------
                         required time                          9.954    
                         arrival time                         -29.564    
  -------------------------------------------------------------------
                         slack                                -19.610    

Slack (VIOLATED) :        -19.570ns  (required time - arrival time)
  Source:                 i_carfield/i_cheshire_wrap/i_cheshire_ext_llc_cdc_src/i_cdc_fifo_gray_src_ar/gen_word[7].data_q_reg[7][addr][24]/C
                            (rising edge-triggered cell FDRE clocked by clk_50_xlnx_clk_wiz  {rise@0.000ns fall@10.000ns period=20.000ns})
  Destination:            i_carfield/i_hyperbus_wrap/i_hyper_cdc_dst/i_cdc_fifo_gray_dst_ar/i_spill_register/spill_register_flushable_i/gen_spill_reg.a_data_q_reg[addr][24]/D
                            (rising edge-triggered cell FDCE clocked by periph_domain_clk  {rise@0.000ns fall@50.000ns period=100.000ns})
  Path Group:             periph_domain_clk
  Path Type:              Setup (Max at Slow Process Corner)
  Requirement:            0.000ns  (MaxDelay Path 0.000ns)
  Data Path Delay:        24.292ns  (logic 0.178ns (0.733%)  route 24.114ns (99.267%))
  Logic Levels:           2  (LUT6=1 MUXF7=1)
  Clock Path Skew:        6.670ns (DCD - SCD + CPR)
    Destination Clock Delay (DCD):    12.612ns
    Source Clock Delay      (SCD):    5.236ns
    Clock Pessimism Removal (CPR):    -0.706ns
  Clock Uncertainty:      0.226ns  ((TSJ^2 + DJ^2)^1/2) / 2 + PE
    Total System Jitter     (TSJ):    0.071ns
    Discrete Jitter          (DJ):    0.199ns
    Phase Error              (PE):    0.120ns
  Inter-SLR Compensation: 1.747ns  ((DCD - CCD) * PF)
    Destination Clock Delay (DCD):    12.612ns
    Common Clock Delay      (CCD):    0.963ns
    Prorating Factor         (PF):    0.150
  Clock Net Delay (Source):      4.700ns (routing 2.719ns, distribution 1.981ns)
  Clock Net Delay (Destination): 1.855ns (routing 0.617ns, distribution 1.238ns)
  Timing Exception:       MaxDelay Path 0.000ns

    Location             Delay type                Incr(ns)  Path(ns)    Netlist Resource(s)
  -------------------------------------------------------------------    -------------------
                         (clock clk_50_xlnx_clk_wiz rise edge)
                                                      0.000     0.000 r  
    E12                  IBUFCTRL                     0.000     0.000 r  u_ibufg_sys_clk/IBUFCTRL_INST/O
                         net (fo=1, routed)           0.384     0.384    i_xlnx_clk_wiz/inst/clk_in1
    MMCM_X1Y12           MMCME4_ADV (Prop_MMCM_CLKIN1_CLKOUT1)
                                                     -0.127     0.257 r  i_xlnx_clk_wiz/inst/mmcme4_adv_inst/CLKOUT1
                         net (fo=1, routed)           0.251     0.508    i_xlnx_clk_wiz/inst/clk_50_xlnx_clk_wiz
    BUFGCE_X1Y298        BUFGCE (Prop_BUFCE_BUFGCE_I_O)
                                                      0.028     0.536 r  i_xlnx_clk_wiz/inst/clkout2_buf/O
    X2Y4 (CLOCK_ROOT)    net (fo=240101, routed)      4.700     5.236    i_carfield/i_cheshire_wrap/i_cheshire_ext_llc_cdc_src/i_cdc_fifo_gray_src_ar/host_clk_i
    SLR Crossing[2->0]   
    SLICE_X10Y45         FDRE                                         r  i_carfield/i_cheshire_wrap/i_cheshire_ext_llc_cdc_src/i_cdc_fifo_gray_src_ar/gen_word[7].data_q_reg[7][addr][24]/C
  -------------------------------------------------------------------    -------------------
    SLICE_X10Y45         FDRE (Prop_BFF_SLICEL_C_Q)
                                                      0.079     5.315 r  i_carfield/i_cheshire_wrap/i_cheshire_ext_llc_cdc_src/i_cdc_fifo_gray_src_ar/gen_word[7].data_q_reg[7][addr][24]/Q
                         net (fo=1, routed)          24.073    29.388    i_carfield/i_cheshire_wrap/i_cheshire_ext_llc_cdc_src/i_cdc_fifo_gray_src_ar/llc_ar_data[714]
    SLICE_X10Y48         LUT6 (Prop_C6LUT_SLICEL_I0_O)
                                                      0.035    29.423 r  i_carfield/i_cheshire_wrap/i_cheshire_ext_llc_cdc_src/i_cdc_fifo_gray_src_ar/gen_spill_reg.a_data_q[addr][24]_i_3__24/O
                         net (fo=1, routed)           0.010    29.433    i_carfield/i_cheshire_wrap/i_cheshire_ext_llc_cdc_src/i_cdc_fifo_gray_src_ar/gen_spill_reg.a_data_q[addr][24]_i_3__24_n_2
    SLICE_X10Y48         MUXF7 (Prop_F7MUX_CD_SLICEL_I1_O)
                                                      0.064    29.497 r  i_carfield/i_cheshire_wrap/i_cheshire_ext_llc_cdc_src/i_cdc_fifo_gray_src_ar/gen_spill_reg.a_data_q_reg[addr][24]_i_1__11/O
                         net (fo=1, routed)           0.031    29.528    i_carfield/i_hyperbus_wrap/i_hyper_cdc_dst/i_cdc_fifo_gray_dst_ar/i_spill_register/spill_register_flushable_i/gen_spill_reg.a_data_q_reg[addr][32]_0[24]
    SLICE_X10Y48         FDCE                                         r  i_carfield/i_hyperbus_wrap/i_hyper_cdc_dst/i_cdc_fifo_gray_dst_ar/i_spill_register/spill_register_flushable_i/gen_spill_reg.a_data_q_reg[addr][24]/D
  -------------------------------------------------------------------    -------------------

                         max delay                    0.000     0.000    
    E12                  IBUFCTRL                     0.000     0.000 r  u_ibufg_sys_clk/IBUFCTRL_INST/O
                         net (fo=1, routed)           0.333     0.333    i_xlnx_clk_wiz/inst/clk_in1
    MMCM_X1Y12           MMCME4_ADV (Prop_MMCM_CLKIN1_CLKOUT3)
                                                      0.630     0.963 r  i_xlnx_clk_wiz/inst/mmcme4_adv_inst/CLKOUT3
                         net (fo=1, routed)           0.225     1.188    i_xlnx_clk_wiz/inst/clk_10_xlnx_clk_wiz
    BUFGCE_X1Y311        BUFGCE (Prop_BUFCE_BUFGCE_I_O)
                                                      0.024     1.212 r  i_xlnx_clk_wiz/inst/clkout4_buf/O
                         net (fo=64, routed)          4.140     5.352    i_carfield/gen_domain_clock_mux[0].i_clk_mux/clks_i[2]
    SLR Crossing[2->1]   
    SLICE_X118Y302       LUT5 (Prop_G6LUT_SLICEL_I1_O)
                                                      0.057     5.409 r  i_carfield/gen_domain_clock_mux[0].i_clk_mux/clk_o_INST_0/O
                         net (fo=1, routed)           0.943     6.352    i_carfield/gen_domain_clock_mux[0].i_clk_mux/clk_o
    SLR Crossing[1->0]   
    BUFGCE_X1Y84         BUFGCE (Prop_BUFCE_BUFGCE_I_O)
                                                      0.024     6.376 r  i_carfield/gen_domain_clock_mux[0].i_clk_mux/clk_o_BUFG_inst/O
                         net (fo=115, routed)         2.627     9.003    i_carfield/gen_domain_clock_mux[0].i_clk_div/clk_o
    SLR Crossing[0->1]   
    SLICE_X61Y300        LUT5 (Prop_G6LUT_SLICEL_I3_O)
                                                      0.057     9.060 r  i_carfield/gen_domain_clock_mux[0].i_clk_div/n_1_1099782_BUFG_inst_i_1/O
                         net (fo=2, routed)           0.064     9.124    i_carfield/i_hyper_clk_div/n_1_1099782_BUFG_inst_n_2
    SLICE_X61Y300        LUT5 (Prop_E6LUT_SLICEL_I3_O)
                                                      0.082     9.206 r  i_carfield/i_hyper_clk_div/hyp_clk_BUFG_inst_i_1/O
                         net (fo=1, routed)           1.527    10.733    i_carfield/hyp_clk
    SLR Crossing[1->0]   
    BUFGCE_X0Y39         BUFGCE (Prop_BUFCE_BUFGCE_I_O)
                                                      0.024    10.757 r  i_carfield/hyp_clk_BUFG_inst/O
    X1Y2 (CLOCK_ROOT)    net (fo=1287, routed)        1.855    12.612    i_carfield/i_hyperbus_wrap/i_hyper_cdc_dst/i_cdc_fifo_gray_dst_ar/i_spill_register/spill_register_flushable_i/hyp_clk_BUFG
    SLICE_X10Y48         FDCE                                         r  i_carfield/i_hyperbus_wrap/i_hyper_cdc_dst/i_cdc_fifo_gray_dst_ar/i_spill_register/spill_register_flushable_i/gen_spill_reg.a_data_q_reg[addr][24]/C
                         clock pessimism             -0.706    11.906    
                         inter-SLR compensation      -1.747    10.159    
                         clock uncertainty           -0.226     9.933    
    SLICE_X10Y48         FDCE (Setup_DFF_SLICEL_C_D)
                                                      0.025     9.958    i_carfield/i_hyperbus_wrap/i_hyper_cdc_dst/i_cdc_fifo_gray_dst_ar/i_spill_register/spill_register_flushable_i/gen_spill_reg.a_data_q_reg[addr][24]
  -------------------------------------------------------------------
                         required time                          9.958    
                         arrival time                         -29.528    
  -------------------------------------------------------------------
                         slack                                -19.570    

Slack (VIOLATED) :        -19.570ns  (required time - arrival time)
  Source:                 i_carfield/i_cheshire_wrap/i_cheshire_ext_llc_cdc_src/i_cdc_fifo_gray_src_ar/gen_word[7].data_q_reg[7][addr][24]/C
                            (rising edge-triggered cell FDRE clocked by clk_50_xlnx_clk_wiz  {rise@0.000ns fall@10.000ns period=20.000ns})
  Destination:            i_carfield/i_hyperbus_wrap/i_hyper_cdc_dst/i_cdc_fifo_gray_dst_ar/i_spill_register/spill_register_flushable_i/gen_spill_reg.a_data_q_reg[addr][24]/D
                            (rising edge-triggered cell FDCE clocked by periph_domain_clk  {rise@0.000ns fall@50.000ns period=100.000ns})
  Path Group:             periph_domain_clk
  Path Type:              Setup (Max at Slow Process Corner)
  Requirement:            0.000ns  (MaxDelay Path 0.000ns)
  Data Path Delay:        24.292ns  (logic 0.178ns (0.733%)  route 24.114ns (99.267%))
  Logic Levels:           2  (LUT6=1 MUXF7=1)
  Clock Path Skew:        6.670ns (DCD - SCD + CPR)
    Destination Clock Delay (DCD):    12.612ns
    Source Clock Delay      (SCD):    5.236ns
    Clock Pessimism Removal (CPR):    -0.706ns
  Clock Uncertainty:      0.226ns  ((TSJ^2 + DJ^2)^1/2) / 2 + PE
    Total System Jitter     (TSJ):    0.071ns
    Discrete Jitter          (DJ):    0.199ns
    Phase Error              (PE):    0.120ns
  Inter-SLR Compensation: 1.747ns  ((DCD - CCD) * PF)
    Destination Clock Delay (DCD):    12.612ns
    Common Clock Delay      (CCD):    0.963ns
    Prorating Factor         (PF):    0.150
  Clock Net Delay (Source):      4.700ns (routing 2.719ns, distribution 1.981ns)
  Clock Net Delay (Destination): 1.855ns (routing 0.617ns, distribution 1.238ns)
  Timing Exception:       MaxDelay Path 0.000ns

    Location             Delay type                Incr(ns)  Path(ns)    Netlist Resource(s)
  -------------------------------------------------------------------    -------------------
                         (clock clk_50_xlnx_clk_wiz rise edge)
                                                      0.000     0.000 r  
    E12                  IBUFCTRL                     0.000     0.000 r  u_ibufg_sys_clk/IBUFCTRL_INST/O
                         net (fo=1, routed)           0.384     0.384    i_xlnx_clk_wiz/inst/clk_in1
    MMCM_X1Y12           MMCME4_ADV (Prop_MMCM_CLKIN1_CLKOUT1)
                                                     -0.127     0.257 r  i_xlnx_clk_wiz/inst/mmcme4_adv_inst/CLKOUT1
                         net (fo=1, routed)           0.251     0.508    i_xlnx_clk_wiz/inst/clk_50_xlnx_clk_wiz
    BUFGCE_X1Y298        BUFGCE (Prop_BUFCE_BUFGCE_I_O)
                                                      0.028     0.536 r  i_xlnx_clk_wiz/inst/clkout2_buf/O
    X2Y4 (CLOCK_ROOT)    net (fo=240101, routed)      4.700     5.236    i_carfield/i_cheshire_wrap/i_cheshire_ext_llc_cdc_src/i_cdc_fifo_gray_src_ar/host_clk_i
    SLR Crossing[2->0]   
    SLICE_X10Y45         FDRE                                         r  i_carfield/i_cheshire_wrap/i_cheshire_ext_llc_cdc_src/i_cdc_fifo_gray_src_ar/gen_word[7].data_q_reg[7][addr][24]/C
  -------------------------------------------------------------------    -------------------
    SLICE_X10Y45         FDRE (Prop_BFF_SLICEL_C_Q)
                                                      0.079     5.315 f  i_carfield/i_cheshire_wrap/i_cheshire_ext_llc_cdc_src/i_cdc_fifo_gray_src_ar/gen_word[7].data_q_reg[7][addr][24]/Q
                         net (fo=1, routed)          24.073    29.388    i_carfield/i_cheshire_wrap/i_cheshire_ext_llc_cdc_src/i_cdc_fifo_gray_src_ar/llc_ar_data[714]
    SLICE_X10Y48         LUT6 (Prop_C6LUT_SLICEL_I0_O)
                                                      0.035    29.423 f  i_carfield/i_cheshire_wrap/i_cheshire_ext_llc_cdc_src/i_cdc_fifo_gray_src_ar/gen_spill_reg.a_data_q[addr][24]_i_3__24/O
                         net (fo=1, routed)           0.010    29.433    i_carfield/i_cheshire_wrap/i_cheshire_ext_llc_cdc_src/i_cdc_fifo_gray_src_ar/gen_spill_reg.a_data_q[addr][24]_i_3__24_n_2
    SLICE_X10Y48         MUXF7 (Prop_F7MUX_CD_SLICEL_I1_O)
                                                      0.064    29.497 f  i_carfield/i_cheshire_wrap/i_cheshire_ext_llc_cdc_src/i_cdc_fifo_gray_src_ar/gen_spill_reg.a_data_q_reg[addr][24]_i_1__11/O
                         net (fo=1, routed)           0.031    29.528    i_carfield/i_hyperbus_wrap/i_hyper_cdc_dst/i_cdc_fifo_gray_dst_ar/i_spill_register/spill_register_flushable_i/gen_spill_reg.a_data_q_reg[addr][32]_0[24]
    SLICE_X10Y48         FDCE                                         f  i_carfield/i_hyperbus_wrap/i_hyper_cdc_dst/i_cdc_fifo_gray_dst_ar/i_spill_register/spill_register_flushable_i/gen_spill_reg.a_data_q_reg[addr][24]/D
  -------------------------------------------------------------------    -------------------

                         max delay                    0.000     0.000    
    E12                  IBUFCTRL                     0.000     0.000 r  u_ibufg_sys_clk/IBUFCTRL_INST/O
                         net (fo=1, routed)           0.333     0.333    i_xlnx_clk_wiz/inst/clk_in1
    MMCM_X1Y12           MMCME4_ADV (Prop_MMCM_CLKIN1_CLKOUT3)
                                                      0.630     0.963 r  i_xlnx_clk_wiz/inst/mmcme4_adv_inst/CLKOUT3
                         net (fo=1, routed)           0.225     1.188    i_xlnx_clk_wiz/inst/clk_10_xlnx_clk_wiz
    BUFGCE_X1Y311        BUFGCE (Prop_BUFCE_BUFGCE_I_O)
                                                      0.024     1.212 r  i_xlnx_clk_wiz/inst/clkout4_buf/O
                         net (fo=64, routed)          4.140     5.352    i_carfield/gen_domain_clock_mux[0].i_clk_mux/clks_i[2]
    SLR Crossing[2->1]   
    SLICE_X118Y302       LUT5 (Prop_G6LUT_SLICEL_I1_O)
                                                      0.057     5.409 r  i_carfield/gen_domain_clock_mux[0].i_clk_mux/clk_o_INST_0/O
                         net (fo=1, routed)           0.943     6.352    i_carfield/gen_domain_clock_mux[0].i_clk_mux/clk_o
    SLR Crossing[1->0]   
    BUFGCE_X1Y84         BUFGCE (Prop_BUFCE_BUFGCE_I_O)
                                                      0.024     6.376 r  i_carfield/gen_domain_clock_mux[0].i_clk_mux/clk_o_BUFG_inst/O
                         net (fo=115, routed)         2.627     9.003    i_carfield/gen_domain_clock_mux[0].i_clk_div/clk_o
    SLR Crossing[0->1]   
    SLICE_X61Y300        LUT5 (Prop_G6LUT_SLICEL_I3_O)
                                                      0.057     9.060 r  i_carfield/gen_domain_clock_mux[0].i_clk_div/n_1_1099782_BUFG_inst_i_1/O
                         net (fo=2, routed)           0.064     9.124    i_carfield/i_hyper_clk_div/n_1_1099782_BUFG_inst_n_2
    SLICE_X61Y300        LUT5 (Prop_E6LUT_SLICEL_I3_O)
                                                      0.082     9.206 r  i_carfield/i_hyper_clk_div/hyp_clk_BUFG_inst_i_1/O
                         net (fo=1, routed)           1.527    10.733    i_carfield/hyp_clk
    SLR Crossing[1->0]   
    BUFGCE_X0Y39         BUFGCE (Prop_BUFCE_BUFGCE_I_O)
                                                      0.024    10.757 r  i_carfield/hyp_clk_BUFG_inst/O
    X1Y2 (CLOCK_ROOT)    net (fo=1287, routed)        1.855    12.612    i_carfield/i_hyperbus_wrap/i_hyper_cdc_dst/i_cdc_fifo_gray_dst_ar/i_spill_register/spill_register_flushable_i/hyp_clk_BUFG
    SLICE_X10Y48         FDCE                                         r  i_carfield/i_hyperbus_wrap/i_hyper_cdc_dst/i_cdc_fifo_gray_dst_ar/i_spill_register/spill_register_flushable_i/gen_spill_reg.a_data_q_reg[addr][24]/C
                         clock pessimism             -0.706    11.906    
                         inter-SLR compensation      -1.747    10.159    
                         clock uncertainty           -0.226     9.933    
    SLICE_X10Y48         FDCE (Setup_DFF_SLICEL_C_D)
                                                      0.025     9.958    i_carfield/i_hyperbus_wrap/i_hyper_cdc_dst/i_cdc_fifo_gray_dst_ar/i_spill_register/spill_register_flushable_i/gen_spill_reg.a_data_q_reg[addr][24]
  -------------------------------------------------------------------
                         required time                          9.958    
                         arrival time                         -29.528    
  -------------------------------------------------------------------
                         slack                                -19.570    

Slack (VIOLATED) :        -19.564ns  (required time - arrival time)
  Source:                 i_carfield/i_cheshire_wrap/i_cheshire_ext_llc_cdc_src/i_cdc_fifo_gray_src_ar/gen_word[6].data_q_reg[6][id][0]/C
                            (rising edge-triggered cell FDRE clocked by clk_50_xlnx_clk_wiz  {rise@0.000ns fall@10.000ns period=20.000ns})
  Destination:            i_carfield/i_hyperbus_wrap/i_hyper_cdc_dst/i_cdc_fifo_gray_dst_ar/i_spill_register/spill_register_flushable_i/gen_spill_reg.a_data_q_reg[id][0]/D
                            (rising edge-triggered cell FDCE clocked by periph_domain_clk  {rise@0.000ns fall@50.000ns period=100.000ns})
  Path Group:             periph_domain_clk
  Path Type:              Setup (Max at Slow Process Corner)
  Requirement:            0.000ns  (MaxDelay Path 0.000ns)
  Data Path Delay:        24.281ns  (logic 0.181ns (0.745%)  route 24.100ns (99.255%))
  Logic Levels:           2  (LUT6=1 MUXF7=1)
  Clock Path Skew:        6.664ns (DCD - SCD + CPR)
    Destination Clock Delay (DCD):    12.606ns
    Source Clock Delay      (SCD):    5.236ns
    Clock Pessimism Removal (CPR):    -0.706ns
  Clock Uncertainty:      0.226ns  ((TSJ^2 + DJ^2)^1/2) / 2 + PE
    Total System Jitter     (TSJ):    0.071ns
    Discrete Jitter          (DJ):    0.199ns
    Phase Error              (PE):    0.120ns
  Inter-SLR Compensation: 1.746ns  ((DCD - CCD) * PF)
    Destination Clock Delay (DCD):    12.606ns
    Common Clock Delay      (CCD):    0.963ns
    Prorating Factor         (PF):    0.150
  Clock Net Delay (Source):      4.700ns (routing 2.719ns, distribution 1.981ns)
  Clock Net Delay (Destination): 1.849ns (routing 0.617ns, distribution 1.232ns)
  Timing Exception:       MaxDelay Path 0.000ns

    Location             Delay type                Incr(ns)  Path(ns)    Netlist Resource(s)
  -------------------------------------------------------------------    -------------------
                         (clock clk_50_xlnx_clk_wiz rise edge)
                                                      0.000     0.000 r  
    E12                  IBUFCTRL                     0.000     0.000 r  u_ibufg_sys_clk/IBUFCTRL_INST/O
                         net (fo=1, routed)           0.384     0.384    i_xlnx_clk_wiz/inst/clk_in1
    MMCM_X1Y12           MMCME4_ADV (Prop_MMCM_CLKIN1_CLKOUT1)
                                                     -0.127     0.257 r  i_xlnx_clk_wiz/inst/mmcme4_adv_inst/CLKOUT1
                         net (fo=1, routed)           0.251     0.508    i_xlnx_clk_wiz/inst/clk_50_xlnx_clk_wiz
    BUFGCE_X1Y298        BUFGCE (Prop_BUFCE_BUFGCE_I_O)
                                                      0.028     0.536 r  i_xlnx_clk_wiz/inst/clkout2_buf/O
    X2Y4 (CLOCK_ROOT)    net (fo=240101, routed)      4.700     5.236    i_carfield/i_cheshire_wrap/i_cheshire_ext_llc_cdc_src/i_cdc_fifo_gray_src_ar/host_clk_i
    SLR Crossing[2->0]   
    SLICE_X11Y36         FDRE                                         r  i_carfield/i_cheshire_wrap/i_cheshire_ext_llc_cdc_src/i_cdc_fifo_gray_src_ar/gen_word[6].data_q_reg[6][id][0]/C
  -------------------------------------------------------------------    -------------------
    SLICE_X11Y36         FDRE (Prop_AFF_SLICEM_C_Q)
                                                      0.077     5.313 r  i_carfield/i_cheshire_wrap/i_cheshire_ext_llc_cdc_src/i_cdc_fifo_gray_src_ar/gen_word[6].data_q_reg[6][id][0]/Q
                         net (fo=1, routed)          24.051    29.364    i_carfield/i_cheshire_wrap/i_cheshire_ext_llc_cdc_src/i_cdc_fifo_gray_src_ar/llc_ar_data[645]
    SLICE_X11Y35         LUT6 (Prop_G6LUT_SLICEM_I1_O)
                                                      0.037    29.401 r  i_carfield/i_cheshire_wrap/i_cheshire_ext_llc_cdc_src/i_cdc_fifo_gray_src_ar/gen_spill_reg.a_data_q[id][0]_i_3__46/O
                         net (fo=1, routed)           0.017    29.418    i_carfield/i_cheshire_wrap/i_cheshire_ext_llc_cdc_src/i_cdc_fifo_gray_src_ar/gen_spill_reg.a_data_q[id][0]_i_3__46_n_2
    SLICE_X11Y35         MUXF7 (Prop_F7MUX_GH_SLICEM_I1_O)
                                                      0.067    29.485 r  i_carfield/i_cheshire_wrap/i_cheshire_ext_llc_cdc_src/i_cdc_fifo_gray_src_ar/gen_spill_reg.a_data_q_reg[id][0]_i_1__10/O
                         net (fo=1, routed)           0.032    29.517    i_carfield/i_hyperbus_wrap/i_hyper_cdc_dst/i_cdc_fifo_gray_dst_ar/i_spill_register/spill_register_flushable_i/gen_spill_reg.a_data_q_reg[id][5]_0[0]
    SLICE_X11Y35         FDCE                                         r  i_carfield/i_hyperbus_wrap/i_hyper_cdc_dst/i_cdc_fifo_gray_dst_ar/i_spill_register/spill_register_flushable_i/gen_spill_reg.a_data_q_reg[id][0]/D
  -------------------------------------------------------------------    -------------------

                         max delay                    0.000     0.000    
    E12                  IBUFCTRL                     0.000     0.000 r  u_ibufg_sys_clk/IBUFCTRL_INST/O
                         net (fo=1, routed)           0.333     0.333    i_xlnx_clk_wiz/inst/clk_in1
    MMCM_X1Y12           MMCME4_ADV (Prop_MMCM_CLKIN1_CLKOUT3)
                                                      0.630     0.963 r  i_xlnx_clk_wiz/inst/mmcme4_adv_inst/CLKOUT3
                         net (fo=1, routed)           0.225     1.188    i_xlnx_clk_wiz/inst/clk_10_xlnx_clk_wiz
    BUFGCE_X1Y311        BUFGCE (Prop_BUFCE_BUFGCE_I_O)
                                                      0.024     1.212 r  i_xlnx_clk_wiz/inst/clkout4_buf/O
                         net (fo=64, routed)          4.140     5.352    i_carfield/gen_domain_clock_mux[0].i_clk_mux/clks_i[2]
    SLR Crossing[2->1]   
    SLICE_X118Y302       LUT5 (Prop_G6LUT_SLICEL_I1_O)
                                                      0.057     5.409 r  i_carfield/gen_domain_clock_mux[0].i_clk_mux/clk_o_INST_0/O
                         net (fo=1, routed)           0.943     6.352    i_carfield/gen_domain_clock_mux[0].i_clk_mux/clk_o
    SLR Crossing[1->0]   
    BUFGCE_X1Y84         BUFGCE (Prop_BUFCE_BUFGCE_I_O)
                                                      0.024     6.376 r  i_carfield/gen_domain_clock_mux[0].i_clk_mux/clk_o_BUFG_inst/O
                         net (fo=115, routed)         2.627     9.003    i_carfield/gen_domain_clock_mux[0].i_clk_div/clk_o
    SLR Crossing[0->1]   
    SLICE_X61Y300        LUT5 (Prop_G6LUT_SLICEL_I3_O)
                                                      0.057     9.060 r  i_carfield/gen_domain_clock_mux[0].i_clk_div/n_1_1099782_BUFG_inst_i_1/O
                         net (fo=2, routed)           0.064     9.124    i_carfield/i_hyper_clk_div/n_1_1099782_BUFG_inst_n_2
    SLICE_X61Y300        LUT5 (Prop_E6LUT_SLICEL_I3_O)
                                                      0.082     9.206 r  i_carfield/i_hyper_clk_div/hyp_clk_BUFG_inst_i_1/O
                         net (fo=1, routed)           1.527    10.733    i_carfield/hyp_clk
    SLR Crossing[1->0]   
    BUFGCE_X0Y39         BUFGCE (Prop_BUFCE_BUFGCE_I_O)
                                                      0.024    10.757 r  i_carfield/hyp_clk_BUFG_inst/O
    X1Y2 (CLOCK_ROOT)    net (fo=1287, routed)        1.849    12.606    i_carfield/i_hyperbus_wrap/i_hyper_cdc_dst/i_cdc_fifo_gray_dst_ar/i_spill_register/spill_register_flushable_i/hyp_clk_BUFG
    SLICE_X11Y35         FDCE                                         r  i_carfield/i_hyperbus_wrap/i_hyper_cdc_dst/i_cdc_fifo_gray_dst_ar/i_spill_register/spill_register_flushable_i/gen_spill_reg.a_data_q_reg[id][0]/C
                         clock pessimism             -0.706    11.900    
                         inter-SLR compensation      -1.746    10.154    
                         clock uncertainty           -0.226     9.928    
    SLICE_X11Y35         FDCE (Setup_HFF_SLICEM_C_D)
                                                      0.025     9.953    i_carfield/i_hyperbus_wrap/i_hyper_cdc_dst/i_cdc_fifo_gray_dst_ar/i_spill_register/spill_register_flushable_i/gen_spill_reg.a_data_q_reg[id][0]
  -------------------------------------------------------------------
                         required time                          9.953    
                         arrival time                         -29.517    
  -------------------------------------------------------------------
                         slack                                -19.564    

Slack (VIOLATED) :        -19.564ns  (required time - arrival time)
  Source:                 i_carfield/i_cheshire_wrap/i_cheshire_ext_llc_cdc_src/i_cdc_fifo_gray_src_ar/gen_word[6].data_q_reg[6][id][0]/C
                            (rising edge-triggered cell FDRE clocked by clk_50_xlnx_clk_wiz  {rise@0.000ns fall@10.000ns period=20.000ns})
  Destination:            i_carfield/i_hyperbus_wrap/i_hyper_cdc_dst/i_cdc_fifo_gray_dst_ar/i_spill_register/spill_register_flushable_i/gen_spill_reg.a_data_q_reg[id][0]/D
                            (rising edge-triggered cell FDCE clocked by periph_domain_clk  {rise@0.000ns fall@50.000ns period=100.000ns})
  Path Group:             periph_domain_clk
  Path Type:              Setup (Max at Slow Process Corner)
  Requirement:            0.000ns  (MaxDelay Path 0.000ns)
  Data Path Delay:        24.281ns  (logic 0.181ns (0.745%)  route 24.100ns (99.255%))
  Logic Levels:           2  (LUT6=1 MUXF7=1)
  Clock Path Skew:        6.664ns (DCD - SCD + CPR)
    Destination Clock Delay (DCD):    12.606ns
    Source Clock Delay      (SCD):    5.236ns
    Clock Pessimism Removal (CPR):    -0.706ns
  Clock Uncertainty:      0.226ns  ((TSJ^2 + DJ^2)^1/2) / 2 + PE
    Total System Jitter     (TSJ):    0.071ns
    Discrete Jitter          (DJ):    0.199ns
    Phase Error              (PE):    0.120ns
  Inter-SLR Compensation: 1.746ns  ((DCD - CCD) * PF)
    Destination Clock Delay (DCD):    12.606ns
    Common Clock Delay      (CCD):    0.963ns
    Prorating Factor         (PF):    0.150
  Clock Net Delay (Source):      4.700ns (routing 2.719ns, distribution 1.981ns)
  Clock Net Delay (Destination): 1.849ns (routing 0.617ns, distribution 1.232ns)
  Timing Exception:       MaxDelay Path 0.000ns

    Location             Delay type                Incr(ns)  Path(ns)    Netlist Resource(s)
  -------------------------------------------------------------------    -------------------
                         (clock clk_50_xlnx_clk_wiz rise edge)
                                                      0.000     0.000 r  
    E12                  IBUFCTRL                     0.000     0.000 r  u_ibufg_sys_clk/IBUFCTRL_INST/O
                         net (fo=1, routed)           0.384     0.384    i_xlnx_clk_wiz/inst/clk_in1
    MMCM_X1Y12           MMCME4_ADV (Prop_MMCM_CLKIN1_CLKOUT1)
                                                     -0.127     0.257 r  i_xlnx_clk_wiz/inst/mmcme4_adv_inst/CLKOUT1
                         net (fo=1, routed)           0.251     0.508    i_xlnx_clk_wiz/inst/clk_50_xlnx_clk_wiz
    BUFGCE_X1Y298        BUFGCE (Prop_BUFCE_BUFGCE_I_O)
                                                      0.028     0.536 r  i_xlnx_clk_wiz/inst/clkout2_buf/O
    X2Y4 (CLOCK_ROOT)    net (fo=240101, routed)      4.700     5.236    i_carfield/i_cheshire_wrap/i_cheshire_ext_llc_cdc_src/i_cdc_fifo_gray_src_ar/host_clk_i
    SLR Crossing[2->0]   
    SLICE_X11Y36         FDRE                                         r  i_carfield/i_cheshire_wrap/i_cheshire_ext_llc_cdc_src/i_cdc_fifo_gray_src_ar/gen_word[6].data_q_reg[6][id][0]/C
  -------------------------------------------------------------------    -------------------
    SLICE_X11Y36         FDRE (Prop_AFF_SLICEM_C_Q)
                                                      0.077     5.313 f  i_carfield/i_cheshire_wrap/i_cheshire_ext_llc_cdc_src/i_cdc_fifo_gray_src_ar/gen_word[6].data_q_reg[6][id][0]/Q
                         net (fo=1, routed)          24.051    29.364    i_carfield/i_cheshire_wrap/i_cheshire_ext_llc_cdc_src/i_cdc_fifo_gray_src_ar/llc_ar_data[645]
    SLICE_X11Y35         LUT6 (Prop_G6LUT_SLICEM_I1_O)
                                                      0.037    29.401 f  i_carfield/i_cheshire_wrap/i_cheshire_ext_llc_cdc_src/i_cdc_fifo_gray_src_ar/gen_spill_reg.a_data_q[id][0]_i_3__46/O
                         net (fo=1, routed)           0.017    29.418    i_carfield/i_cheshire_wrap/i_cheshire_ext_llc_cdc_src/i_cdc_fifo_gray_src_ar/gen_spill_reg.a_data_q[id][0]_i_3__46_n_2
    SLICE_X11Y35         MUXF7 (Prop_F7MUX_GH_SLICEM_I1_O)
                                                      0.067    29.485 f  i_carfield/i_cheshire_wrap/i_cheshire_ext_llc_cdc_src/i_cdc_fifo_gray_src_ar/gen_spill_reg.a_data_q_reg[id][0]_i_1__10/O
                         net (fo=1, routed)           0.032    29.517    i_carfield/i_hyperbus_wrap/i_hyper_cdc_dst/i_cdc_fifo_gray_dst_ar/i_spill_register/spill_register_flushable_i/gen_spill_reg.a_data_q_reg[id][5]_0[0]
    SLICE_X11Y35         FDCE                                         f  i_carfield/i_hyperbus_wrap/i_hyper_cdc_dst/i_cdc_fifo_gray_dst_ar/i_spill_register/spill_register_flushable_i/gen_spill_reg.a_data_q_reg[id][0]/D
  -------------------------------------------------------------------    -------------------

                         max delay                    0.000     0.000    
    E12                  IBUFCTRL                     0.000     0.000 r  u_ibufg_sys_clk/IBUFCTRL_INST/O
                         net (fo=1, routed)           0.333     0.333    i_xlnx_clk_wiz/inst/clk_in1
    MMCM_X1Y12           MMCME4_ADV (Prop_MMCM_CLKIN1_CLKOUT3)
                                                      0.630     0.963 r  i_xlnx_clk_wiz/inst/mmcme4_adv_inst/CLKOUT3
                         net (fo=1, routed)           0.225     1.188    i_xlnx_clk_wiz/inst/clk_10_xlnx_clk_wiz
    BUFGCE_X1Y311        BUFGCE (Prop_BUFCE_BUFGCE_I_O)
                                                      0.024     1.212 r  i_xlnx_clk_wiz/inst/clkout4_buf/O
                         net (fo=64, routed)          4.140     5.352    i_carfield/gen_domain_clock_mux[0].i_clk_mux/clks_i[2]
    SLR Crossing[2->1]   
    SLICE_X118Y302       LUT5 (Prop_G6LUT_SLICEL_I1_O)
                                                      0.057     5.409 r  i_carfield/gen_domain_clock_mux[0].i_clk_mux/clk_o_INST_0/O
                         net (fo=1, routed)           0.943     6.352    i_carfield/gen_domain_clock_mux[0].i_clk_mux/clk_o
    SLR Crossing[1->0]   
    BUFGCE_X1Y84         BUFGCE (Prop_BUFCE_BUFGCE_I_O)
                                                      0.024     6.376 r  i_carfield/gen_domain_clock_mux[0].i_clk_mux/clk_o_BUFG_inst/O
                         net (fo=115, routed)         2.627     9.003    i_carfield/gen_domain_clock_mux[0].i_clk_div/clk_o
    SLR Crossing[0->1]   
    SLICE_X61Y300        LUT5 (Prop_G6LUT_SLICEL_I3_O)
                                                      0.057     9.060 r  i_carfield/gen_domain_clock_mux[0].i_clk_div/n_1_1099782_BUFG_inst_i_1/O
                         net (fo=2, routed)           0.064     9.124    i_carfield/i_hyper_clk_div/n_1_1099782_BUFG_inst_n_2
    SLICE_X61Y300        LUT5 (Prop_E6LUT_SLICEL_I3_O)
                                                      0.082     9.206 r  i_carfield/i_hyper_clk_div/hyp_clk_BUFG_inst_i_1/O
                         net (fo=1, routed)           1.527    10.733    i_carfield/hyp_clk
    SLR Crossing[1->0]   
    BUFGCE_X0Y39         BUFGCE (Prop_BUFCE_BUFGCE_I_O)
                                                      0.024    10.757 r  i_carfield/hyp_clk_BUFG_inst/O
    X1Y2 (CLOCK_ROOT)    net (fo=1287, routed)        1.849    12.606    i_carfield/i_hyperbus_wrap/i_hyper_cdc_dst/i_cdc_fifo_gray_dst_ar/i_spill_register/spill_register_flushable_i/hyp_clk_BUFG
    SLICE_X11Y35         FDCE                                         r  i_carfield/i_hyperbus_wrap/i_hyper_cdc_dst/i_cdc_fifo_gray_dst_ar/i_spill_register/spill_register_flushable_i/gen_spill_reg.a_data_q_reg[id][0]/C
                         clock pessimism             -0.706    11.900    
                         inter-SLR compensation      -1.746    10.154    
                         clock uncertainty           -0.226     9.928    
    SLICE_X11Y35         FDCE (Setup_HFF_SLICEM_C_D)
                                                      0.025     9.953    i_carfield/i_hyperbus_wrap/i_hyper_cdc_dst/i_cdc_fifo_gray_dst_ar/i_spill_register/spill_register_flushable_i/gen_spill_reg.a_data_q_reg[id][0]
  -------------------------------------------------------------------
                         required time                          9.953    
                         arrival time                         -29.517    
  -------------------------------------------------------------------
                         slack                                -19.564    

Slack (VIOLATED) :        -19.564ns  (required time - arrival time)
  Source:                 i_carfield/i_cheshire_wrap/i_cheshire_ext_llc_cdc_src/i_cdc_fifo_gray_src_aw/gen_word[4].data_q_reg[4][addr][30]/C
                            (rising edge-triggered cell FDRE clocked by clk_50_xlnx_clk_wiz  {rise@0.000ns fall@10.000ns period=20.000ns})
  Destination:            i_carfield/i_hyperbus_wrap/i_hyper_cdc_dst/i_cdc_fifo_gray_dst_aw/i_spill_register/spill_register_flushable_i/gen_spill_reg.a_data_q_reg[addr][30]/D
                            (rising edge-triggered cell FDCE clocked by periph_domain_clk  {rise@0.000ns fall@50.000ns period=100.000ns})
  Path Group:             periph_domain_clk
  Path Type:              Setup (Max at Slow Process Corner)
  Requirement:            0.000ns  (MaxDelay Path 0.000ns)
  Data Path Delay:        24.296ns  (logic 0.178ns (0.733%)  route 24.118ns (99.267%))
  Logic Levels:           2  (LUT6=1 MUXF7=1)
  Clock Path Skew:        6.670ns (DCD - SCD + CPR)
    Destination Clock Delay (DCD):    12.546ns
    Source Clock Delay      (SCD):    5.170ns
    Clock Pessimism Removal (CPR):    -0.706ns
  Clock Uncertainty:      0.226ns  ((TSJ^2 + DJ^2)^1/2) / 2 + PE
    Total System Jitter     (TSJ):    0.071ns
    Discrete Jitter          (DJ):    0.199ns
    Phase Error              (PE):    0.120ns
  Inter-SLR Compensation: 1.737ns  ((DCD - CCD) * PF)
    Destination Clock Delay (DCD):    12.546ns
    Common Clock Delay      (CCD):    0.963ns
    Prorating Factor         (PF):    0.150
  Clock Net Delay (Source):      4.634ns (routing 2.719ns, distribution 1.915ns)
  Clock Net Delay (Destination): 1.789ns (routing 0.617ns, distribution 1.172ns)
  Timing Exception:       MaxDelay Path 0.000ns

    Location             Delay type                Incr(ns)  Path(ns)    Netlist Resource(s)
  -------------------------------------------------------------------    -------------------
                         (clock clk_50_xlnx_clk_wiz rise edge)
                                                      0.000     0.000 r  
    E12                  IBUFCTRL                     0.000     0.000 r  u_ibufg_sys_clk/IBUFCTRL_INST/O
                         net (fo=1, routed)           0.384     0.384    i_xlnx_clk_wiz/inst/clk_in1
    MMCM_X1Y12           MMCME4_ADV (Prop_MMCM_CLKIN1_CLKOUT1)
                                                     -0.127     0.257 r  i_xlnx_clk_wiz/inst/mmcme4_adv_inst/CLKOUT1
                         net (fo=1, routed)           0.251     0.508    i_xlnx_clk_wiz/inst/clk_50_xlnx_clk_wiz
    BUFGCE_X1Y298        BUFGCE (Prop_BUFCE_BUFGCE_I_O)
                                                      0.028     0.536 r  i_xlnx_clk_wiz/inst/clkout2_buf/O
    X2Y4 (CLOCK_ROOT)    net (fo=240101, routed)      4.634     5.170    i_carfield/i_cheshire_wrap/i_cheshire_ext_llc_cdc_src/i_cdc_fifo_gray_src_aw/host_clk_i
    SLR Crossing[2->0]   
    SLICE_X28Y44         FDRE                                         r  i_carfield/i_cheshire_wrap/i_cheshire_ext_llc_cdc_src/i_cdc_fifo_gray_src_aw/gen_word[4].data_q_reg[4][addr][30]/C
  -------------------------------------------------------------------    -------------------
    SLICE_X28Y44         FDRE (Prop_FFF_SLICEL_C_Q)
                                                      0.079     5.249 r  i_carfield/i_cheshire_wrap/i_cheshire_ext_llc_cdc_src/i_cdc_fifo_gray_src_aw/gen_word[4].data_q_reg[4][addr][30]/Q
                         net (fo=1, routed)          24.077    29.326    i_carfield/i_cheshire_wrap/i_cheshire_ext_llc_cdc_src/i_cdc_fifo_gray_src_aw/llc_aw_data[471]
    SLICE_X26Y45         LUT6 (Prop_C6LUT_SLICEL_I5_O)
                                                      0.035    29.361 r  i_carfield/i_cheshire_wrap/i_cheshire_ext_llc_cdc_src/i_cdc_fifo_gray_src_aw/gen_spill_reg.a_data_q[addr][30]_i_3__23/O
                         net (fo=1, routed)           0.010    29.371    i_carfield/i_cheshire_wrap/i_cheshire_ext_llc_cdc_src/i_cdc_fifo_gray_src_aw/gen_spill_reg.a_data_q[addr][30]_i_3__23_n_2
    SLICE_X26Y45         MUXF7 (Prop_F7MUX_CD_SLICEL_I1_O)
                                                      0.064    29.435 r  i_carfield/i_cheshire_wrap/i_cheshire_ext_llc_cdc_src/i_cdc_fifo_gray_src_aw/gen_spill_reg.a_data_q_reg[addr][30]_i_1__10/O
                         net (fo=1, routed)           0.031    29.466    i_carfield/i_hyperbus_wrap/i_hyper_cdc_dst/i_cdc_fifo_gray_dst_aw/i_spill_register/spill_register_flushable_i/gen_spill_reg.a_data_q_reg[addr][32]_0[30]
    SLICE_X26Y45         FDCE                                         r  i_carfield/i_hyperbus_wrap/i_hyper_cdc_dst/i_cdc_fifo_gray_dst_aw/i_spill_register/spill_register_flushable_i/gen_spill_reg.a_data_q_reg[addr][30]/D
  -------------------------------------------------------------------    -------------------

                         max delay                    0.000     0.000    
    E12                  IBUFCTRL                     0.000     0.000 r  u_ibufg_sys_clk/IBUFCTRL_INST/O
                         net (fo=1, routed)           0.333     0.333    i_xlnx_clk_wiz/inst/clk_in1
    MMCM_X1Y12           MMCME4_ADV (Prop_MMCM_CLKIN1_CLKOUT3)
                                                      0.630     0.963 r  i_xlnx_clk_wiz/inst/mmcme4_adv_inst/CLKOUT3
                         net (fo=1, routed)           0.225     1.188    i_xlnx_clk_wiz/inst/clk_10_xlnx_clk_wiz
    BUFGCE_X1Y311        BUFGCE (Prop_BUFCE_BUFGCE_I_O)
                                                      0.024     1.212 r  i_xlnx_clk_wiz/inst/clkout4_buf/O
                         net (fo=64, routed)          4.140     5.352    i_carfield/gen_domain_clock_mux[0].i_clk_mux/clks_i[2]
    SLR Crossing[2->1]   
    SLICE_X118Y302       LUT5 (Prop_G6LUT_SLICEL_I1_O)
                                                      0.057     5.409 r  i_carfield/gen_domain_clock_mux[0].i_clk_mux/clk_o_INST_0/O
                         net (fo=1, routed)           0.943     6.352    i_carfield/gen_domain_clock_mux[0].i_clk_mux/clk_o
    SLR Crossing[1->0]   
    BUFGCE_X1Y84         BUFGCE (Prop_BUFCE_BUFGCE_I_O)
                                                      0.024     6.376 r  i_carfield/gen_domain_clock_mux[0].i_clk_mux/clk_o_BUFG_inst/O
                         net (fo=115, routed)         2.627     9.003    i_carfield/gen_domain_clock_mux[0].i_clk_div/clk_o
    SLR Crossing[0->1]   
    SLICE_X61Y300        LUT5 (Prop_G6LUT_SLICEL_I3_O)
                                                      0.057     9.060 r  i_carfield/gen_domain_clock_mux[0].i_clk_div/n_1_1099782_BUFG_inst_i_1/O
                         net (fo=2, routed)           0.064     9.124    i_carfield/i_hyper_clk_div/n_1_1099782_BUFG_inst_n_2
    SLICE_X61Y300        LUT5 (Prop_E6LUT_SLICEL_I3_O)
                                                      0.082     9.206 r  i_carfield/i_hyper_clk_div/hyp_clk_BUFG_inst_i_1/O
                         net (fo=1, routed)           1.527    10.733    i_carfield/hyp_clk
    SLR Crossing[1->0]   
    BUFGCE_X0Y39         BUFGCE (Prop_BUFCE_BUFGCE_I_O)
                                                      0.024    10.757 r  i_carfield/hyp_clk_BUFG_inst/O
    X1Y2 (CLOCK_ROOT)    net (fo=1287, routed)        1.789    12.546    i_carfield/i_hyperbus_wrap/i_hyper_cdc_dst/i_cdc_fifo_gray_dst_aw/i_spill_register/spill_register_flushable_i/hyp_clk_BUFG
    SLICE_X26Y45         FDCE                                         r  i_carfield/i_hyperbus_wrap/i_hyper_cdc_dst/i_cdc_fifo_gray_dst_aw/i_spill_register/spill_register_flushable_i/gen_spill_reg.a_data_q_reg[addr][30]/C
                         clock pessimism             -0.706    11.840    
                         inter-SLR compensation      -1.737    10.103    
                         clock uncertainty           -0.226     9.877    
    SLICE_X26Y45         FDCE (Setup_DFF_SLICEL_C_D)
                                                      0.025     9.902    i_carfield/i_hyperbus_wrap/i_hyper_cdc_dst/i_cdc_fifo_gray_dst_aw/i_spill_register/spill_register_flushable_i/gen_spill_reg.a_data_q_reg[addr][30]
  -------------------------------------------------------------------
                         required time                          9.902    
                         arrival time                         -29.466    
  -------------------------------------------------------------------
                         slack                                -19.564    

Slack (VIOLATED) :        -19.564ns  (required time - arrival time)
  Source:                 i_carfield/i_cheshire_wrap/i_cheshire_ext_llc_cdc_src/i_cdc_fifo_gray_src_aw/gen_word[4].data_q_reg[4][addr][30]/C
                            (rising edge-triggered cell FDRE clocked by clk_50_xlnx_clk_wiz  {rise@0.000ns fall@10.000ns period=20.000ns})
  Destination:            i_carfield/i_hyperbus_wrap/i_hyper_cdc_dst/i_cdc_fifo_gray_dst_aw/i_spill_register/spill_register_flushable_i/gen_spill_reg.a_data_q_reg[addr][30]/D
                            (rising edge-triggered cell FDCE clocked by periph_domain_clk  {rise@0.000ns fall@50.000ns period=100.000ns})
  Path Group:             periph_domain_clk
  Path Type:              Setup (Max at Slow Process Corner)
  Requirement:            0.000ns  (MaxDelay Path 0.000ns)
  Data Path Delay:        24.296ns  (logic 0.178ns (0.733%)  route 24.118ns (99.267%))
  Logic Levels:           2  (LUT6=1 MUXF7=1)
  Clock Path Skew:        6.670ns (DCD - SCD + CPR)
    Destination Clock Delay (DCD):    12.546ns
    Source Clock Delay      (SCD):    5.170ns
    Clock Pessimism Removal (CPR):    -0.706ns
  Clock Uncertainty:      0.226ns  ((TSJ^2 + DJ^2)^1/2) / 2 + PE
    Total System Jitter     (TSJ):    0.071ns
    Discrete Jitter          (DJ):    0.199ns
    Phase Error              (PE):    0.120ns
  Inter-SLR Compensation: 1.737ns  ((DCD - CCD) * PF)
    Destination Clock Delay (DCD):    12.546ns
    Common Clock Delay      (CCD):    0.963ns
    Prorating Factor         (PF):    0.150
  Clock Net Delay (Source):      4.634ns (routing 2.719ns, distribution 1.915ns)
  Clock Net Delay (Destination): 1.789ns (routing 0.617ns, distribution 1.172ns)
  Timing Exception:       MaxDelay Path 0.000ns

    Location             Delay type                Incr(ns)  Path(ns)    Netlist Resource(s)
  -------------------------------------------------------------------    -------------------
                         (clock clk_50_xlnx_clk_wiz rise edge)
                                                      0.000     0.000 r  
    E12                  IBUFCTRL                     0.000     0.000 r  u_ibufg_sys_clk/IBUFCTRL_INST/O
                         net (fo=1, routed)           0.384     0.384    i_xlnx_clk_wiz/inst/clk_in1
    MMCM_X1Y12           MMCME4_ADV (Prop_MMCM_CLKIN1_CLKOUT1)
                                                     -0.127     0.257 r  i_xlnx_clk_wiz/inst/mmcme4_adv_inst/CLKOUT1
                         net (fo=1, routed)           0.251     0.508    i_xlnx_clk_wiz/inst/clk_50_xlnx_clk_wiz
    BUFGCE_X1Y298        BUFGCE (Prop_BUFCE_BUFGCE_I_O)
                                                      0.028     0.536 r  i_xlnx_clk_wiz/inst/clkout2_buf/O
    X2Y4 (CLOCK_ROOT)    net (fo=240101, routed)      4.634     5.170    i_carfield/i_cheshire_wrap/i_cheshire_ext_llc_cdc_src/i_cdc_fifo_gray_src_aw/host_clk_i
    SLR Crossing[2->0]   
    SLICE_X28Y44         FDRE                                         r  i_carfield/i_cheshire_wrap/i_cheshire_ext_llc_cdc_src/i_cdc_fifo_gray_src_aw/gen_word[4].data_q_reg[4][addr][30]/C
  -------------------------------------------------------------------    -------------------
    SLICE_X28Y44         FDRE (Prop_FFF_SLICEL_C_Q)
                                                      0.079     5.249 f  i_carfield/i_cheshire_wrap/i_cheshire_ext_llc_cdc_src/i_cdc_fifo_gray_src_aw/gen_word[4].data_q_reg[4][addr][30]/Q
                         net (fo=1, routed)          24.077    29.326    i_carfield/i_cheshire_wrap/i_cheshire_ext_llc_cdc_src/i_cdc_fifo_gray_src_aw/llc_aw_data[471]
    SLICE_X26Y45         LUT6 (Prop_C6LUT_SLICEL_I5_O)
                                                      0.035    29.361 f  i_carfield/i_cheshire_wrap/i_cheshire_ext_llc_cdc_src/i_cdc_fifo_gray_src_aw/gen_spill_reg.a_data_q[addr][30]_i_3__23/O
                         net (fo=1, routed)           0.010    29.371    i_carfield/i_cheshire_wrap/i_cheshire_ext_llc_cdc_src/i_cdc_fifo_gray_src_aw/gen_spill_reg.a_data_q[addr][30]_i_3__23_n_2
    SLICE_X26Y45         MUXF7 (Prop_F7MUX_CD_SLICEL_I1_O)
                                                      0.064    29.435 f  i_carfield/i_cheshire_wrap/i_cheshire_ext_llc_cdc_src/i_cdc_fifo_gray_src_aw/gen_spill_reg.a_data_q_reg[addr][30]_i_1__10/O
                         net (fo=1, routed)           0.031    29.466    i_carfield/i_hyperbus_wrap/i_hyper_cdc_dst/i_cdc_fifo_gray_dst_aw/i_spill_register/spill_register_flushable_i/gen_spill_reg.a_data_q_reg[addr][32]_0[30]
    SLICE_X26Y45         FDCE                                         f  i_carfield/i_hyperbus_wrap/i_hyper_cdc_dst/i_cdc_fifo_gray_dst_aw/i_spill_register/spill_register_flushable_i/gen_spill_reg.a_data_q_reg[addr][30]/D
  -------------------------------------------------------------------    -------------------

                         max delay                    0.000     0.000    
    E12                  IBUFCTRL                     0.000     0.000 r  u_ibufg_sys_clk/IBUFCTRL_INST/O
                         net (fo=1, routed)           0.333     0.333    i_xlnx_clk_wiz/inst/clk_in1
    MMCM_X1Y12           MMCME4_ADV (Prop_MMCM_CLKIN1_CLKOUT3)
                                                      0.630     0.963 r  i_xlnx_clk_wiz/inst/mmcme4_adv_inst/CLKOUT3
                         net (fo=1, routed)           0.225     1.188    i_xlnx_clk_wiz/inst/clk_10_xlnx_clk_wiz
    BUFGCE_X1Y311        BUFGCE (Prop_BUFCE_BUFGCE_I_O)
                                                      0.024     1.212 r  i_xlnx_clk_wiz/inst/clkout4_buf/O
                         net (fo=64, routed)          4.140     5.352    i_carfield/gen_domain_clock_mux[0].i_clk_mux/clks_i[2]
    SLR Crossing[2->1]   
    SLICE_X118Y302       LUT5 (Prop_G6LUT_SLICEL_I1_O)
                                                      0.057     5.409 r  i_carfield/gen_domain_clock_mux[0].i_clk_mux/clk_o_INST_0/O
                         net (fo=1, routed)           0.943     6.352    i_carfield/gen_domain_clock_mux[0].i_clk_mux/clk_o
    SLR Crossing[1->0]   
    BUFGCE_X1Y84         BUFGCE (Prop_BUFCE_BUFGCE_I_O)
                                                      0.024     6.376 r  i_carfield/gen_domain_clock_mux[0].i_clk_mux/clk_o_BUFG_inst/O
                         net (fo=115, routed)         2.627     9.003    i_carfield/gen_domain_clock_mux[0].i_clk_div/clk_o
    SLR Crossing[0->1]   
    SLICE_X61Y300        LUT5 (Prop_G6LUT_SLICEL_I3_O)
                                                      0.057     9.060 r  i_carfield/gen_domain_clock_mux[0].i_clk_div/n_1_1099782_BUFG_inst_i_1/O
                         net (fo=2, routed)           0.064     9.124    i_carfield/i_hyper_clk_div/n_1_1099782_BUFG_inst_n_2
    SLICE_X61Y300        LUT5 (Prop_E6LUT_SLICEL_I3_O)
                                                      0.082     9.206 r  i_carfield/i_hyper_clk_div/hyp_clk_BUFG_inst_i_1/O
                         net (fo=1, routed)           1.527    10.733    i_carfield/hyp_clk
    SLR Crossing[1->0]   
    BUFGCE_X0Y39         BUFGCE (Prop_BUFCE_BUFGCE_I_O)
                                                      0.024    10.757 r  i_carfield/hyp_clk_BUFG_inst/O
    X1Y2 (CLOCK_ROOT)    net (fo=1287, routed)        1.789    12.546    i_carfield/i_hyperbus_wrap/i_hyper_cdc_dst/i_cdc_fifo_gray_dst_aw/i_spill_register/spill_register_flushable_i/hyp_clk_BUFG
    SLICE_X26Y45         FDCE                                         r  i_carfield/i_hyperbus_wrap/i_hyper_cdc_dst/i_cdc_fifo_gray_dst_aw/i_spill_register/spill_register_flushable_i/gen_spill_reg.a_data_q_reg[addr][30]/C
                         clock pessimism             -0.706    11.840    
                         inter-SLR compensation      -1.737    10.103    
                         clock uncertainty           -0.226     9.877    
    SLICE_X26Y45         FDCE (Setup_DFF_SLICEL_C_D)
                                                      0.025     9.902    i_carfield/i_hyperbus_wrap/i_hyper_cdc_dst/i_cdc_fifo_gray_dst_aw/i_spill_register/spill_register_flushable_i/gen_spill_reg.a_data_q_reg[addr][30]
  -------------------------------------------------------------------
                         required time                          9.902    
                         arrival time                         -29.466    
  -------------------------------------------------------------------
                         slack                                -19.564    

Slack (VIOLATED) :        -19.543ns  (required time - arrival time)
  Source:                 i_carfield/i_cheshire_wrap/i_cheshire_ext_llc_cdc_src/i_cdc_fifo_gray_src_aw/gen_word[0].data_q_reg[0][addr][24]/C
                            (rising edge-triggered cell FDRE clocked by clk_50_xlnx_clk_wiz  {rise@0.000ns fall@10.000ns period=20.000ns})
  Destination:            i_carfield/i_hyperbus_wrap/i_hyper_cdc_dst/i_cdc_fifo_gray_dst_aw/i_spill_register/spill_register_flushable_i/gen_spill_reg.a_data_q_reg[addr][24]/D
                            (rising edge-triggered cell FDCE clocked by periph_domain_clk  {rise@0.000ns fall@50.000ns period=100.000ns})
  Path Group:             periph_domain_clk
  Path Type:              Setup (Max at Slow Process Corner)
  Requirement:            0.000ns  (MaxDelay Path 0.000ns)
  Data Path Delay:        24.294ns  (logic 0.179ns (0.737%)  route 24.115ns (99.263%))
  Logic Levels:           2  (LUT6=1 MUXF7=1)
  Clock Path Skew:        6.675ns (DCD - SCD + CPR)
    Destination Clock Delay (DCD):    12.453ns
    Source Clock Delay      (SCD):    5.072ns
    Clock Pessimism Removal (CPR):    -0.706ns
  Clock Uncertainty:      0.226ns  ((TSJ^2 + DJ^2)^1/2) / 2 + PE
    Total System Jitter     (TSJ):    0.071ns
    Discrete Jitter          (DJ):    0.199ns
    Phase Error              (PE):    0.120ns
  Inter-SLR Compensation: 1.723ns  ((DCD - CCD) * PF)
    Destination Clock Delay (DCD):    12.453ns
    Common Clock Delay      (CCD):    0.963ns
    Prorating Factor         (PF):    0.150
  Clock Net Delay (Source):      4.536ns (routing 2.719ns, distribution 1.817ns)
  Clock Net Delay (Destination): 1.696ns (routing 0.617ns, distribution 1.079ns)
  Timing Exception:       MaxDelay Path 0.000ns

    Location             Delay type                Incr(ns)  Path(ns)    Netlist Resource(s)
  -------------------------------------------------------------------    -------------------
                         (clock clk_50_xlnx_clk_wiz rise edge)
                                                      0.000     0.000 r  
    E12                  IBUFCTRL                     0.000     0.000 r  u_ibufg_sys_clk/IBUFCTRL_INST/O
                         net (fo=1, routed)           0.384     0.384    i_xlnx_clk_wiz/inst/clk_in1
    MMCM_X1Y12           MMCME4_ADV (Prop_MMCM_CLKIN1_CLKOUT1)
                                                     -0.127     0.257 r  i_xlnx_clk_wiz/inst/mmcme4_adv_inst/CLKOUT1
                         net (fo=1, routed)           0.251     0.508    i_xlnx_clk_wiz/inst/clk_50_xlnx_clk_wiz
    BUFGCE_X1Y298        BUFGCE (Prop_BUFCE_BUFGCE_I_O)
                                                      0.028     0.536 r  i_xlnx_clk_wiz/inst/clkout2_buf/O
    X2Y4 (CLOCK_ROOT)    net (fo=240101, routed)      4.536     5.072    i_carfield/i_cheshire_wrap/i_cheshire_ext_llc_cdc_src/i_cdc_fifo_gray_src_aw/host_clk_i
    SLR Crossing[2->0]   
    SLICE_X39Y48         FDRE                                         r  i_carfield/i_cheshire_wrap/i_cheshire_ext_llc_cdc_src/i_cdc_fifo_gray_src_aw/gen_word[0].data_q_reg[0][addr][24]/C
  -------------------------------------------------------------------    -------------------
    SLICE_X39Y48         FDRE (Prop_EFF_SLICEL_C_Q)
                                                      0.079     5.151 r  i_carfield/i_cheshire_wrap/i_cheshire_ext_llc_cdc_src/i_cdc_fifo_gray_src_aw/gen_word[0].data_q_reg[0][addr][24]/Q
                         net (fo=1, routed)          24.074    29.225    i_carfield/i_cheshire_wrap/i_cheshire_ext_llc_cdc_src/i_cdc_fifo_gray_src_aw/llc_aw_data[69]
    SLICE_X39Y46         LUT6 (Prop_H6LUT_SLICEL_I5_O)
                                                      0.036    29.261 r  i_carfield/i_cheshire_wrap/i_cheshire_ext_llc_cdc_src/i_cdc_fifo_gray_src_aw/gen_spill_reg.a_data_q[addr][24]_i_2__45/O
                         net (fo=1, routed)           0.010    29.271    i_carfield/i_cheshire_wrap/i_cheshire_ext_llc_cdc_src/i_cdc_fifo_gray_src_aw/gen_spill_reg.a_data_q[addr][24]_i_2__45_n_2
    SLICE_X39Y46         MUXF7 (Prop_F7MUX_GH_SLICEL_I0_O)
                                                      0.064    29.335 r  i_carfield/i_cheshire_wrap/i_cheshire_ext_llc_cdc_src/i_cdc_fifo_gray_src_aw/gen_spill_reg.a_data_q_reg[addr][24]_i_1__10/O
                         net (fo=1, routed)           0.031    29.366    i_carfield/i_hyperbus_wrap/i_hyper_cdc_dst/i_cdc_fifo_gray_dst_aw/i_spill_register/spill_register_flushable_i/gen_spill_reg.a_data_q_reg[addr][32]_0[24]
    SLICE_X39Y46         FDCE                                         r  i_carfield/i_hyperbus_wrap/i_hyper_cdc_dst/i_cdc_fifo_gray_dst_aw/i_spill_register/spill_register_flushable_i/gen_spill_reg.a_data_q_reg[addr][24]/D
  -------------------------------------------------------------------    -------------------

                         max delay                    0.000     0.000    
    E12                  IBUFCTRL                     0.000     0.000 r  u_ibufg_sys_clk/IBUFCTRL_INST/O
                         net (fo=1, routed)           0.333     0.333    i_xlnx_clk_wiz/inst/clk_in1
    MMCM_X1Y12           MMCME4_ADV (Prop_MMCM_CLKIN1_CLKOUT3)
                                                      0.630     0.963 r  i_xlnx_clk_wiz/inst/mmcme4_adv_inst/CLKOUT3
                         net (fo=1, routed)           0.225     1.188    i_xlnx_clk_wiz/inst/clk_10_xlnx_clk_wiz
    BUFGCE_X1Y311        BUFGCE (Prop_BUFCE_BUFGCE_I_O)
                                                      0.024     1.212 r  i_xlnx_clk_wiz/inst/clkout4_buf/O
                         net (fo=64, routed)          4.140     5.352    i_carfield/gen_domain_clock_mux[0].i_clk_mux/clks_i[2]
    SLR Crossing[2->1]   
    SLICE_X118Y302       LUT5 (Prop_G6LUT_SLICEL_I1_O)
                                                      0.057     5.409 r  i_carfield/gen_domain_clock_mux[0].i_clk_mux/clk_o_INST_0/O
                         net (fo=1, routed)           0.943     6.352    i_carfield/gen_domain_clock_mux[0].i_clk_mux/clk_o
    SLR Crossing[1->0]   
    BUFGCE_X1Y84         BUFGCE (Prop_BUFCE_BUFGCE_I_O)
                                                      0.024     6.376 r  i_carfield/gen_domain_clock_mux[0].i_clk_mux/clk_o_BUFG_inst/O
                         net (fo=115, routed)         2.627     9.003    i_carfield/gen_domain_clock_mux[0].i_clk_div/clk_o
    SLR Crossing[0->1]   
    SLICE_X61Y300        LUT5 (Prop_G6LUT_SLICEL_I3_O)
                                                      0.057     9.060 r  i_carfield/gen_domain_clock_mux[0].i_clk_div/n_1_1099782_BUFG_inst_i_1/O
                         net (fo=2, routed)           0.064     9.124    i_carfield/i_hyper_clk_div/n_1_1099782_BUFG_inst_n_2
    SLICE_X61Y300        LUT5 (Prop_E6LUT_SLICEL_I3_O)
                                                      0.082     9.206 r  i_carfield/i_hyper_clk_div/hyp_clk_BUFG_inst_i_1/O
                         net (fo=1, routed)           1.527    10.733    i_carfield/hyp_clk
    SLR Crossing[1->0]   
    BUFGCE_X0Y39         BUFGCE (Prop_BUFCE_BUFGCE_I_O)
                                                      0.024    10.757 r  i_carfield/hyp_clk_BUFG_inst/O
    X1Y2 (CLOCK_ROOT)    net (fo=1287, routed)        1.696    12.453    i_carfield/i_hyperbus_wrap/i_hyper_cdc_dst/i_cdc_fifo_gray_dst_aw/i_spill_register/spill_register_flushable_i/hyp_clk_BUFG
    SLICE_X39Y46         FDCE                                         r  i_carfield/i_hyperbus_wrap/i_hyper_cdc_dst/i_cdc_fifo_gray_dst_aw/i_spill_register/spill_register_flushable_i/gen_spill_reg.a_data_q_reg[addr][24]/C
                         clock pessimism             -0.706    11.747    
                         inter-SLR compensation      -1.723    10.023    
                         clock uncertainty           -0.226     9.798    
    SLICE_X39Y46         FDCE (Setup_HFF_SLICEL_C_D)
                                                      0.025     9.823    i_carfield/i_hyperbus_wrap/i_hyper_cdc_dst/i_cdc_fifo_gray_dst_aw/i_spill_register/spill_register_flushable_i/gen_spill_reg.a_data_q_reg[addr][24]
  -------------------------------------------------------------------
                         required time                          9.823    
                         arrival time                         -29.366    
  -------------------------------------------------------------------
                         slack                                -19.543    

Slack (VIOLATED) :        -19.543ns  (required time - arrival time)
  Source:                 i_carfield/i_cheshire_wrap/i_cheshire_ext_llc_cdc_src/i_cdc_fifo_gray_src_aw/gen_word[0].data_q_reg[0][addr][24]/C
                            (rising edge-triggered cell FDRE clocked by clk_50_xlnx_clk_wiz  {rise@0.000ns fall@10.000ns period=20.000ns})
  Destination:            i_carfield/i_hyperbus_wrap/i_hyper_cdc_dst/i_cdc_fifo_gray_dst_aw/i_spill_register/spill_register_flushable_i/gen_spill_reg.a_data_q_reg[addr][24]/D
                            (rising edge-triggered cell FDCE clocked by periph_domain_clk  {rise@0.000ns fall@50.000ns period=100.000ns})
  Path Group:             periph_domain_clk
  Path Type:              Setup (Max at Slow Process Corner)
  Requirement:            0.000ns  (MaxDelay Path 0.000ns)
  Data Path Delay:        24.294ns  (logic 0.179ns (0.737%)  route 24.115ns (99.263%))
  Logic Levels:           2  (LUT6=1 MUXF7=1)
  Clock Path Skew:        6.675ns (DCD - SCD + CPR)
    Destination Clock Delay (DCD):    12.453ns
    Source Clock Delay      (SCD):    5.072ns
    Clock Pessimism Removal (CPR):    -0.706ns
  Clock Uncertainty:      0.226ns  ((TSJ^2 + DJ^2)^1/2) / 2 + PE
    Total System Jitter     (TSJ):    0.071ns
    Discrete Jitter          (DJ):    0.199ns
    Phase Error              (PE):    0.120ns
  Inter-SLR Compensation: 1.723ns  ((DCD - CCD) * PF)
    Destination Clock Delay (DCD):    12.453ns
    Common Clock Delay      (CCD):    0.963ns
    Prorating Factor         (PF):    0.150
  Clock Net Delay (Source):      4.536ns (routing 2.719ns, distribution 1.817ns)
  Clock Net Delay (Destination): 1.696ns (routing 0.617ns, distribution 1.079ns)
  Timing Exception:       MaxDelay Path 0.000ns

    Location             Delay type                Incr(ns)  Path(ns)    Netlist Resource(s)
  -------------------------------------------------------------------    -------------------
                         (clock clk_50_xlnx_clk_wiz rise edge)
                                                      0.000     0.000 r  
    E12                  IBUFCTRL                     0.000     0.000 r  u_ibufg_sys_clk/IBUFCTRL_INST/O
                         net (fo=1, routed)           0.384     0.384    i_xlnx_clk_wiz/inst/clk_in1
    MMCM_X1Y12           MMCME4_ADV (Prop_MMCM_CLKIN1_CLKOUT1)
                                                     -0.127     0.257 r  i_xlnx_clk_wiz/inst/mmcme4_adv_inst/CLKOUT1
                         net (fo=1, routed)           0.251     0.508    i_xlnx_clk_wiz/inst/clk_50_xlnx_clk_wiz
    BUFGCE_X1Y298        BUFGCE (Prop_BUFCE_BUFGCE_I_O)
                                                      0.028     0.536 r  i_xlnx_clk_wiz/inst/clkout2_buf/O
    X2Y4 (CLOCK_ROOT)    net (fo=240101, routed)      4.536     5.072    i_carfield/i_cheshire_wrap/i_cheshire_ext_llc_cdc_src/i_cdc_fifo_gray_src_aw/host_clk_i
    SLR Crossing[2->0]   
    SLICE_X39Y48         FDRE                                         r  i_carfield/i_cheshire_wrap/i_cheshire_ext_llc_cdc_src/i_cdc_fifo_gray_src_aw/gen_word[0].data_q_reg[0][addr][24]/C
  -------------------------------------------------------------------    -------------------
    SLICE_X39Y48         FDRE (Prop_EFF_SLICEL_C_Q)
                                                      0.079     5.151 f  i_carfield/i_cheshire_wrap/i_cheshire_ext_llc_cdc_src/i_cdc_fifo_gray_src_aw/gen_word[0].data_q_reg[0][addr][24]/Q
                         net (fo=1, routed)          24.074    29.225    i_carfield/i_cheshire_wrap/i_cheshire_ext_llc_cdc_src/i_cdc_fifo_gray_src_aw/llc_aw_data[69]
    SLICE_X39Y46         LUT6 (Prop_H6LUT_SLICEL_I5_O)
                                                      0.036    29.261 f  i_carfield/i_cheshire_wrap/i_cheshire_ext_llc_cdc_src/i_cdc_fifo_gray_src_aw/gen_spill_reg.a_data_q[addr][24]_i_2__45/O
                         net (fo=1, routed)           0.010    29.271    i_carfield/i_cheshire_wrap/i_cheshire_ext_llc_cdc_src/i_cdc_fifo_gray_src_aw/gen_spill_reg.a_data_q[addr][24]_i_2__45_n_2
    SLICE_X39Y46         MUXF7 (Prop_F7MUX_GH_SLICEL_I0_O)
                                                      0.064    29.335 f  i_carfield/i_cheshire_wrap/i_cheshire_ext_llc_cdc_src/i_cdc_fifo_gray_src_aw/gen_spill_reg.a_data_q_reg[addr][24]_i_1__10/O
                         net (fo=1, routed)           0.031    29.366    i_carfield/i_hyperbus_wrap/i_hyper_cdc_dst/i_cdc_fifo_gray_dst_aw/i_spill_register/spill_register_flushable_i/gen_spill_reg.a_data_q_reg[addr][32]_0[24]
    SLICE_X39Y46         FDCE                                         f  i_carfield/i_hyperbus_wrap/i_hyper_cdc_dst/i_cdc_fifo_gray_dst_aw/i_spill_register/spill_register_flushable_i/gen_spill_reg.a_data_q_reg[addr][24]/D
  -------------------------------------------------------------------    -------------------

                         max delay                    0.000     0.000    
    E12                  IBUFCTRL                     0.000     0.000 r  u_ibufg_sys_clk/IBUFCTRL_INST/O
                         net (fo=1, routed)           0.333     0.333    i_xlnx_clk_wiz/inst/clk_in1
    MMCM_X1Y12           MMCME4_ADV (Prop_MMCM_CLKIN1_CLKOUT3)
                                                      0.630     0.963 r  i_xlnx_clk_wiz/inst/mmcme4_adv_inst/CLKOUT3
                         net (fo=1, routed)           0.225     1.188    i_xlnx_clk_wiz/inst/clk_10_xlnx_clk_wiz
    BUFGCE_X1Y311        BUFGCE (Prop_BUFCE_BUFGCE_I_O)
                                                      0.024     1.212 r  i_xlnx_clk_wiz/inst/clkout4_buf/O
                         net (fo=64, routed)          4.140     5.352    i_carfield/gen_domain_clock_mux[0].i_clk_mux/clks_i[2]
    SLR Crossing[2->1]   
    SLICE_X118Y302       LUT5 (Prop_G6LUT_SLICEL_I1_O)
                                                      0.057     5.409 r  i_carfield/gen_domain_clock_mux[0].i_clk_mux/clk_o_INST_0/O
                         net (fo=1, routed)           0.943     6.352    i_carfield/gen_domain_clock_mux[0].i_clk_mux/clk_o
    SLR Crossing[1->0]   
    BUFGCE_X1Y84         BUFGCE (Prop_BUFCE_BUFGCE_I_O)
                                                      0.024     6.376 r  i_carfield/gen_domain_clock_mux[0].i_clk_mux/clk_o_BUFG_inst/O
                         net (fo=115, routed)         2.627     9.003    i_carfield/gen_domain_clock_mux[0].i_clk_div/clk_o
    SLR Crossing[0->1]   
    SLICE_X61Y300        LUT5 (Prop_G6LUT_SLICEL_I3_O)
                                                      0.057     9.060 r  i_carfield/gen_domain_clock_mux[0].i_clk_div/n_1_1099782_BUFG_inst_i_1/O
                         net (fo=2, routed)           0.064     9.124    i_carfield/i_hyper_clk_div/n_1_1099782_BUFG_inst_n_2
    SLICE_X61Y300        LUT5 (Prop_E6LUT_SLICEL_I3_O)
                                                      0.082     9.206 r  i_carfield/i_hyper_clk_div/hyp_clk_BUFG_inst_i_1/O
                         net (fo=1, routed)           1.527    10.733    i_carfield/hyp_clk
    SLR Crossing[1->0]   
    BUFGCE_X0Y39         BUFGCE (Prop_BUFCE_BUFGCE_I_O)
                                                      0.024    10.757 r  i_carfield/hyp_clk_BUFG_inst/O
    X1Y2 (CLOCK_ROOT)    net (fo=1287, routed)        1.696    12.453    i_carfield/i_hyperbus_wrap/i_hyper_cdc_dst/i_cdc_fifo_gray_dst_aw/i_spill_register/spill_register_flushable_i/hyp_clk_BUFG
    SLICE_X39Y46         FDCE                                         r  i_carfield/i_hyperbus_wrap/i_hyper_cdc_dst/i_cdc_fifo_gray_dst_aw/i_spill_register/spill_register_flushable_i/gen_spill_reg.a_data_q_reg[addr][24]/C
                         clock pessimism             -0.706    11.747    
                         inter-SLR compensation      -1.723    10.023    
                         clock uncertainty           -0.226     9.798    
    SLICE_X39Y46         FDCE (Setup_HFF_SLICEL_C_D)
                                                      0.025     9.823    i_carfield/i_hyperbus_wrap/i_hyper_cdc_dst/i_cdc_fifo_gray_dst_aw/i_spill_register/spill_register_flushable_i/gen_spill_reg.a_data_q_reg[addr][24]
  -------------------------------------------------------------------
                         required time                          9.823    
                         arrival time                         -29.366    
  -------------------------------------------------------------------
                         slack                                -19.543    

Slack (VIOLATED) :        -19.542ns  (required time - arrival time)
  Source:                 i_carfield/i_cheshire_wrap/i_cheshire_ext_llc_cdc_src/i_cdc_fifo_gray_src_ar/gen_word[4].data_q_reg[4][len][0]/C
                            (rising edge-triggered cell FDRE clocked by clk_50_xlnx_clk_wiz  {rise@0.000ns fall@10.000ns period=20.000ns})
  Destination:            i_carfield/i_hyperbus_wrap/i_hyper_cdc_dst/i_cdc_fifo_gray_dst_ar/i_spill_register/spill_register_flushable_i/gen_spill_reg.a_data_q_reg[len][0]/D
                            (rising edge-triggered cell FDCE clocked by periph_domain_clk  {rise@0.000ns fall@50.000ns period=100.000ns})
  Path Group:             periph_domain_clk
  Path Type:              Setup (Max at Slow Process Corner)
  Requirement:            0.000ns  (MaxDelay Path 0.000ns)
  Data Path Delay:        24.262ns  (logic 0.180ns (0.742%)  route 24.082ns (99.258%))
  Logic Levels:           2  (LUT6=1 MUXF7=1)
  Clock Path Skew:        6.666ns (DCD - SCD + CPR)
    Destination Clock Delay (DCD):    12.601ns
    Source Clock Delay      (SCD):    5.229ns
    Clock Pessimism Removal (CPR):    -0.706ns
  Clock Uncertainty:      0.226ns  ((TSJ^2 + DJ^2)^1/2) / 2 + PE
    Total System Jitter     (TSJ):    0.071ns
    Discrete Jitter          (DJ):    0.199ns
    Phase Error              (PE):    0.120ns
  Inter-SLR Compensation: 1.746ns  ((DCD - CCD) * PF)
    Destination Clock Delay (DCD):    12.601ns
    Common Clock Delay      (CCD):    0.963ns
    Prorating Factor         (PF):    0.150
  Clock Net Delay (Source):      4.693ns (routing 2.719ns, distribution 1.974ns)
  Clock Net Delay (Destination): 1.844ns (routing 0.617ns, distribution 1.227ns)
  Timing Exception:       MaxDelay Path 0.000ns

    Location             Delay type                Incr(ns)  Path(ns)    Netlist Resource(s)
  -------------------------------------------------------------------    -------------------
                         (clock clk_50_xlnx_clk_wiz rise edge)
                                                      0.000     0.000 r  
    E12                  IBUFCTRL                     0.000     0.000 r  u_ibufg_sys_clk/IBUFCTRL_INST/O
                         net (fo=1, routed)           0.384     0.384    i_xlnx_clk_wiz/inst/clk_in1
    MMCM_X1Y12           MMCME4_ADV (Prop_MMCM_CLKIN1_CLKOUT1)
                                                     -0.127     0.257 r  i_xlnx_clk_wiz/inst/mmcme4_adv_inst/CLKOUT1
                         net (fo=1, routed)           0.251     0.508    i_xlnx_clk_wiz/inst/clk_50_xlnx_clk_wiz
    BUFGCE_X1Y298        BUFGCE (Prop_BUFCE_BUFGCE_I_O)
                                                      0.028     0.536 r  i_xlnx_clk_wiz/inst/clkout2_buf/O
    X2Y4 (CLOCK_ROOT)    net (fo=240101, routed)      4.693     5.229    i_carfield/i_cheshire_wrap/i_cheshire_ext_llc_cdc_src/i_cdc_fifo_gray_src_ar/host_clk_i
    SLR Crossing[2->0]   
    SLICE_X10Y34         FDRE                                         r  i_carfield/i_cheshire_wrap/i_cheshire_ext_llc_cdc_src/i_cdc_fifo_gray_src_ar/gen_word[4].data_q_reg[4][len][0]/C
  -------------------------------------------------------------------    -------------------
    SLICE_X10Y34         FDRE (Prop_EFF2_SLICEL_C_Q)
                                                      0.081     5.310 r  i_carfield/i_cheshire_wrap/i_cheshire_ext_llc_cdc_src/i_cdc_fifo_gray_src_ar/gen_word[4].data_q_reg[4][len][0]/Q
                         net (fo=1, routed)          24.043    29.353    i_carfield/i_cheshire_wrap/i_cheshire_ext_llc_cdc_src/i_cdc_fifo_gray_src_ar/llc_ar_data[403]
    SLICE_X9Y33          LUT6 (Prop_A6LUT_SLICEL_I5_O)
                                                      0.035    29.388 r  i_carfield/i_cheshire_wrap/i_cheshire_ext_llc_cdc_src/i_cdc_fifo_gray_src_ar/gen_spill_reg.a_data_q[len][0]_i_3__13/O
                         net (fo=1, routed)           0.009    29.397    i_carfield/i_cheshire_wrap/i_cheshire_ext_llc_cdc_src/i_cdc_fifo_gray_src_ar/gen_spill_reg.a_data_q[len][0]_i_3__13_n_2
    SLICE_X9Y33          MUXF7 (Prop_F7MUX_AB_SLICEL_I1_O)
                                                      0.064    29.461 r  i_carfield/i_cheshire_wrap/i_cheshire_ext_llc_cdc_src/i_cdc_fifo_gray_src_ar/gen_spill_reg.a_data_q_reg[len][0]_i_1__8/O
                         net (fo=1, routed)           0.030    29.491    i_carfield/i_hyperbus_wrap/i_hyper_cdc_dst/i_cdc_fifo_gray_dst_ar/i_spill_register/spill_register_flushable_i/gen_spill_reg.a_data_q_reg[len][7]_0[0]
    SLICE_X9Y33          FDCE                                         r  i_carfield/i_hyperbus_wrap/i_hyper_cdc_dst/i_cdc_fifo_gray_dst_ar/i_spill_register/spill_register_flushable_i/gen_spill_reg.a_data_q_reg[len][0]/D
  -------------------------------------------------------------------    -------------------

                         max delay                    0.000     0.000    
    E12                  IBUFCTRL                     0.000     0.000 r  u_ibufg_sys_clk/IBUFCTRL_INST/O
                         net (fo=1, routed)           0.333     0.333    i_xlnx_clk_wiz/inst/clk_in1
    MMCM_X1Y12           MMCME4_ADV (Prop_MMCM_CLKIN1_CLKOUT3)
                                                      0.630     0.963 r  i_xlnx_clk_wiz/inst/mmcme4_adv_inst/CLKOUT3
                         net (fo=1, routed)           0.225     1.188    i_xlnx_clk_wiz/inst/clk_10_xlnx_clk_wiz
    BUFGCE_X1Y311        BUFGCE (Prop_BUFCE_BUFGCE_I_O)
                                                      0.024     1.212 r  i_xlnx_clk_wiz/inst/clkout4_buf/O
                         net (fo=64, routed)          4.140     5.352    i_carfield/gen_domain_clock_mux[0].i_clk_mux/clks_i[2]
    SLR Crossing[2->1]   
    SLICE_X118Y302       LUT5 (Prop_G6LUT_SLICEL_I1_O)
                                                      0.057     5.409 r  i_carfield/gen_domain_clock_mux[0].i_clk_mux/clk_o_INST_0/O
                         net (fo=1, routed)           0.943     6.352    i_carfield/gen_domain_clock_mux[0].i_clk_mux/clk_o
    SLR Crossing[1->0]   
    BUFGCE_X1Y84         BUFGCE (Prop_BUFCE_BUFGCE_I_O)
                                                      0.024     6.376 r  i_carfield/gen_domain_clock_mux[0].i_clk_mux/clk_o_BUFG_inst/O
                         net (fo=115, routed)         2.627     9.003    i_carfield/gen_domain_clock_mux[0].i_clk_div/clk_o
    SLR Crossing[0->1]   
    SLICE_X61Y300        LUT5 (Prop_G6LUT_SLICEL_I3_O)
                                                      0.057     9.060 r  i_carfield/gen_domain_clock_mux[0].i_clk_div/n_1_1099782_BUFG_inst_i_1/O
                         net (fo=2, routed)           0.064     9.124    i_carfield/i_hyper_clk_div/n_1_1099782_BUFG_inst_n_2
    SLICE_X61Y300        LUT5 (Prop_E6LUT_SLICEL_I3_O)
                                                      0.082     9.206 r  i_carfield/i_hyper_clk_div/hyp_clk_BUFG_inst_i_1/O
                         net (fo=1, routed)           1.527    10.733    i_carfield/hyp_clk
    SLR Crossing[1->0]   
    BUFGCE_X0Y39         BUFGCE (Prop_BUFCE_BUFGCE_I_O)
                                                      0.024    10.757 r  i_carfield/hyp_clk_BUFG_inst/O
    X1Y2 (CLOCK_ROOT)    net (fo=1287, routed)        1.844    12.601    i_carfield/i_hyperbus_wrap/i_hyper_cdc_dst/i_cdc_fifo_gray_dst_ar/i_spill_register/spill_register_flushable_i/hyp_clk_BUFG
    SLICE_X9Y33          FDCE                                         r  i_carfield/i_hyperbus_wrap/i_hyper_cdc_dst/i_cdc_fifo_gray_dst_ar/i_spill_register/spill_register_flushable_i/gen_spill_reg.a_data_q_reg[len][0]/C
                         clock pessimism             -0.706    11.895    
                         inter-SLR compensation      -1.746    10.149    
                         clock uncertainty           -0.226     9.924    
    SLICE_X9Y33          FDCE (Setup_BFF_SLICEL_C_D)
                                                      0.025     9.949    i_carfield/i_hyperbus_wrap/i_hyper_cdc_dst/i_cdc_fifo_gray_dst_ar/i_spill_register/spill_register_flushable_i/gen_spill_reg.a_data_q_reg[len][0]
  -------------------------------------------------------------------
                         required time                          9.949    
                         arrival time                         -29.491    
  -------------------------------------------------------------------
                         slack                                -19.542    

Slack (VIOLATED) :        -19.542ns  (required time - arrival time)
  Source:                 i_carfield/i_cheshire_wrap/i_cheshire_ext_llc_cdc_src/i_cdc_fifo_gray_src_ar/gen_word[4].data_q_reg[4][len][0]/C
                            (rising edge-triggered cell FDRE clocked by clk_50_xlnx_clk_wiz  {rise@0.000ns fall@10.000ns period=20.000ns})
  Destination:            i_carfield/i_hyperbus_wrap/i_hyper_cdc_dst/i_cdc_fifo_gray_dst_ar/i_spill_register/spill_register_flushable_i/gen_spill_reg.a_data_q_reg[len][0]/D
                            (rising edge-triggered cell FDCE clocked by periph_domain_clk  {rise@0.000ns fall@50.000ns period=100.000ns})
  Path Group:             periph_domain_clk
  Path Type:              Setup (Max at Slow Process Corner)
  Requirement:            0.000ns  (MaxDelay Path 0.000ns)
  Data Path Delay:        24.262ns  (logic 0.180ns (0.742%)  route 24.082ns (99.258%))
  Logic Levels:           2  (LUT6=1 MUXF7=1)
  Clock Path Skew:        6.666ns (DCD - SCD + CPR)
    Destination Clock Delay (DCD):    12.601ns
    Source Clock Delay      (SCD):    5.229ns
    Clock Pessimism Removal (CPR):    -0.706ns
  Clock Uncertainty:      0.226ns  ((TSJ^2 + DJ^2)^1/2) / 2 + PE
    Total System Jitter     (TSJ):    0.071ns
    Discrete Jitter          (DJ):    0.199ns
    Phase Error              (PE):    0.120ns
  Inter-SLR Compensation: 1.746ns  ((DCD - CCD) * PF)
    Destination Clock Delay (DCD):    12.601ns
    Common Clock Delay      (CCD):    0.963ns
    Prorating Factor         (PF):    0.150
  Clock Net Delay (Source):      4.693ns (routing 2.719ns, distribution 1.974ns)
  Clock Net Delay (Destination): 1.844ns (routing 0.617ns, distribution 1.227ns)
  Timing Exception:       MaxDelay Path 0.000ns

    Location             Delay type                Incr(ns)  Path(ns)    Netlist Resource(s)
  -------------------------------------------------------------------    -------------------
                         (clock clk_50_xlnx_clk_wiz rise edge)
                                                      0.000     0.000 r  
    E12                  IBUFCTRL                     0.000     0.000 r  u_ibufg_sys_clk/IBUFCTRL_INST/O
                         net (fo=1, routed)           0.384     0.384    i_xlnx_clk_wiz/inst/clk_in1
    MMCM_X1Y12           MMCME4_ADV (Prop_MMCM_CLKIN1_CLKOUT1)
                                                     -0.127     0.257 r  i_xlnx_clk_wiz/inst/mmcme4_adv_inst/CLKOUT1
                         net (fo=1, routed)           0.251     0.508    i_xlnx_clk_wiz/inst/clk_50_xlnx_clk_wiz
    BUFGCE_X1Y298        BUFGCE (Prop_BUFCE_BUFGCE_I_O)
                                                      0.028     0.536 r  i_xlnx_clk_wiz/inst/clkout2_buf/O
    X2Y4 (CLOCK_ROOT)    net (fo=240101, routed)      4.693     5.229    i_carfield/i_cheshire_wrap/i_cheshire_ext_llc_cdc_src/i_cdc_fifo_gray_src_ar/host_clk_i
    SLR Crossing[2->0]   
    SLICE_X10Y34         FDRE                                         r  i_carfield/i_cheshire_wrap/i_cheshire_ext_llc_cdc_src/i_cdc_fifo_gray_src_ar/gen_word[4].data_q_reg[4][len][0]/C
  -------------------------------------------------------------------    -------------------
    SLICE_X10Y34         FDRE (Prop_EFF2_SLICEL_C_Q)
                                                      0.081     5.310 f  i_carfield/i_cheshire_wrap/i_cheshire_ext_llc_cdc_src/i_cdc_fifo_gray_src_ar/gen_word[4].data_q_reg[4][len][0]/Q
                         net (fo=1, routed)          24.043    29.353    i_carfield/i_cheshire_wrap/i_cheshire_ext_llc_cdc_src/i_cdc_fifo_gray_src_ar/llc_ar_data[403]
    SLICE_X9Y33          LUT6 (Prop_A6LUT_SLICEL_I5_O)
                                                      0.035    29.388 f  i_carfield/i_cheshire_wrap/i_cheshire_ext_llc_cdc_src/i_cdc_fifo_gray_src_ar/gen_spill_reg.a_data_q[len][0]_i_3__13/O
                         net (fo=1, routed)           0.009    29.397    i_carfield/i_cheshire_wrap/i_cheshire_ext_llc_cdc_src/i_cdc_fifo_gray_src_ar/gen_spill_reg.a_data_q[len][0]_i_3__13_n_2
    SLICE_X9Y33          MUXF7 (Prop_F7MUX_AB_SLICEL_I1_O)
                                                      0.064    29.461 f  i_carfield/i_cheshire_wrap/i_cheshire_ext_llc_cdc_src/i_cdc_fifo_gray_src_ar/gen_spill_reg.a_data_q_reg[len][0]_i_1__8/O
                         net (fo=1, routed)           0.030    29.491    i_carfield/i_hyperbus_wrap/i_hyper_cdc_dst/i_cdc_fifo_gray_dst_ar/i_spill_register/spill_register_flushable_i/gen_spill_reg.a_data_q_reg[len][7]_0[0]
    SLICE_X9Y33          FDCE                                         f  i_carfield/i_hyperbus_wrap/i_hyper_cdc_dst/i_cdc_fifo_gray_dst_ar/i_spill_register/spill_register_flushable_i/gen_spill_reg.a_data_q_reg[len][0]/D
  -------------------------------------------------------------------    -------------------

                         max delay                    0.000     0.000    
    E12                  IBUFCTRL                     0.000     0.000 r  u_ibufg_sys_clk/IBUFCTRL_INST/O
                         net (fo=1, routed)           0.333     0.333    i_xlnx_clk_wiz/inst/clk_in1
    MMCM_X1Y12           MMCME4_ADV (Prop_MMCM_CLKIN1_CLKOUT3)
                                                      0.630     0.963 r  i_xlnx_clk_wiz/inst/mmcme4_adv_inst/CLKOUT3
                         net (fo=1, routed)           0.225     1.188    i_xlnx_clk_wiz/inst/clk_10_xlnx_clk_wiz
    BUFGCE_X1Y311        BUFGCE (Prop_BUFCE_BUFGCE_I_O)
                                                      0.024     1.212 r  i_xlnx_clk_wiz/inst/clkout4_buf/O
                         net (fo=64, routed)          4.140     5.352    i_carfield/gen_domain_clock_mux[0].i_clk_mux/clks_i[2]
    SLR Crossing[2->1]   
    SLICE_X118Y302       LUT5 (Prop_G6LUT_SLICEL_I1_O)
                                                      0.057     5.409 r  i_carfield/gen_domain_clock_mux[0].i_clk_mux/clk_o_INST_0/O
                         net (fo=1, routed)           0.943     6.352    i_carfield/gen_domain_clock_mux[0].i_clk_mux/clk_o
    SLR Crossing[1->0]   
    BUFGCE_X1Y84         BUFGCE (Prop_BUFCE_BUFGCE_I_O)
                                                      0.024     6.376 r  i_carfield/gen_domain_clock_mux[0].i_clk_mux/clk_o_BUFG_inst/O
                         net (fo=115, routed)         2.627     9.003    i_carfield/gen_domain_clock_mux[0].i_clk_div/clk_o
    SLR Crossing[0->1]   
    SLICE_X61Y300        LUT5 (Prop_G6LUT_SLICEL_I3_O)
                                                      0.057     9.060 r  i_carfield/gen_domain_clock_mux[0].i_clk_div/n_1_1099782_BUFG_inst_i_1/O
                         net (fo=2, routed)           0.064     9.124    i_carfield/i_hyper_clk_div/n_1_1099782_BUFG_inst_n_2
    SLICE_X61Y300        LUT5 (Prop_E6LUT_SLICEL_I3_O)
                                                      0.082     9.206 r  i_carfield/i_hyper_clk_div/hyp_clk_BUFG_inst_i_1/O
                         net (fo=1, routed)           1.527    10.733    i_carfield/hyp_clk
    SLR Crossing[1->0]   
    BUFGCE_X0Y39         BUFGCE (Prop_BUFCE_BUFGCE_I_O)
                                                      0.024    10.757 r  i_carfield/hyp_clk_BUFG_inst/O
    X1Y2 (CLOCK_ROOT)    net (fo=1287, routed)        1.844    12.601    i_carfield/i_hyperbus_wrap/i_hyper_cdc_dst/i_cdc_fifo_gray_dst_ar/i_spill_register/spill_register_flushable_i/hyp_clk_BUFG
    SLICE_X9Y33          FDCE                                         r  i_carfield/i_hyperbus_wrap/i_hyper_cdc_dst/i_cdc_fifo_gray_dst_ar/i_spill_register/spill_register_flushable_i/gen_spill_reg.a_data_q_reg[len][0]/C
                         clock pessimism             -0.706    11.895    
                         inter-SLR compensation      -1.746    10.149    
                         clock uncertainty           -0.226     9.924    
    SLICE_X9Y33          FDCE (Setup_BFF_SLICEL_C_D)
                                                      0.025     9.949    i_carfield/i_hyperbus_wrap/i_hyper_cdc_dst/i_cdc_fifo_gray_dst_ar/i_spill_register/spill_register_flushable_i/gen_spill_reg.a_data_q_reg[len][0]
  -------------------------------------------------------------------
                         required time                          9.949    
                         arrival time                         -29.491    
  -------------------------------------------------------------------
                         slack                                -19.542    

Slack (VIOLATED) :        -19.520ns  (required time - arrival time)
  Source:                 i_carfield/i_cheshire_wrap/i_cheshire_ext_llc_cdc_src/i_cdc_fifo_gray_src_ar/gen_word[3].data_q_reg[3][addr][6]/C
                            (rising edge-triggered cell FDRE clocked by clk_50_xlnx_clk_wiz  {rise@0.000ns fall@10.000ns period=20.000ns})
  Destination:            i_carfield/i_hyperbus_wrap/i_hyper_cdc_dst/i_cdc_fifo_gray_dst_ar/i_spill_register/spill_register_flushable_i/gen_spill_reg.a_data_q_reg[addr][6]/D
                            (rising edge-triggered cell FDCE clocked by periph_domain_clk  {rise@0.000ns fall@50.000ns period=100.000ns})
  Path Group:             periph_domain_clk
  Path Type:              Setup (Max at Slow Process Corner)
  Requirement:            0.000ns  (MaxDelay Path 0.000ns)
  Data Path Delay:        24.249ns  (logic 0.291ns (1.200%)  route 23.958ns (98.800%))
  Logic Levels:           2  (LUT6=1 MUXF7=1)
  Clock Path Skew:        6.668ns (DCD - SCD + CPR)
    Destination Clock Delay (DCD):    12.553ns
    Source Clock Delay      (SCD):    5.179ns
    Clock Pessimism Removal (CPR):    -0.706ns
  Clock Uncertainty:      0.226ns  ((TSJ^2 + DJ^2)^1/2) / 2 + PE
    Total System Jitter     (TSJ):    0.071ns
    Discrete Jitter          (DJ):    0.199ns
    Phase Error              (PE):    0.120ns
  Inter-SLR Compensation: 1.738ns  ((DCD - CCD) * PF)
    Destination Clock Delay (DCD):    12.553ns
    Common Clock Delay      (CCD):    0.963ns
    Prorating Factor         (PF):    0.150
  Clock Net Delay (Source):      4.643ns (routing 2.719ns, distribution 1.924ns)
  Clock Net Delay (Destination): 1.796ns (routing 0.617ns, distribution 1.179ns)
  Timing Exception:       MaxDelay Path 0.000ns

    Location             Delay type                Incr(ns)  Path(ns)    Netlist Resource(s)
  -------------------------------------------------------------------    -------------------
                         (clock clk_50_xlnx_clk_wiz rise edge)
                                                      0.000     0.000 r  
    E12                  IBUFCTRL                     0.000     0.000 r  u_ibufg_sys_clk/IBUFCTRL_INST/O
                         net (fo=1, routed)           0.384     0.384    i_xlnx_clk_wiz/inst/clk_in1
    MMCM_X1Y12           MMCME4_ADV (Prop_MMCM_CLKIN1_CLKOUT1)
                                                     -0.127     0.257 r  i_xlnx_clk_wiz/inst/mmcme4_adv_inst/CLKOUT1
                         net (fo=1, routed)           0.251     0.508    i_xlnx_clk_wiz/inst/clk_50_xlnx_clk_wiz
    BUFGCE_X1Y298        BUFGCE (Prop_BUFCE_BUFGCE_I_O)
                                                      0.028     0.536 r  i_xlnx_clk_wiz/inst/clkout2_buf/O
    X2Y4 (CLOCK_ROOT)    net (fo=240101, routed)      4.643     5.179    i_carfield/i_cheshire_wrap/i_cheshire_ext_llc_cdc_src/i_cdc_fifo_gray_src_ar/host_clk_i
    SLR Crossing[2->0]   
    SLICE_X22Y44         FDRE                                         r  i_carfield/i_cheshire_wrap/i_cheshire_ext_llc_cdc_src/i_cdc_fifo_gray_src_ar/gen_word[3].data_q_reg[3][addr][6]/C
  -------------------------------------------------------------------    -------------------
    SLICE_X22Y44         FDRE (Prop_AFF_SLICEM_C_Q)
                                                      0.077     5.256 r  i_carfield/i_cheshire_wrap/i_cheshire_ext_llc_cdc_src/i_cdc_fifo_gray_src_ar/gen_word[3].data_q_reg[3][addr][6]/Q
                         net (fo=1, routed)          23.901    29.157    i_carfield/i_cheshire_wrap/i_cheshire_ext_llc_cdc_src/i_cdc_fifo_gray_src_ar/llc_ar_data[324]
    SLICE_X22Y41         LUT6 (Prop_D6LUT_SLICEM_I0_O)
                                                      0.145    29.302 r  i_carfield/i_cheshire_wrap/i_cheshire_ext_llc_cdc_src/i_cdc_fifo_gray_src_ar/gen_spill_reg.a_data_q[addr][6]_i_2__58/O
                         net (fo=1, routed)           0.025    29.327    i_carfield/i_cheshire_wrap/i_cheshire_ext_llc_cdc_src/i_cdc_fifo_gray_src_ar/gen_spill_reg.a_data_q[addr][6]_i_2__58_n_2
    SLICE_X22Y41         MUXF7 (Prop_F7MUX_CD_SLICEM_I0_O)
                                                      0.069    29.396 r  i_carfield/i_cheshire_wrap/i_cheshire_ext_llc_cdc_src/i_cdc_fifo_gray_src_ar/gen_spill_reg.a_data_q_reg[addr][6]_i_1__11/O
                         net (fo=1, routed)           0.032    29.428    i_carfield/i_hyperbus_wrap/i_hyper_cdc_dst/i_cdc_fifo_gray_dst_ar/i_spill_register/spill_register_flushable_i/gen_spill_reg.a_data_q_reg[addr][32]_0[6]
    SLICE_X22Y41         FDCE                                         r  i_carfield/i_hyperbus_wrap/i_hyper_cdc_dst/i_cdc_fifo_gray_dst_ar/i_spill_register/spill_register_flushable_i/gen_spill_reg.a_data_q_reg[addr][6]/D
  -------------------------------------------------------------------    -------------------

                         max delay                    0.000     0.000    
    E12                  IBUFCTRL                     0.000     0.000 r  u_ibufg_sys_clk/IBUFCTRL_INST/O
                         net (fo=1, routed)           0.333     0.333    i_xlnx_clk_wiz/inst/clk_in1
    MMCM_X1Y12           MMCME4_ADV (Prop_MMCM_CLKIN1_CLKOUT3)
                                                      0.630     0.963 r  i_xlnx_clk_wiz/inst/mmcme4_adv_inst/CLKOUT3
                         net (fo=1, routed)           0.225     1.188    i_xlnx_clk_wiz/inst/clk_10_xlnx_clk_wiz
    BUFGCE_X1Y311        BUFGCE (Prop_BUFCE_BUFGCE_I_O)
                                                      0.024     1.212 r  i_xlnx_clk_wiz/inst/clkout4_buf/O
                         net (fo=64, routed)          4.140     5.352    i_carfield/gen_domain_clock_mux[0].i_clk_mux/clks_i[2]
    SLR Crossing[2->1]   
    SLICE_X118Y302       LUT5 (Prop_G6LUT_SLICEL_I1_O)
                                                      0.057     5.409 r  i_carfield/gen_domain_clock_mux[0].i_clk_mux/clk_o_INST_0/O
                         net (fo=1, routed)           0.943     6.352    i_carfield/gen_domain_clock_mux[0].i_clk_mux/clk_o
    SLR Crossing[1->0]   
    BUFGCE_X1Y84         BUFGCE (Prop_BUFCE_BUFGCE_I_O)
                                                      0.024     6.376 r  i_carfield/gen_domain_clock_mux[0].i_clk_mux/clk_o_BUFG_inst/O
                         net (fo=115, routed)         2.627     9.003    i_carfield/gen_domain_clock_mux[0].i_clk_div/clk_o
    SLR Crossing[0->1]   
    SLICE_X61Y300        LUT5 (Prop_G6LUT_SLICEL_I3_O)
                                                      0.057     9.060 r  i_carfield/gen_domain_clock_mux[0].i_clk_div/n_1_1099782_BUFG_inst_i_1/O
                         net (fo=2, routed)           0.064     9.124    i_carfield/i_hyper_clk_div/n_1_1099782_BUFG_inst_n_2
    SLICE_X61Y300        LUT5 (Prop_E6LUT_SLICEL_I3_O)
                                                      0.082     9.206 r  i_carfield/i_hyper_clk_div/hyp_clk_BUFG_inst_i_1/O
                         net (fo=1, routed)           1.527    10.733    i_carfield/hyp_clk
    SLR Crossing[1->0]   
    BUFGCE_X0Y39         BUFGCE (Prop_BUFCE_BUFGCE_I_O)
                                                      0.024    10.757 r  i_carfield/hyp_clk_BUFG_inst/O
    X1Y2 (CLOCK_ROOT)    net (fo=1287, routed)        1.796    12.553    i_carfield/i_hyperbus_wrap/i_hyper_cdc_dst/i_cdc_fifo_gray_dst_ar/i_spill_register/spill_register_flushable_i/hyp_clk_BUFG
    SLICE_X22Y41         FDCE                                         r  i_carfield/i_hyperbus_wrap/i_hyper_cdc_dst/i_cdc_fifo_gray_dst_ar/i_spill_register/spill_register_flushable_i/gen_spill_reg.a_data_q_reg[addr][6]/C
                         clock pessimism             -0.706    11.847    
                         inter-SLR compensation      -1.738    10.108    
                         clock uncertainty           -0.226     9.883    
    SLICE_X22Y41         FDCE (Setup_DFF_SLICEM_C_D)
                                                      0.025     9.908    i_carfield/i_hyperbus_wrap/i_hyper_cdc_dst/i_cdc_fifo_gray_dst_ar/i_spill_register/spill_register_flushable_i/gen_spill_reg.a_data_q_reg[addr][6]
  -------------------------------------------------------------------
                         required time                          9.908    
                         arrival time                         -29.428    
  -------------------------------------------------------------------
                         slack                                -19.520    

Slack (VIOLATED) :        -19.520ns  (required time - arrival time)
  Source:                 i_carfield/i_cheshire_wrap/i_cheshire_ext_llc_cdc_src/i_cdc_fifo_gray_src_ar/gen_word[3].data_q_reg[3][addr][6]/C
                            (rising edge-triggered cell FDRE clocked by clk_50_xlnx_clk_wiz  {rise@0.000ns fall@10.000ns period=20.000ns})
  Destination:            i_carfield/i_hyperbus_wrap/i_hyper_cdc_dst/i_cdc_fifo_gray_dst_ar/i_spill_register/spill_register_flushable_i/gen_spill_reg.a_data_q_reg[addr][6]/D
                            (rising edge-triggered cell FDCE clocked by periph_domain_clk  {rise@0.000ns fall@50.000ns period=100.000ns})
  Path Group:             periph_domain_clk
  Path Type:              Setup (Max at Slow Process Corner)
  Requirement:            0.000ns  (MaxDelay Path 0.000ns)
  Data Path Delay:        24.249ns  (logic 0.291ns (1.200%)  route 23.958ns (98.800%))
  Logic Levels:           2  (LUT6=1 MUXF7=1)
  Clock Path Skew:        6.668ns (DCD - SCD + CPR)
    Destination Clock Delay (DCD):    12.553ns
    Source Clock Delay      (SCD):    5.179ns
    Clock Pessimism Removal (CPR):    -0.706ns
  Clock Uncertainty:      0.226ns  ((TSJ^2 + DJ^2)^1/2) / 2 + PE
    Total System Jitter     (TSJ):    0.071ns
    Discrete Jitter          (DJ):    0.199ns
    Phase Error              (PE):    0.120ns
  Inter-SLR Compensation: 1.738ns  ((DCD - CCD) * PF)
    Destination Clock Delay (DCD):    12.553ns
    Common Clock Delay      (CCD):    0.963ns
    Prorating Factor         (PF):    0.150
  Clock Net Delay (Source):      4.643ns (routing 2.719ns, distribution 1.924ns)
  Clock Net Delay (Destination): 1.796ns (routing 0.617ns, distribution 1.179ns)
  Timing Exception:       MaxDelay Path 0.000ns

    Location             Delay type                Incr(ns)  Path(ns)    Netlist Resource(s)
  -------------------------------------------------------------------    -------------------
                         (clock clk_50_xlnx_clk_wiz rise edge)
                                                      0.000     0.000 r  
    E12                  IBUFCTRL                     0.000     0.000 r  u_ibufg_sys_clk/IBUFCTRL_INST/O
                         net (fo=1, routed)           0.384     0.384    i_xlnx_clk_wiz/inst/clk_in1
    MMCM_X1Y12           MMCME4_ADV (Prop_MMCM_CLKIN1_CLKOUT1)
                                                     -0.127     0.257 r  i_xlnx_clk_wiz/inst/mmcme4_adv_inst/CLKOUT1
                         net (fo=1, routed)           0.251     0.508    i_xlnx_clk_wiz/inst/clk_50_xlnx_clk_wiz
    BUFGCE_X1Y298        BUFGCE (Prop_BUFCE_BUFGCE_I_O)
                                                      0.028     0.536 r  i_xlnx_clk_wiz/inst/clkout2_buf/O
    X2Y4 (CLOCK_ROOT)    net (fo=240101, routed)      4.643     5.179    i_carfield/i_cheshire_wrap/i_cheshire_ext_llc_cdc_src/i_cdc_fifo_gray_src_ar/host_clk_i
    SLR Crossing[2->0]   
    SLICE_X22Y44         FDRE                                         r  i_carfield/i_cheshire_wrap/i_cheshire_ext_llc_cdc_src/i_cdc_fifo_gray_src_ar/gen_word[3].data_q_reg[3][addr][6]/C
  -------------------------------------------------------------------    -------------------
    SLICE_X22Y44         FDRE (Prop_AFF_SLICEM_C_Q)
                                                      0.077     5.256 f  i_carfield/i_cheshire_wrap/i_cheshire_ext_llc_cdc_src/i_cdc_fifo_gray_src_ar/gen_word[3].data_q_reg[3][addr][6]/Q
                         net (fo=1, routed)          23.901    29.157    i_carfield/i_cheshire_wrap/i_cheshire_ext_llc_cdc_src/i_cdc_fifo_gray_src_ar/llc_ar_data[324]
    SLICE_X22Y41         LUT6 (Prop_D6LUT_SLICEM_I0_O)
                                                      0.145    29.302 f  i_carfield/i_cheshire_wrap/i_cheshire_ext_llc_cdc_src/i_cdc_fifo_gray_src_ar/gen_spill_reg.a_data_q[addr][6]_i_2__58/O
                         net (fo=1, routed)           0.025    29.327    i_carfield/i_cheshire_wrap/i_cheshire_ext_llc_cdc_src/i_cdc_fifo_gray_src_ar/gen_spill_reg.a_data_q[addr][6]_i_2__58_n_2
    SLICE_X22Y41         MUXF7 (Prop_F7MUX_CD_SLICEM_I0_O)
                                                      0.069    29.396 f  i_carfield/i_cheshire_wrap/i_cheshire_ext_llc_cdc_src/i_cdc_fifo_gray_src_ar/gen_spill_reg.a_data_q_reg[addr][6]_i_1__11/O
                         net (fo=1, routed)           0.032    29.428    i_carfield/i_hyperbus_wrap/i_hyper_cdc_dst/i_cdc_fifo_gray_dst_ar/i_spill_register/spill_register_flushable_i/gen_spill_reg.a_data_q_reg[addr][32]_0[6]
    SLICE_X22Y41         FDCE                                         f  i_carfield/i_hyperbus_wrap/i_hyper_cdc_dst/i_cdc_fifo_gray_dst_ar/i_spill_register/spill_register_flushable_i/gen_spill_reg.a_data_q_reg[addr][6]/D
  -------------------------------------------------------------------    -------------------

                         max delay                    0.000     0.000    
    E12                  IBUFCTRL                     0.000     0.000 r  u_ibufg_sys_clk/IBUFCTRL_INST/O
                         net (fo=1, routed)           0.333     0.333    i_xlnx_clk_wiz/inst/clk_in1
    MMCM_X1Y12           MMCME4_ADV (Prop_MMCM_CLKIN1_CLKOUT3)
                                                      0.630     0.963 r  i_xlnx_clk_wiz/inst/mmcme4_adv_inst/CLKOUT3
                         net (fo=1, routed)           0.225     1.188    i_xlnx_clk_wiz/inst/clk_10_xlnx_clk_wiz
    BUFGCE_X1Y311        BUFGCE (Prop_BUFCE_BUFGCE_I_O)
                                                      0.024     1.212 r  i_xlnx_clk_wiz/inst/clkout4_buf/O
                         net (fo=64, routed)          4.140     5.352    i_carfield/gen_domain_clock_mux[0].i_clk_mux/clks_i[2]
    SLR Crossing[2->1]   
    SLICE_X118Y302       LUT5 (Prop_G6LUT_SLICEL_I1_O)
                                                      0.057     5.409 r  i_carfield/gen_domain_clock_mux[0].i_clk_mux/clk_o_INST_0/O
                         net (fo=1, routed)           0.943     6.352    i_carfield/gen_domain_clock_mux[0].i_clk_mux/clk_o
    SLR Crossing[1->0]   
    BUFGCE_X1Y84         BUFGCE (Prop_BUFCE_BUFGCE_I_O)
                                                      0.024     6.376 r  i_carfield/gen_domain_clock_mux[0].i_clk_mux/clk_o_BUFG_inst/O
                         net (fo=115, routed)         2.627     9.003    i_carfield/gen_domain_clock_mux[0].i_clk_div/clk_o
    SLR Crossing[0->1]   
    SLICE_X61Y300        LUT5 (Prop_G6LUT_SLICEL_I3_O)
                                                      0.057     9.060 r  i_carfield/gen_domain_clock_mux[0].i_clk_div/n_1_1099782_BUFG_inst_i_1/O
                         net (fo=2, routed)           0.064     9.124    i_carfield/i_hyper_clk_div/n_1_1099782_BUFG_inst_n_2
    SLICE_X61Y300        LUT5 (Prop_E6LUT_SLICEL_I3_O)
                                                      0.082     9.206 r  i_carfield/i_hyper_clk_div/hyp_clk_BUFG_inst_i_1/O
                         net (fo=1, routed)           1.527    10.733    i_carfield/hyp_clk
    SLR Crossing[1->0]   
    BUFGCE_X0Y39         BUFGCE (Prop_BUFCE_BUFGCE_I_O)
                                                      0.024    10.757 r  i_carfield/hyp_clk_BUFG_inst/O
    X1Y2 (CLOCK_ROOT)    net (fo=1287, routed)        1.796    12.553    i_carfield/i_hyperbus_wrap/i_hyper_cdc_dst/i_cdc_fifo_gray_dst_ar/i_spill_register/spill_register_flushable_i/hyp_clk_BUFG
    SLICE_X22Y41         FDCE                                         r  i_carfield/i_hyperbus_wrap/i_hyper_cdc_dst/i_cdc_fifo_gray_dst_ar/i_spill_register/spill_register_flushable_i/gen_spill_reg.a_data_q_reg[addr][6]/C
                         clock pessimism             -0.706    11.847    
                         inter-SLR compensation      -1.738    10.108    
                         clock uncertainty           -0.226     9.883    
    SLICE_X22Y41         FDCE (Setup_DFF_SLICEM_C_D)
                                                      0.025     9.908    i_carfield/i_hyperbus_wrap/i_hyper_cdc_dst/i_cdc_fifo_gray_dst_ar/i_spill_register/spill_register_flushable_i/gen_spill_reg.a_data_q_reg[addr][6]
  -------------------------------------------------------------------
                         required time                          9.908    
                         arrival time                         -29.428    
  -------------------------------------------------------------------
                         slack                                -19.520    

Slack (VIOLATED) :        -19.507ns  (required time - arrival time)
  Source:                 i_carfield/i_cheshire_wrap/i_cheshire_ext_llc_cdc_src/i_cdc_fifo_gray_src_ar/gen_word[6].data_q_reg[6][addr][22]/C
                            (rising edge-triggered cell FDRE clocked by clk_50_xlnx_clk_wiz  {rise@0.000ns fall@10.000ns period=20.000ns})
  Destination:            i_carfield/i_hyperbus_wrap/i_hyper_cdc_dst/i_cdc_fifo_gray_dst_ar/i_spill_register/spill_register_flushable_i/gen_spill_reg.a_data_q_reg[addr][22]/D
                            (rising edge-triggered cell FDCE clocked by periph_domain_clk  {rise@0.000ns fall@50.000ns period=100.000ns})
  Path Group:             periph_domain_clk
  Path Type:              Setup (Max at Slow Process Corner)
  Requirement:            0.000ns  (MaxDelay Path 0.000ns)
  Data Path Delay:        24.218ns  (logic 0.193ns (0.797%)  route 24.025ns (99.203%))
  Logic Levels:           2  (LUT6=1 MUXF7=1)
  Clock Path Skew:        6.654ns (DCD - SCD + CPR)
    Destination Clock Delay (DCD):    12.579ns
    Source Clock Delay      (SCD):    5.219ns
    Clock Pessimism Removal (CPR):    -0.706ns
  Clock Uncertainty:      0.226ns  ((TSJ^2 + DJ^2)^1/2) / 2 + PE
    Total System Jitter     (TSJ):    0.071ns
    Discrete Jitter          (DJ):    0.199ns
    Phase Error              (PE):    0.120ns
  Inter-SLR Compensation: 1.742ns  ((DCD - CCD) * PF)
    Destination Clock Delay (DCD):    12.579ns
    Common Clock Delay      (CCD):    0.963ns
    Prorating Factor         (PF):    0.150
  Clock Net Delay (Source):      4.683ns (routing 2.719ns, distribution 1.964ns)
  Clock Net Delay (Destination): 1.822ns (routing 0.617ns, distribution 1.205ns)
  Timing Exception:       MaxDelay Path 0.000ns

    Location             Delay type                Incr(ns)  Path(ns)    Netlist Resource(s)
  -------------------------------------------------------------------    -------------------
                         (clock clk_50_xlnx_clk_wiz rise edge)
                                                      0.000     0.000 r  
    E12                  IBUFCTRL                     0.000     0.000 r  u_ibufg_sys_clk/IBUFCTRL_INST/O
                         net (fo=1, routed)           0.384     0.384    i_xlnx_clk_wiz/inst/clk_in1
    MMCM_X1Y12           MMCME4_ADV (Prop_MMCM_CLKIN1_CLKOUT1)
                                                     -0.127     0.257 r  i_xlnx_clk_wiz/inst/mmcme4_adv_inst/CLKOUT1
                         net (fo=1, routed)           0.251     0.508    i_xlnx_clk_wiz/inst/clk_50_xlnx_clk_wiz
    BUFGCE_X1Y298        BUFGCE (Prop_BUFCE_BUFGCE_I_O)
                                                      0.028     0.536 r  i_xlnx_clk_wiz/inst/clkout2_buf/O
    X2Y4 (CLOCK_ROOT)    net (fo=240101, routed)      4.683     5.219    i_carfield/i_cheshire_wrap/i_cheshire_ext_llc_cdc_src/i_cdc_fifo_gray_src_ar/host_clk_i
    SLR Crossing[2->0]   
    SLICE_X14Y37         FDRE                                         r  i_carfield/i_cheshire_wrap/i_cheshire_ext_llc_cdc_src/i_cdc_fifo_gray_src_ar/gen_word[6].data_q_reg[6][addr][22]/C
  -------------------------------------------------------------------    -------------------
    SLICE_X14Y37         FDRE (Prop_AFF_SLICEL_C_Q)
                                                      0.079     5.298 r  i_carfield/i_cheshire_wrap/i_cheshire_ext_llc_cdc_src/i_cdc_fifo_gray_src_ar/gen_word[6].data_q_reg[6][addr][22]/Q
                         net (fo=1, routed)          23.984    29.282    i_carfield/i_cheshire_wrap/i_cheshire_ext_llc_cdc_src/i_cdc_fifo_gray_src_ar/llc_ar_data[619]
    SLICE_X14Y38         LUT6 (Prop_C6LUT_SLICEL_I1_O)
                                                      0.050    29.332 r  i_carfield/i_cheshire_wrap/i_cheshire_ext_llc_cdc_src/i_cdc_fifo_gray_src_ar/gen_spill_reg.a_data_q[addr][22]_i_3__24/O
                         net (fo=1, routed)           0.010    29.342    i_carfield/i_cheshire_wrap/i_cheshire_ext_llc_cdc_src/i_cdc_fifo_gray_src_ar/gen_spill_reg.a_data_q[addr][22]_i_3__24_n_2
    SLICE_X14Y38         MUXF7 (Prop_F7MUX_CD_SLICEL_I1_O)
                                                      0.064    29.406 r  i_carfield/i_cheshire_wrap/i_cheshire_ext_llc_cdc_src/i_cdc_fifo_gray_src_ar/gen_spill_reg.a_data_q_reg[addr][22]_i_1__11/O
                         net (fo=1, routed)           0.031    29.437    i_carfield/i_hyperbus_wrap/i_hyper_cdc_dst/i_cdc_fifo_gray_dst_ar/i_spill_register/spill_register_flushable_i/gen_spill_reg.a_data_q_reg[addr][32]_0[22]
    SLICE_X14Y38         FDCE                                         r  i_carfield/i_hyperbus_wrap/i_hyper_cdc_dst/i_cdc_fifo_gray_dst_ar/i_spill_register/spill_register_flushable_i/gen_spill_reg.a_data_q_reg[addr][22]/D
  -------------------------------------------------------------------    -------------------

                         max delay                    0.000     0.000    
    E12                  IBUFCTRL                     0.000     0.000 r  u_ibufg_sys_clk/IBUFCTRL_INST/O
                         net (fo=1, routed)           0.333     0.333    i_xlnx_clk_wiz/inst/clk_in1
    MMCM_X1Y12           MMCME4_ADV (Prop_MMCM_CLKIN1_CLKOUT3)
                                                      0.630     0.963 r  i_xlnx_clk_wiz/inst/mmcme4_adv_inst/CLKOUT3
                         net (fo=1, routed)           0.225     1.188    i_xlnx_clk_wiz/inst/clk_10_xlnx_clk_wiz
    BUFGCE_X1Y311        BUFGCE (Prop_BUFCE_BUFGCE_I_O)
                                                      0.024     1.212 r  i_xlnx_clk_wiz/inst/clkout4_buf/O
                         net (fo=64, routed)          4.140     5.352    i_carfield/gen_domain_clock_mux[0].i_clk_mux/clks_i[2]
    SLR Crossing[2->1]   
    SLICE_X118Y302       LUT5 (Prop_G6LUT_SLICEL_I1_O)
                                                      0.057     5.409 r  i_carfield/gen_domain_clock_mux[0].i_clk_mux/clk_o_INST_0/O
                         net (fo=1, routed)           0.943     6.352    i_carfield/gen_domain_clock_mux[0].i_clk_mux/clk_o
    SLR Crossing[1->0]   
    BUFGCE_X1Y84         BUFGCE (Prop_BUFCE_BUFGCE_I_O)
                                                      0.024     6.376 r  i_carfield/gen_domain_clock_mux[0].i_clk_mux/clk_o_BUFG_inst/O
                         net (fo=115, routed)         2.627     9.003    i_carfield/gen_domain_clock_mux[0].i_clk_div/clk_o
    SLR Crossing[0->1]   
    SLICE_X61Y300        LUT5 (Prop_G6LUT_SLICEL_I3_O)
                                                      0.057     9.060 r  i_carfield/gen_domain_clock_mux[0].i_clk_div/n_1_1099782_BUFG_inst_i_1/O
                         net (fo=2, routed)           0.064     9.124    i_carfield/i_hyper_clk_div/n_1_1099782_BUFG_inst_n_2
    SLICE_X61Y300        LUT5 (Prop_E6LUT_SLICEL_I3_O)
                                                      0.082     9.206 r  i_carfield/i_hyper_clk_div/hyp_clk_BUFG_inst_i_1/O
                         net (fo=1, routed)           1.527    10.733    i_carfield/hyp_clk
    SLR Crossing[1->0]   
    BUFGCE_X0Y39         BUFGCE (Prop_BUFCE_BUFGCE_I_O)
                                                      0.024    10.757 r  i_carfield/hyp_clk_BUFG_inst/O
    X1Y2 (CLOCK_ROOT)    net (fo=1287, routed)        1.822    12.579    i_carfield/i_hyperbus_wrap/i_hyper_cdc_dst/i_cdc_fifo_gray_dst_ar/i_spill_register/spill_register_flushable_i/hyp_clk_BUFG
    SLICE_X14Y38         FDCE                                         r  i_carfield/i_hyperbus_wrap/i_hyper_cdc_dst/i_cdc_fifo_gray_dst_ar/i_spill_register/spill_register_flushable_i/gen_spill_reg.a_data_q_reg[addr][22]/C
                         clock pessimism             -0.706    11.873    
                         inter-SLR compensation      -1.742    10.131    
                         clock uncertainty           -0.226     9.905    
    SLICE_X14Y38         FDCE (Setup_DFF_SLICEL_C_D)
                                                      0.025     9.930    i_carfield/i_hyperbus_wrap/i_hyper_cdc_dst/i_cdc_fifo_gray_dst_ar/i_spill_register/spill_register_flushable_i/gen_spill_reg.a_data_q_reg[addr][22]
  -------------------------------------------------------------------
                         required time                          9.930    
                         arrival time                         -29.437    
  -------------------------------------------------------------------
                         slack                                -19.507    

Slack (VIOLATED) :        -19.507ns  (required time - arrival time)
  Source:                 i_carfield/i_cheshire_wrap/i_cheshire_ext_llc_cdc_src/i_cdc_fifo_gray_src_ar/gen_word[6].data_q_reg[6][addr][22]/C
                            (rising edge-triggered cell FDRE clocked by clk_50_xlnx_clk_wiz  {rise@0.000ns fall@10.000ns period=20.000ns})
  Destination:            i_carfield/i_hyperbus_wrap/i_hyper_cdc_dst/i_cdc_fifo_gray_dst_ar/i_spill_register/spill_register_flushable_i/gen_spill_reg.a_data_q_reg[addr][22]/D
                            (rising edge-triggered cell FDCE clocked by periph_domain_clk  {rise@0.000ns fall@50.000ns period=100.000ns})
  Path Group:             periph_domain_clk
  Path Type:              Setup (Max at Slow Process Corner)
  Requirement:            0.000ns  (MaxDelay Path 0.000ns)
  Data Path Delay:        24.218ns  (logic 0.193ns (0.797%)  route 24.025ns (99.203%))
  Logic Levels:           2  (LUT6=1 MUXF7=1)
  Clock Path Skew:        6.654ns (DCD - SCD + CPR)
    Destination Clock Delay (DCD):    12.579ns
    Source Clock Delay      (SCD):    5.219ns
    Clock Pessimism Removal (CPR):    -0.706ns
  Clock Uncertainty:      0.226ns  ((TSJ^2 + DJ^2)^1/2) / 2 + PE
    Total System Jitter     (TSJ):    0.071ns
    Discrete Jitter          (DJ):    0.199ns
    Phase Error              (PE):    0.120ns
  Inter-SLR Compensation: 1.742ns  ((DCD - CCD) * PF)
    Destination Clock Delay (DCD):    12.579ns
    Common Clock Delay      (CCD):    0.963ns
    Prorating Factor         (PF):    0.150
  Clock Net Delay (Source):      4.683ns (routing 2.719ns, distribution 1.964ns)
  Clock Net Delay (Destination): 1.822ns (routing 0.617ns, distribution 1.205ns)
  Timing Exception:       MaxDelay Path 0.000ns

    Location             Delay type                Incr(ns)  Path(ns)    Netlist Resource(s)
  -------------------------------------------------------------------    -------------------
                         (clock clk_50_xlnx_clk_wiz rise edge)
                                                      0.000     0.000 r  
    E12                  IBUFCTRL                     0.000     0.000 r  u_ibufg_sys_clk/IBUFCTRL_INST/O
                         net (fo=1, routed)           0.384     0.384    i_xlnx_clk_wiz/inst/clk_in1
    MMCM_X1Y12           MMCME4_ADV (Prop_MMCM_CLKIN1_CLKOUT1)
                                                     -0.127     0.257 r  i_xlnx_clk_wiz/inst/mmcme4_adv_inst/CLKOUT1
                         net (fo=1, routed)           0.251     0.508    i_xlnx_clk_wiz/inst/clk_50_xlnx_clk_wiz
    BUFGCE_X1Y298        BUFGCE (Prop_BUFCE_BUFGCE_I_O)
                                                      0.028     0.536 r  i_xlnx_clk_wiz/inst/clkout2_buf/O
    X2Y4 (CLOCK_ROOT)    net (fo=240101, routed)      4.683     5.219    i_carfield/i_cheshire_wrap/i_cheshire_ext_llc_cdc_src/i_cdc_fifo_gray_src_ar/host_clk_i
    SLR Crossing[2->0]   
    SLICE_X14Y37         FDRE                                         r  i_carfield/i_cheshire_wrap/i_cheshire_ext_llc_cdc_src/i_cdc_fifo_gray_src_ar/gen_word[6].data_q_reg[6][addr][22]/C
  -------------------------------------------------------------------    -------------------
    SLICE_X14Y37         FDRE (Prop_AFF_SLICEL_C_Q)
                                                      0.079     5.298 f  i_carfield/i_cheshire_wrap/i_cheshire_ext_llc_cdc_src/i_cdc_fifo_gray_src_ar/gen_word[6].data_q_reg[6][addr][22]/Q
                         net (fo=1, routed)          23.984    29.282    i_carfield/i_cheshire_wrap/i_cheshire_ext_llc_cdc_src/i_cdc_fifo_gray_src_ar/llc_ar_data[619]
    SLICE_X14Y38         LUT6 (Prop_C6LUT_SLICEL_I1_O)
                                                      0.050    29.332 f  i_carfield/i_cheshire_wrap/i_cheshire_ext_llc_cdc_src/i_cdc_fifo_gray_src_ar/gen_spill_reg.a_data_q[addr][22]_i_3__24/O
                         net (fo=1, routed)           0.010    29.342    i_carfield/i_cheshire_wrap/i_cheshire_ext_llc_cdc_src/i_cdc_fifo_gray_src_ar/gen_spill_reg.a_data_q[addr][22]_i_3__24_n_2
    SLICE_X14Y38         MUXF7 (Prop_F7MUX_CD_SLICEL_I1_O)
                                                      0.064    29.406 f  i_carfield/i_cheshire_wrap/i_cheshire_ext_llc_cdc_src/i_cdc_fifo_gray_src_ar/gen_spill_reg.a_data_q_reg[addr][22]_i_1__11/O
                         net (fo=1, routed)           0.031    29.437    i_carfield/i_hyperbus_wrap/i_hyper_cdc_dst/i_cdc_fifo_gray_dst_ar/i_spill_register/spill_register_flushable_i/gen_spill_reg.a_data_q_reg[addr][32]_0[22]
    SLICE_X14Y38         FDCE                                         f  i_carfield/i_hyperbus_wrap/i_hyper_cdc_dst/i_cdc_fifo_gray_dst_ar/i_spill_register/spill_register_flushable_i/gen_spill_reg.a_data_q_reg[addr][22]/D
  -------------------------------------------------------------------    -------------------

                         max delay                    0.000     0.000    
    E12                  IBUFCTRL                     0.000     0.000 r  u_ibufg_sys_clk/IBUFCTRL_INST/O
                         net (fo=1, routed)           0.333     0.333    i_xlnx_clk_wiz/inst/clk_in1
    MMCM_X1Y12           MMCME4_ADV (Prop_MMCM_CLKIN1_CLKOUT3)
                                                      0.630     0.963 r  i_xlnx_clk_wiz/inst/mmcme4_adv_inst/CLKOUT3
                         net (fo=1, routed)           0.225     1.188    i_xlnx_clk_wiz/inst/clk_10_xlnx_clk_wiz
    BUFGCE_X1Y311        BUFGCE (Prop_BUFCE_BUFGCE_I_O)
                                                      0.024     1.212 r  i_xlnx_clk_wiz/inst/clkout4_buf/O
                         net (fo=64, routed)          4.140     5.352    i_carfield/gen_domain_clock_mux[0].i_clk_mux/clks_i[2]
    SLR Crossing[2->1]   
    SLICE_X118Y302       LUT5 (Prop_G6LUT_SLICEL_I1_O)
                                                      0.057     5.409 r  i_carfield/gen_domain_clock_mux[0].i_clk_mux/clk_o_INST_0/O
                         net (fo=1, routed)           0.943     6.352    i_carfield/gen_domain_clock_mux[0].i_clk_mux/clk_o
    SLR Crossing[1->0]   
    BUFGCE_X1Y84         BUFGCE (Prop_BUFCE_BUFGCE_I_O)
                                                      0.024     6.376 r  i_carfield/gen_domain_clock_mux[0].i_clk_mux/clk_o_BUFG_inst/O
                         net (fo=115, routed)         2.627     9.003    i_carfield/gen_domain_clock_mux[0].i_clk_div/clk_o
    SLR Crossing[0->1]   
    SLICE_X61Y300        LUT5 (Prop_G6LUT_SLICEL_I3_O)
                                                      0.057     9.060 r  i_carfield/gen_domain_clock_mux[0].i_clk_div/n_1_1099782_BUFG_inst_i_1/O
                         net (fo=2, routed)           0.064     9.124    i_carfield/i_hyper_clk_div/n_1_1099782_BUFG_inst_n_2
    SLICE_X61Y300        LUT5 (Prop_E6LUT_SLICEL_I3_O)
                                                      0.082     9.206 r  i_carfield/i_hyper_clk_div/hyp_clk_BUFG_inst_i_1/O
                         net (fo=1, routed)           1.527    10.733    i_carfield/hyp_clk
    SLR Crossing[1->0]   
    BUFGCE_X0Y39         BUFGCE (Prop_BUFCE_BUFGCE_I_O)
                                                      0.024    10.757 r  i_carfield/hyp_clk_BUFG_inst/O
    X1Y2 (CLOCK_ROOT)    net (fo=1287, routed)        1.822    12.579    i_carfield/i_hyperbus_wrap/i_hyper_cdc_dst/i_cdc_fifo_gray_dst_ar/i_spill_register/spill_register_flushable_i/hyp_clk_BUFG
    SLICE_X14Y38         FDCE                                         r  i_carfield/i_hyperbus_wrap/i_hyper_cdc_dst/i_cdc_fifo_gray_dst_ar/i_spill_register/spill_register_flushable_i/gen_spill_reg.a_data_q_reg[addr][22]/C
                         clock pessimism             -0.706    11.873    
                         inter-SLR compensation      -1.742    10.131    
                         clock uncertainty           -0.226     9.905    
    SLICE_X14Y38         FDCE (Setup_DFF_SLICEL_C_D)
                                                      0.025     9.930    i_carfield/i_hyperbus_wrap/i_hyper_cdc_dst/i_cdc_fifo_gray_dst_ar/i_spill_register/spill_register_flushable_i/gen_spill_reg.a_data_q_reg[addr][22]
  -------------------------------------------------------------------
                         required time                          9.930    
                         arrival time                         -29.437    
  -------------------------------------------------------------------
                         slack                                -19.507    

Slack (VIOLATED) :        -19.486ns  (required time - arrival time)
  Source:                 i_carfield/i_cheshire_wrap/i_cheshire_ext_llc_cdc_src/i_cdc_fifo_gray_src_ar/gen_word[3].data_q_reg[3][id][1]/C
                            (rising edge-triggered cell FDRE clocked by clk_50_xlnx_clk_wiz  {rise@0.000ns fall@10.000ns period=20.000ns})
  Destination:            i_carfield/i_hyperbus_wrap/i_hyper_cdc_dst/i_cdc_fifo_gray_dst_ar/i_spill_register/spill_register_flushable_i/gen_spill_reg.a_data_q_reg[id][1]/D
                            (rising edge-triggered cell FDCE clocked by periph_domain_clk  {rise@0.000ns fall@50.000ns period=100.000ns})
  Path Group:             periph_domain_clk
  Path Type:              Setup (Max at Slow Process Corner)
  Requirement:            0.000ns  (MaxDelay Path 0.000ns)
  Data Path Delay:        24.200ns  (logic 0.264ns (1.091%)  route 23.936ns (98.909%))
  Logic Levels:           2  (LUT6=1 MUXF7=1)
  Clock Path Skew:        6.662ns (DCD - SCD + CPR)
    Destination Clock Delay (DCD):    12.613ns
    Source Clock Delay      (SCD):    5.245ns
    Clock Pessimism Removal (CPR):    -0.706ns
  Clock Uncertainty:      0.226ns  ((TSJ^2 + DJ^2)^1/2) / 2 + PE
    Total System Jitter     (TSJ):    0.071ns
    Discrete Jitter          (DJ):    0.199ns
    Phase Error              (PE):    0.120ns
  Inter-SLR Compensation: 1.747ns  ((DCD - CCD) * PF)
    Destination Clock Delay (DCD):    12.613ns
    Common Clock Delay      (CCD):    0.963ns
    Prorating Factor         (PF):    0.150
  Clock Net Delay (Source):      4.709ns (routing 2.719ns, distribution 1.990ns)
  Clock Net Delay (Destination): 1.856ns (routing 0.617ns, distribution 1.239ns)
  Timing Exception:       MaxDelay Path 0.000ns

    Location             Delay type                Incr(ns)  Path(ns)    Netlist Resource(s)
  -------------------------------------------------------------------    -------------------
                         (clock clk_50_xlnx_clk_wiz rise edge)
                                                      0.000     0.000 r  
    E12                  IBUFCTRL                     0.000     0.000 r  u_ibufg_sys_clk/IBUFCTRL_INST/O
                         net (fo=1, routed)           0.384     0.384    i_xlnx_clk_wiz/inst/clk_in1
    MMCM_X1Y12           MMCME4_ADV (Prop_MMCM_CLKIN1_CLKOUT1)
                                                     -0.127     0.257 r  i_xlnx_clk_wiz/inst/mmcme4_adv_inst/CLKOUT1
                         net (fo=1, routed)           0.251     0.508    i_xlnx_clk_wiz/inst/clk_50_xlnx_clk_wiz
    BUFGCE_X1Y298        BUFGCE (Prop_BUFCE_BUFGCE_I_O)
                                                      0.028     0.536 r  i_xlnx_clk_wiz/inst/clkout2_buf/O
    X2Y4 (CLOCK_ROOT)    net (fo=240101, routed)      4.709     5.245    i_carfield/i_cheshire_wrap/i_cheshire_ext_llc_cdc_src/i_cdc_fifo_gray_src_ar/host_clk_i
    SLR Crossing[2->0]   
    SLICE_X9Y42          FDRE                                         r  i_carfield/i_cheshire_wrap/i_cheshire_ext_llc_cdc_src/i_cdc_fifo_gray_src_ar/gen_word[3].data_q_reg[3][id][1]/C
  -------------------------------------------------------------------    -------------------
    SLICE_X9Y42          FDRE (Prop_EFF_SLICEL_C_Q)
                                                      0.079     5.324 r  i_carfield/i_cheshire_wrap/i_cheshire_ext_llc_cdc_src/i_cdc_fifo_gray_src_ar/gen_word[3].data_q_reg[3][id][1]/Q
                         net (fo=1, routed)          23.896    29.220    i_carfield/i_cheshire_wrap/i_cheshire_ext_llc_cdc_src/i_cdc_fifo_gray_src_ar/llc_ar_data[367]
    SLICE_X9Y43          LUT6 (Prop_D6LUT_SLICEL_I0_O)
                                                      0.122    29.342 r  i_carfield/i_cheshire_wrap/i_cheshire_ext_llc_cdc_src/i_cdc_fifo_gray_src_ar/gen_spill_reg.a_data_q[id][1]_i_2__75/O
                         net (fo=1, routed)           0.009    29.351    i_carfield/i_cheshire_wrap/i_cheshire_ext_llc_cdc_src/i_cdc_fifo_gray_src_ar/gen_spill_reg.a_data_q[id][1]_i_2__75_n_2
    SLICE_X9Y43          MUXF7 (Prop_F7MUX_CD_SLICEL_I0_O)
                                                      0.063    29.414 r  i_carfield/i_cheshire_wrap/i_cheshire_ext_llc_cdc_src/i_cdc_fifo_gray_src_ar/gen_spill_reg.a_data_q_reg[id][1]_i_1__8/O
                         net (fo=1, routed)           0.031    29.445    i_carfield/i_hyperbus_wrap/i_hyper_cdc_dst/i_cdc_fifo_gray_dst_ar/i_spill_register/spill_register_flushable_i/gen_spill_reg.a_data_q_reg[id][5]_0[1]
    SLICE_X9Y43          FDCE                                         r  i_carfield/i_hyperbus_wrap/i_hyper_cdc_dst/i_cdc_fifo_gray_dst_ar/i_spill_register/spill_register_flushable_i/gen_spill_reg.a_data_q_reg[id][1]/D
  -------------------------------------------------------------------    -------------------

                         max delay                    0.000     0.000    
    E12                  IBUFCTRL                     0.000     0.000 r  u_ibufg_sys_clk/IBUFCTRL_INST/O
                         net (fo=1, routed)           0.333     0.333    i_xlnx_clk_wiz/inst/clk_in1
    MMCM_X1Y12           MMCME4_ADV (Prop_MMCM_CLKIN1_CLKOUT3)
                                                      0.630     0.963 r  i_xlnx_clk_wiz/inst/mmcme4_adv_inst/CLKOUT3
                         net (fo=1, routed)           0.225     1.188    i_xlnx_clk_wiz/inst/clk_10_xlnx_clk_wiz
    BUFGCE_X1Y311        BUFGCE (Prop_BUFCE_BUFGCE_I_O)
                                                      0.024     1.212 r  i_xlnx_clk_wiz/inst/clkout4_buf/O
                         net (fo=64, routed)          4.140     5.352    i_carfield/gen_domain_clock_mux[0].i_clk_mux/clks_i[2]
    SLR Crossing[2->1]   
    SLICE_X118Y302       LUT5 (Prop_G6LUT_SLICEL_I1_O)
                                                      0.057     5.409 r  i_carfield/gen_domain_clock_mux[0].i_clk_mux/clk_o_INST_0/O
                         net (fo=1, routed)           0.943     6.352    i_carfield/gen_domain_clock_mux[0].i_clk_mux/clk_o
    SLR Crossing[1->0]   
    BUFGCE_X1Y84         BUFGCE (Prop_BUFCE_BUFGCE_I_O)
                                                      0.024     6.376 r  i_carfield/gen_domain_clock_mux[0].i_clk_mux/clk_o_BUFG_inst/O
                         net (fo=115, routed)         2.627     9.003    i_carfield/gen_domain_clock_mux[0].i_clk_div/clk_o
    SLR Crossing[0->1]   
    SLICE_X61Y300        LUT5 (Prop_G6LUT_SLICEL_I3_O)
                                                      0.057     9.060 r  i_carfield/gen_domain_clock_mux[0].i_clk_div/n_1_1099782_BUFG_inst_i_1/O
                         net (fo=2, routed)           0.064     9.124    i_carfield/i_hyper_clk_div/n_1_1099782_BUFG_inst_n_2
    SLICE_X61Y300        LUT5 (Prop_E6LUT_SLICEL_I3_O)
                                                      0.082     9.206 r  i_carfield/i_hyper_clk_div/hyp_clk_BUFG_inst_i_1/O
                         net (fo=1, routed)           1.527    10.733    i_carfield/hyp_clk
    SLR Crossing[1->0]   
    BUFGCE_X0Y39         BUFGCE (Prop_BUFCE_BUFGCE_I_O)
                                                      0.024    10.757 r  i_carfield/hyp_clk_BUFG_inst/O
    X1Y2 (CLOCK_ROOT)    net (fo=1287, routed)        1.856    12.613    i_carfield/i_hyperbus_wrap/i_hyper_cdc_dst/i_cdc_fifo_gray_dst_ar/i_spill_register/spill_register_flushable_i/hyp_clk_BUFG
    SLICE_X9Y43          FDCE                                         r  i_carfield/i_hyperbus_wrap/i_hyper_cdc_dst/i_cdc_fifo_gray_dst_ar/i_spill_register/spill_register_flushable_i/gen_spill_reg.a_data_q_reg[id][1]/C
                         clock pessimism             -0.706    11.907    
                         inter-SLR compensation      -1.747    10.160    
                         clock uncertainty           -0.226     9.934    
    SLICE_X9Y43          FDCE (Setup_DFF_SLICEL_C_D)
                                                      0.025     9.959    i_carfield/i_hyperbus_wrap/i_hyper_cdc_dst/i_cdc_fifo_gray_dst_ar/i_spill_register/spill_register_flushable_i/gen_spill_reg.a_data_q_reg[id][1]
  -------------------------------------------------------------------
                         required time                          9.959    
                         arrival time                         -29.445    
  -------------------------------------------------------------------
                         slack                                -19.486    

Slack (VIOLATED) :        -19.486ns  (required time - arrival time)
  Source:                 i_carfield/i_cheshire_wrap/i_cheshire_ext_llc_cdc_src/i_cdc_fifo_gray_src_ar/gen_word[3].data_q_reg[3][id][1]/C
                            (rising edge-triggered cell FDRE clocked by clk_50_xlnx_clk_wiz  {rise@0.000ns fall@10.000ns period=20.000ns})
  Destination:            i_carfield/i_hyperbus_wrap/i_hyper_cdc_dst/i_cdc_fifo_gray_dst_ar/i_spill_register/spill_register_flushable_i/gen_spill_reg.a_data_q_reg[id][1]/D
                            (rising edge-triggered cell FDCE clocked by periph_domain_clk  {rise@0.000ns fall@50.000ns period=100.000ns})
  Path Group:             periph_domain_clk
  Path Type:              Setup (Max at Slow Process Corner)
  Requirement:            0.000ns  (MaxDelay Path 0.000ns)
  Data Path Delay:        24.200ns  (logic 0.264ns (1.091%)  route 23.936ns (98.909%))
  Logic Levels:           2  (LUT6=1 MUXF7=1)
  Clock Path Skew:        6.662ns (DCD - SCD + CPR)
    Destination Clock Delay (DCD):    12.613ns
    Source Clock Delay      (SCD):    5.245ns
    Clock Pessimism Removal (CPR):    -0.706ns
  Clock Uncertainty:      0.226ns  ((TSJ^2 + DJ^2)^1/2) / 2 + PE
    Total System Jitter     (TSJ):    0.071ns
    Discrete Jitter          (DJ):    0.199ns
    Phase Error              (PE):    0.120ns
  Inter-SLR Compensation: 1.747ns  ((DCD - CCD) * PF)
    Destination Clock Delay (DCD):    12.613ns
    Common Clock Delay      (CCD):    0.963ns
    Prorating Factor         (PF):    0.150
  Clock Net Delay (Source):      4.709ns (routing 2.719ns, distribution 1.990ns)
  Clock Net Delay (Destination): 1.856ns (routing 0.617ns, distribution 1.239ns)
  Timing Exception:       MaxDelay Path 0.000ns

    Location             Delay type                Incr(ns)  Path(ns)    Netlist Resource(s)
  -------------------------------------------------------------------    -------------------
                         (clock clk_50_xlnx_clk_wiz rise edge)
                                                      0.000     0.000 r  
    E12                  IBUFCTRL                     0.000     0.000 r  u_ibufg_sys_clk/IBUFCTRL_INST/O
                         net (fo=1, routed)           0.384     0.384    i_xlnx_clk_wiz/inst/clk_in1
    MMCM_X1Y12           MMCME4_ADV (Prop_MMCM_CLKIN1_CLKOUT1)
                                                     -0.127     0.257 r  i_xlnx_clk_wiz/inst/mmcme4_adv_inst/CLKOUT1
                         net (fo=1, routed)           0.251     0.508    i_xlnx_clk_wiz/inst/clk_50_xlnx_clk_wiz
    BUFGCE_X1Y298        BUFGCE (Prop_BUFCE_BUFGCE_I_O)
                                                      0.028     0.536 r  i_xlnx_clk_wiz/inst/clkout2_buf/O
    X2Y4 (CLOCK_ROOT)    net (fo=240101, routed)      4.709     5.245    i_carfield/i_cheshire_wrap/i_cheshire_ext_llc_cdc_src/i_cdc_fifo_gray_src_ar/host_clk_i
    SLR Crossing[2->0]   
    SLICE_X9Y42          FDRE                                         r  i_carfield/i_cheshire_wrap/i_cheshire_ext_llc_cdc_src/i_cdc_fifo_gray_src_ar/gen_word[3].data_q_reg[3][id][1]/C
  -------------------------------------------------------------------    -------------------
    SLICE_X9Y42          FDRE (Prop_EFF_SLICEL_C_Q)
                                                      0.079     5.324 f  i_carfield/i_cheshire_wrap/i_cheshire_ext_llc_cdc_src/i_cdc_fifo_gray_src_ar/gen_word[3].data_q_reg[3][id][1]/Q
                         net (fo=1, routed)          23.896    29.220    i_carfield/i_cheshire_wrap/i_cheshire_ext_llc_cdc_src/i_cdc_fifo_gray_src_ar/llc_ar_data[367]
    SLICE_X9Y43          LUT6 (Prop_D6LUT_SLICEL_I0_O)
                                                      0.122    29.342 f  i_carfield/i_cheshire_wrap/i_cheshire_ext_llc_cdc_src/i_cdc_fifo_gray_src_ar/gen_spill_reg.a_data_q[id][1]_i_2__75/O
                         net (fo=1, routed)           0.009    29.351    i_carfield/i_cheshire_wrap/i_cheshire_ext_llc_cdc_src/i_cdc_fifo_gray_src_ar/gen_spill_reg.a_data_q[id][1]_i_2__75_n_2
    SLICE_X9Y43          MUXF7 (Prop_F7MUX_CD_SLICEL_I0_O)
                                                      0.063    29.414 f  i_carfield/i_cheshire_wrap/i_cheshire_ext_llc_cdc_src/i_cdc_fifo_gray_src_ar/gen_spill_reg.a_data_q_reg[id][1]_i_1__8/O
                         net (fo=1, routed)           0.031    29.445    i_carfield/i_hyperbus_wrap/i_hyper_cdc_dst/i_cdc_fifo_gray_dst_ar/i_spill_register/spill_register_flushable_i/gen_spill_reg.a_data_q_reg[id][5]_0[1]
    SLICE_X9Y43          FDCE                                         f  i_carfield/i_hyperbus_wrap/i_hyper_cdc_dst/i_cdc_fifo_gray_dst_ar/i_spill_register/spill_register_flushable_i/gen_spill_reg.a_data_q_reg[id][1]/D
  -------------------------------------------------------------------    -------------------

                         max delay                    0.000     0.000    
    E12                  IBUFCTRL                     0.000     0.000 r  u_ibufg_sys_clk/IBUFCTRL_INST/O
                         net (fo=1, routed)           0.333     0.333    i_xlnx_clk_wiz/inst/clk_in1
    MMCM_X1Y12           MMCME4_ADV (Prop_MMCM_CLKIN1_CLKOUT3)
                                                      0.630     0.963 r  i_xlnx_clk_wiz/inst/mmcme4_adv_inst/CLKOUT3
                         net (fo=1, routed)           0.225     1.188    i_xlnx_clk_wiz/inst/clk_10_xlnx_clk_wiz
    BUFGCE_X1Y311        BUFGCE (Prop_BUFCE_BUFGCE_I_O)
                                                      0.024     1.212 r  i_xlnx_clk_wiz/inst/clkout4_buf/O
                         net (fo=64, routed)          4.140     5.352    i_carfield/gen_domain_clock_mux[0].i_clk_mux/clks_i[2]
    SLR Crossing[2->1]   
    SLICE_X118Y302       LUT5 (Prop_G6LUT_SLICEL_I1_O)
                                                      0.057     5.409 r  i_carfield/gen_domain_clock_mux[0].i_clk_mux/clk_o_INST_0/O
                         net (fo=1, routed)           0.943     6.352    i_carfield/gen_domain_clock_mux[0].i_clk_mux/clk_o
    SLR Crossing[1->0]   
    BUFGCE_X1Y84         BUFGCE (Prop_BUFCE_BUFGCE_I_O)
                                                      0.024     6.376 r  i_carfield/gen_domain_clock_mux[0].i_clk_mux/clk_o_BUFG_inst/O
                         net (fo=115, routed)         2.627     9.003    i_carfield/gen_domain_clock_mux[0].i_clk_div/clk_o
    SLR Crossing[0->1]   
    SLICE_X61Y300        LUT5 (Prop_G6LUT_SLICEL_I3_O)
                                                      0.057     9.060 r  i_carfield/gen_domain_clock_mux[0].i_clk_div/n_1_1099782_BUFG_inst_i_1/O
                         net (fo=2, routed)           0.064     9.124    i_carfield/i_hyper_clk_div/n_1_1099782_BUFG_inst_n_2
    SLICE_X61Y300        LUT5 (Prop_E6LUT_SLICEL_I3_O)
                                                      0.082     9.206 r  i_carfield/i_hyper_clk_div/hyp_clk_BUFG_inst_i_1/O
                         net (fo=1, routed)           1.527    10.733    i_carfield/hyp_clk
    SLR Crossing[1->0]   
    BUFGCE_X0Y39         BUFGCE (Prop_BUFCE_BUFGCE_I_O)
                                                      0.024    10.757 r  i_carfield/hyp_clk_BUFG_inst/O
    X1Y2 (CLOCK_ROOT)    net (fo=1287, routed)        1.856    12.613    i_carfield/i_hyperbus_wrap/i_hyper_cdc_dst/i_cdc_fifo_gray_dst_ar/i_spill_register/spill_register_flushable_i/hyp_clk_BUFG
    SLICE_X9Y43          FDCE                                         r  i_carfield/i_hyperbus_wrap/i_hyper_cdc_dst/i_cdc_fifo_gray_dst_ar/i_spill_register/spill_register_flushable_i/gen_spill_reg.a_data_q_reg[id][1]/C
                         clock pessimism             -0.706    11.907    
                         inter-SLR compensation      -1.747    10.160    
                         clock uncertainty           -0.226     9.934    
    SLICE_X9Y43          FDCE (Setup_DFF_SLICEL_C_D)
                                                      0.025     9.959    i_carfield/i_hyperbus_wrap/i_hyper_cdc_dst/i_cdc_fifo_gray_dst_ar/i_spill_register/spill_register_flushable_i/gen_spill_reg.a_data_q_reg[id][1]
  -------------------------------------------------------------------
                         required time                          9.959    
                         arrival time                         -29.445    
  -------------------------------------------------------------------
                         slack                                -19.486    

Slack (VIOLATED) :        -19.483ns  (required time - arrival time)
  Source:                 i_carfield/i_cheshire_wrap/i_cheshire_ext_llc_cdc_src/i_cdc_fifo_gray_src_aw/gen_word[4].data_q_reg[4][addr][32]/C
                            (rising edge-triggered cell FDRE clocked by clk_50_xlnx_clk_wiz  {rise@0.000ns fall@10.000ns period=20.000ns})
  Destination:            i_carfield/i_hyperbus_wrap/i_hyper_cdc_dst/i_cdc_fifo_gray_dst_aw/i_spill_register/spill_register_flushable_i/gen_spill_reg.a_data_q_reg[addr][32]/D
                            (rising edge-triggered cell FDCE clocked by periph_domain_clk  {rise@0.000ns fall@50.000ns period=100.000ns})
  Path Group:             periph_domain_clk
  Path Type:              Setup (Max at Slow Process Corner)
  Requirement:            0.000ns  (MaxDelay Path 0.000ns)
  Data Path Delay:        24.209ns  (logic 0.263ns (1.086%)  route 23.946ns (98.914%))
  Logic Levels:           2  (LUT6=1 MUXF7=1)
  Clock Path Skew:        6.650ns (DCD - SCD + CPR)
    Destination Clock Delay (DCD):    12.455ns
    Source Clock Delay      (SCD):    5.099ns
    Clock Pessimism Removal (CPR):    -0.706ns
  Clock Uncertainty:      0.226ns  ((TSJ^2 + DJ^2)^1/2) / 2 + PE
    Total System Jitter     (TSJ):    0.071ns
    Discrete Jitter          (DJ):    0.199ns
    Phase Error              (PE):    0.120ns
  Inter-SLR Compensation: 1.724ns  ((DCD - CCD) * PF)
    Destination Clock Delay (DCD):    12.455ns
    Common Clock Delay      (CCD):    0.963ns
    Prorating Factor         (PF):    0.150
  Clock Net Delay (Source):      4.563ns (routing 2.719ns, distribution 1.844ns)
  Clock Net Delay (Destination): 1.698ns (routing 0.617ns, distribution 1.081ns)
  Timing Exception:       MaxDelay Path 0.000ns

    Location             Delay type                Incr(ns)  Path(ns)    Netlist Resource(s)
  -------------------------------------------------------------------    -------------------
                         (clock clk_50_xlnx_clk_wiz rise edge)
                                                      0.000     0.000 r  
    E12                  IBUFCTRL                     0.000     0.000 r  u_ibufg_sys_clk/IBUFCTRL_INST/O
                         net (fo=1, routed)           0.384     0.384    i_xlnx_clk_wiz/inst/clk_in1
    MMCM_X1Y12           MMCME4_ADV (Prop_MMCM_CLKIN1_CLKOUT1)
                                                     -0.127     0.257 r  i_xlnx_clk_wiz/inst/mmcme4_adv_inst/CLKOUT1
                         net (fo=1, routed)           0.251     0.508    i_xlnx_clk_wiz/inst/clk_50_xlnx_clk_wiz
    BUFGCE_X1Y298        BUFGCE (Prop_BUFCE_BUFGCE_I_O)
                                                      0.028     0.536 r  i_xlnx_clk_wiz/inst/clkout2_buf/O
    X2Y4 (CLOCK_ROOT)    net (fo=240101, routed)      4.563     5.099    i_carfield/i_cheshire_wrap/i_cheshire_ext_llc_cdc_src/i_cdc_fifo_gray_src_aw/host_clk_i
    SLR Crossing[2->0]   
    SLICE_X36Y47         FDRE                                         r  i_carfield/i_cheshire_wrap/i_cheshire_ext_llc_cdc_src/i_cdc_fifo_gray_src_aw/gen_word[4].data_q_reg[4][addr][32]/C
  -------------------------------------------------------------------    -------------------
    SLICE_X36Y47         FDRE (Prop_AFF_SLICEM_C_Q)
                                                      0.077     5.176 r  i_carfield/i_cheshire_wrap/i_cheshire_ext_llc_cdc_src/i_cdc_fifo_gray_src_aw/gen_word[4].data_q_reg[4][addr][32]/Q
                         net (fo=1, routed)          23.907    29.083    i_carfield/i_cheshire_wrap/i_cheshire_ext_llc_cdc_src/i_cdc_fifo_gray_src_aw/llc_aw_data[473]
    SLICE_X37Y47         LUT6 (Prop_G6LUT_SLICEL_I5_O)
                                                      0.123    29.206 r  i_carfield/i_cheshire_wrap/i_cheshire_ext_llc_cdc_src/i_cdc_fifo_gray_src_aw/gen_spill_reg.a_data_q[addr][32]_i_3__18/O
                         net (fo=1, routed)           0.008    29.214    i_carfield/i_cheshire_wrap/i_cheshire_ext_llc_cdc_src/i_cdc_fifo_gray_src_aw/gen_spill_reg.a_data_q[addr][32]_i_3__18_n_2
    SLICE_X37Y47         MUXF7 (Prop_F7MUX_GH_SLICEL_I1_O)
                                                      0.063    29.277 r  i_carfield/i_cheshire_wrap/i_cheshire_ext_llc_cdc_src/i_cdc_fifo_gray_src_aw/gen_spill_reg.a_data_q_reg[addr][32]_i_1__8/O
                         net (fo=1, routed)           0.031    29.308    i_carfield/i_hyperbus_wrap/i_hyper_cdc_dst/i_cdc_fifo_gray_dst_aw/i_spill_register/spill_register_flushable_i/gen_spill_reg.a_data_q_reg[addr][32]_0[31]
    SLICE_X37Y47         FDCE                                         r  i_carfield/i_hyperbus_wrap/i_hyper_cdc_dst/i_cdc_fifo_gray_dst_aw/i_spill_register/spill_register_flushable_i/gen_spill_reg.a_data_q_reg[addr][32]/D
  -------------------------------------------------------------------    -------------------

                         max delay                    0.000     0.000    
    E12                  IBUFCTRL                     0.000     0.000 r  u_ibufg_sys_clk/IBUFCTRL_INST/O
                         net (fo=1, routed)           0.333     0.333    i_xlnx_clk_wiz/inst/clk_in1
    MMCM_X1Y12           MMCME4_ADV (Prop_MMCM_CLKIN1_CLKOUT3)
                                                      0.630     0.963 r  i_xlnx_clk_wiz/inst/mmcme4_adv_inst/CLKOUT3
                         net (fo=1, routed)           0.225     1.188    i_xlnx_clk_wiz/inst/clk_10_xlnx_clk_wiz
    BUFGCE_X1Y311        BUFGCE (Prop_BUFCE_BUFGCE_I_O)
                                                      0.024     1.212 r  i_xlnx_clk_wiz/inst/clkout4_buf/O
                         net (fo=64, routed)          4.140     5.352    i_carfield/gen_domain_clock_mux[0].i_clk_mux/clks_i[2]
    SLR Crossing[2->1]   
    SLICE_X118Y302       LUT5 (Prop_G6LUT_SLICEL_I1_O)
                                                      0.057     5.409 r  i_carfield/gen_domain_clock_mux[0].i_clk_mux/clk_o_INST_0/O
                         net (fo=1, routed)           0.943     6.352    i_carfield/gen_domain_clock_mux[0].i_clk_mux/clk_o
    SLR Crossing[1->0]   
    BUFGCE_X1Y84         BUFGCE (Prop_BUFCE_BUFGCE_I_O)
                                                      0.024     6.376 r  i_carfield/gen_domain_clock_mux[0].i_clk_mux/clk_o_BUFG_inst/O
                         net (fo=115, routed)         2.627     9.003    i_carfield/gen_domain_clock_mux[0].i_clk_div/clk_o
    SLR Crossing[0->1]   
    SLICE_X61Y300        LUT5 (Prop_G6LUT_SLICEL_I3_O)
                                                      0.057     9.060 r  i_carfield/gen_domain_clock_mux[0].i_clk_div/n_1_1099782_BUFG_inst_i_1/O
                         net (fo=2, routed)           0.064     9.124    i_carfield/i_hyper_clk_div/n_1_1099782_BUFG_inst_n_2
    SLICE_X61Y300        LUT5 (Prop_E6LUT_SLICEL_I3_O)
                                                      0.082     9.206 r  i_carfield/i_hyper_clk_div/hyp_clk_BUFG_inst_i_1/O
                         net (fo=1, routed)           1.527    10.733    i_carfield/hyp_clk
    SLR Crossing[1->0]   
    BUFGCE_X0Y39         BUFGCE (Prop_BUFCE_BUFGCE_I_O)
                                                      0.024    10.757 r  i_carfield/hyp_clk_BUFG_inst/O
    X1Y2 (CLOCK_ROOT)    net (fo=1287, routed)        1.698    12.455    i_carfield/i_hyperbus_wrap/i_hyper_cdc_dst/i_cdc_fifo_gray_dst_aw/i_spill_register/spill_register_flushable_i/hyp_clk_BUFG
    SLICE_X37Y47         FDCE                                         r  i_carfield/i_hyperbus_wrap/i_hyper_cdc_dst/i_cdc_fifo_gray_dst_aw/i_spill_register/spill_register_flushable_i/gen_spill_reg.a_data_q_reg[addr][32]/C
                         clock pessimism             -0.706    11.749    
                         inter-SLR compensation      -1.724    10.025    
                         clock uncertainty           -0.226     9.800    
    SLICE_X37Y47         FDCE (Setup_HFF_SLICEL_C_D)
                                                      0.025     9.825    i_carfield/i_hyperbus_wrap/i_hyper_cdc_dst/i_cdc_fifo_gray_dst_aw/i_spill_register/spill_register_flushable_i/gen_spill_reg.a_data_q_reg[addr][32]
  -------------------------------------------------------------------
                         required time                          9.825    
                         arrival time                         -29.308    
  -------------------------------------------------------------------
                         slack                                -19.483    

Slack (VIOLATED) :        -19.483ns  (required time - arrival time)
  Source:                 i_carfield/i_cheshire_wrap/i_cheshire_ext_llc_cdc_src/i_cdc_fifo_gray_src_aw/gen_word[4].data_q_reg[4][addr][32]/C
                            (rising edge-triggered cell FDRE clocked by clk_50_xlnx_clk_wiz  {rise@0.000ns fall@10.000ns period=20.000ns})
  Destination:            i_carfield/i_hyperbus_wrap/i_hyper_cdc_dst/i_cdc_fifo_gray_dst_aw/i_spill_register/spill_register_flushable_i/gen_spill_reg.a_data_q_reg[addr][32]/D
                            (rising edge-triggered cell FDCE clocked by periph_domain_clk  {rise@0.000ns fall@50.000ns period=100.000ns})
  Path Group:             periph_domain_clk
  Path Type:              Setup (Max at Slow Process Corner)
  Requirement:            0.000ns  (MaxDelay Path 0.000ns)
  Data Path Delay:        24.209ns  (logic 0.263ns (1.086%)  route 23.946ns (98.914%))
  Logic Levels:           2  (LUT6=1 MUXF7=1)
  Clock Path Skew:        6.650ns (DCD - SCD + CPR)
    Destination Clock Delay (DCD):    12.455ns
    Source Clock Delay      (SCD):    5.099ns
    Clock Pessimism Removal (CPR):    -0.706ns
  Clock Uncertainty:      0.226ns  ((TSJ^2 + DJ^2)^1/2) / 2 + PE
    Total System Jitter     (TSJ):    0.071ns
    Discrete Jitter          (DJ):    0.199ns
    Phase Error              (PE):    0.120ns
  Inter-SLR Compensation: 1.724ns  ((DCD - CCD) * PF)
    Destination Clock Delay (DCD):    12.455ns
    Common Clock Delay      (CCD):    0.963ns
    Prorating Factor         (PF):    0.150
  Clock Net Delay (Source):      4.563ns (routing 2.719ns, distribution 1.844ns)
  Clock Net Delay (Destination): 1.698ns (routing 0.617ns, distribution 1.081ns)
  Timing Exception:       MaxDelay Path 0.000ns

    Location             Delay type                Incr(ns)  Path(ns)    Netlist Resource(s)
  -------------------------------------------------------------------    -------------------
                         (clock clk_50_xlnx_clk_wiz rise edge)
                                                      0.000     0.000 r  
    E12                  IBUFCTRL                     0.000     0.000 r  u_ibufg_sys_clk/IBUFCTRL_INST/O
                         net (fo=1, routed)           0.384     0.384    i_xlnx_clk_wiz/inst/clk_in1
    MMCM_X1Y12           MMCME4_ADV (Prop_MMCM_CLKIN1_CLKOUT1)
                                                     -0.127     0.257 r  i_xlnx_clk_wiz/inst/mmcme4_adv_inst/CLKOUT1
                         net (fo=1, routed)           0.251     0.508    i_xlnx_clk_wiz/inst/clk_50_xlnx_clk_wiz
    BUFGCE_X1Y298        BUFGCE (Prop_BUFCE_BUFGCE_I_O)
                                                      0.028     0.536 r  i_xlnx_clk_wiz/inst/clkout2_buf/O
    X2Y4 (CLOCK_ROOT)    net (fo=240101, routed)      4.563     5.099    i_carfield/i_cheshire_wrap/i_cheshire_ext_llc_cdc_src/i_cdc_fifo_gray_src_aw/host_clk_i
    SLR Crossing[2->0]   
    SLICE_X36Y47         FDRE                                         r  i_carfield/i_cheshire_wrap/i_cheshire_ext_llc_cdc_src/i_cdc_fifo_gray_src_aw/gen_word[4].data_q_reg[4][addr][32]/C
  -------------------------------------------------------------------    -------------------
    SLICE_X36Y47         FDRE (Prop_AFF_SLICEM_C_Q)
                                                      0.077     5.176 f  i_carfield/i_cheshire_wrap/i_cheshire_ext_llc_cdc_src/i_cdc_fifo_gray_src_aw/gen_word[4].data_q_reg[4][addr][32]/Q
                         net (fo=1, routed)          23.907    29.083    i_carfield/i_cheshire_wrap/i_cheshire_ext_llc_cdc_src/i_cdc_fifo_gray_src_aw/llc_aw_data[473]
    SLICE_X37Y47         LUT6 (Prop_G6LUT_SLICEL_I5_O)
                                                      0.123    29.206 f  i_carfield/i_cheshire_wrap/i_cheshire_ext_llc_cdc_src/i_cdc_fifo_gray_src_aw/gen_spill_reg.a_data_q[addr][32]_i_3__18/O
                         net (fo=1, routed)           0.008    29.214    i_carfield/i_cheshire_wrap/i_cheshire_ext_llc_cdc_src/i_cdc_fifo_gray_src_aw/gen_spill_reg.a_data_q[addr][32]_i_3__18_n_2
    SLICE_X37Y47         MUXF7 (Prop_F7MUX_GH_SLICEL_I1_O)
                                                      0.063    29.277 f  i_carfield/i_cheshire_wrap/i_cheshire_ext_llc_cdc_src/i_cdc_fifo_gray_src_aw/gen_spill_reg.a_data_q_reg[addr][32]_i_1__8/O
                         net (fo=1, routed)           0.031    29.308    i_carfield/i_hyperbus_wrap/i_hyper_cdc_dst/i_cdc_fifo_gray_dst_aw/i_spill_register/spill_register_flushable_i/gen_spill_reg.a_data_q_reg[addr][32]_0[31]
    SLICE_X37Y47         FDCE                                         f  i_carfield/i_hyperbus_wrap/i_hyper_cdc_dst/i_cdc_fifo_gray_dst_aw/i_spill_register/spill_register_flushable_i/gen_spill_reg.a_data_q_reg[addr][32]/D
  -------------------------------------------------------------------    -------------------

                         max delay                    0.000     0.000    
    E12                  IBUFCTRL                     0.000     0.000 r  u_ibufg_sys_clk/IBUFCTRL_INST/O
                         net (fo=1, routed)           0.333     0.333    i_xlnx_clk_wiz/inst/clk_in1
    MMCM_X1Y12           MMCME4_ADV (Prop_MMCM_CLKIN1_CLKOUT3)
                                                      0.630     0.963 r  i_xlnx_clk_wiz/inst/mmcme4_adv_inst/CLKOUT3
                         net (fo=1, routed)           0.225     1.188    i_xlnx_clk_wiz/inst/clk_10_xlnx_clk_wiz
    BUFGCE_X1Y311        BUFGCE (Prop_BUFCE_BUFGCE_I_O)
                                                      0.024     1.212 r  i_xlnx_clk_wiz/inst/clkout4_buf/O
                         net (fo=64, routed)          4.140     5.352    i_carfield/gen_domain_clock_mux[0].i_clk_mux/clks_i[2]
    SLR Crossing[2->1]   
    SLICE_X118Y302       LUT5 (Prop_G6LUT_SLICEL_I1_O)
                                                      0.057     5.409 r  i_carfield/gen_domain_clock_mux[0].i_clk_mux/clk_o_INST_0/O
                         net (fo=1, routed)           0.943     6.352    i_carfield/gen_domain_clock_mux[0].i_clk_mux/clk_o
    SLR Crossing[1->0]   
    BUFGCE_X1Y84         BUFGCE (Prop_BUFCE_BUFGCE_I_O)
                                                      0.024     6.376 r  i_carfield/gen_domain_clock_mux[0].i_clk_mux/clk_o_BUFG_inst/O
                         net (fo=115, routed)         2.627     9.003    i_carfield/gen_domain_clock_mux[0].i_clk_div/clk_o
    SLR Crossing[0->1]   
    SLICE_X61Y300        LUT5 (Prop_G6LUT_SLICEL_I3_O)
                                                      0.057     9.060 r  i_carfield/gen_domain_clock_mux[0].i_clk_div/n_1_1099782_BUFG_inst_i_1/O
                         net (fo=2, routed)           0.064     9.124    i_carfield/i_hyper_clk_div/n_1_1099782_BUFG_inst_n_2
    SLICE_X61Y300        LUT5 (Prop_E6LUT_SLICEL_I3_O)
                                                      0.082     9.206 r  i_carfield/i_hyper_clk_div/hyp_clk_BUFG_inst_i_1/O
                         net (fo=1, routed)           1.527    10.733    i_carfield/hyp_clk
    SLR Crossing[1->0]   
    BUFGCE_X0Y39         BUFGCE (Prop_BUFCE_BUFGCE_I_O)
                                                      0.024    10.757 r  i_carfield/hyp_clk_BUFG_inst/O
    X1Y2 (CLOCK_ROOT)    net (fo=1287, routed)        1.698    12.455    i_carfield/i_hyperbus_wrap/i_hyper_cdc_dst/i_cdc_fifo_gray_dst_aw/i_spill_register/spill_register_flushable_i/hyp_clk_BUFG
    SLICE_X37Y47         FDCE                                         r  i_carfield/i_hyperbus_wrap/i_hyper_cdc_dst/i_cdc_fifo_gray_dst_aw/i_spill_register/spill_register_flushable_i/gen_spill_reg.a_data_q_reg[addr][32]/C
                         clock pessimism             -0.706    11.749    
                         inter-SLR compensation      -1.724    10.025    
                         clock uncertainty           -0.226     9.800    
    SLICE_X37Y47         FDCE (Setup_HFF_SLICEL_C_D)
                                                      0.025     9.825    i_carfield/i_hyperbus_wrap/i_hyper_cdc_dst/i_cdc_fifo_gray_dst_aw/i_spill_register/spill_register_flushable_i/gen_spill_reg.a_data_q_reg[addr][32]
  -------------------------------------------------------------------
                         required time                          9.825    
                         arrival time                         -29.308    
  -------------------------------------------------------------------
                         slack                                -19.483    

Slack (VIOLATED) :        -19.457ns  (required time - arrival time)
  Source:                 i_carfield/i_cheshire_wrap/i_cheshire_ext_llc_cdc_src/i_cdc_fifo_gray_src_ar/gen_word[0].data_q_reg[0][id][3]/C
                            (rising edge-triggered cell FDRE clocked by clk_50_xlnx_clk_wiz  {rise@0.000ns fall@10.000ns period=20.000ns})
  Destination:            i_carfield/i_hyperbus_wrap/i_hyper_cdc_dst/i_cdc_fifo_gray_dst_ar/i_spill_register/spill_register_flushable_i/gen_spill_reg.a_data_q_reg[id][3]/D
                            (rising edge-triggered cell FDCE clocked by periph_domain_clk  {rise@0.000ns fall@50.000ns period=100.000ns})
  Path Group:             periph_domain_clk
  Path Type:              Setup (Max at Slow Process Corner)
  Requirement:            0.000ns  (MaxDelay Path 0.000ns)
  Data Path Delay:        24.143ns  (logic 0.265ns (1.098%)  route 23.878ns (98.902%))
  Logic Levels:           2  (LUT6=1 MUXF7=1)
  Clock Path Skew:        6.635ns (DCD - SCD + CPR)
    Destination Clock Delay (DCD):    12.622ns
    Source Clock Delay      (SCD):    5.281ns
    Clock Pessimism Removal (CPR):    -0.706ns
  Clock Uncertainty:      0.226ns  ((TSJ^2 + DJ^2)^1/2) / 2 + PE
    Total System Jitter     (TSJ):    0.071ns
    Discrete Jitter          (DJ):    0.199ns
    Phase Error              (PE):    0.120ns
  Inter-SLR Compensation: 1.749ns  ((DCD - CCD) * PF)
    Destination Clock Delay (DCD):    12.622ns
    Common Clock Delay      (CCD):    0.963ns
    Prorating Factor         (PF):    0.150
  Clock Net Delay (Source):      4.745ns (routing 2.719ns, distribution 2.026ns)
  Clock Net Delay (Destination): 1.865ns (routing 0.617ns, distribution 1.248ns)
  Timing Exception:       MaxDelay Path 0.000ns

    Location             Delay type                Incr(ns)  Path(ns)    Netlist Resource(s)
  -------------------------------------------------------------------    -------------------
                         (clock clk_50_xlnx_clk_wiz rise edge)
                                                      0.000     0.000 r  
    E12                  IBUFCTRL                     0.000     0.000 r  u_ibufg_sys_clk/IBUFCTRL_INST/O
                         net (fo=1, routed)           0.384     0.384    i_xlnx_clk_wiz/inst/clk_in1
    MMCM_X1Y12           MMCME4_ADV (Prop_MMCM_CLKIN1_CLKOUT1)
                                                     -0.127     0.257 r  i_xlnx_clk_wiz/inst/mmcme4_adv_inst/CLKOUT1
                         net (fo=1, routed)           0.251     0.508    i_xlnx_clk_wiz/inst/clk_50_xlnx_clk_wiz
    BUFGCE_X1Y298        BUFGCE (Prop_BUFCE_BUFGCE_I_O)
                                                      0.028     0.536 r  i_xlnx_clk_wiz/inst/clkout2_buf/O
    X2Y4 (CLOCK_ROOT)    net (fo=240101, routed)      4.745     5.281    i_carfield/i_cheshire_wrap/i_cheshire_ext_llc_cdc_src/i_cdc_fifo_gray_src_ar/host_clk_i
    SLR Crossing[2->0]   
    SLICE_X4Y48          FDRE                                         r  i_carfield/i_cheshire_wrap/i_cheshire_ext_llc_cdc_src/i_cdc_fifo_gray_src_ar/gen_word[0].data_q_reg[0][id][3]/C
  -------------------------------------------------------------------    -------------------
    SLICE_X4Y48          FDRE (Prop_GFF_SLICEM_C_Q)
                                                      0.078     5.359 r  i_carfield/i_cheshire_wrap/i_cheshire_ext_llc_cdc_src/i_cdc_fifo_gray_src_ar/gen_word[0].data_q_reg[0][id][3]/Q
                         net (fo=1, routed)          23.839    29.198    i_carfield/i_cheshire_wrap/i_cheshire_ext_llc_cdc_src/i_cdc_fifo_gray_src_ar/llc_ar_data[90]
    SLICE_X5Y47          LUT6 (Prop_B6LUT_SLICEL_I5_O)
                                                      0.124    29.322 r  i_carfield/i_cheshire_wrap/i_cheshire_ext_llc_cdc_src/i_cdc_fifo_gray_src_ar/gen_spill_reg.a_data_q[id][3]_i_2__53/O
                         net (fo=1, routed)           0.009    29.331    i_carfield/i_cheshire_wrap/i_cheshire_ext_llc_cdc_src/i_cdc_fifo_gray_src_ar/gen_spill_reg.a_data_q[id][3]_i_2__53_n_2
    SLICE_X5Y47          MUXF7 (Prop_F7MUX_AB_SLICEL_I0_O)
                                                      0.063    29.394 r  i_carfield/i_cheshire_wrap/i_cheshire_ext_llc_cdc_src/i_cdc_fifo_gray_src_ar/gen_spill_reg.a_data_q_reg[id][3]_i_1__6/O
                         net (fo=1, routed)           0.030    29.424    i_carfield/i_hyperbus_wrap/i_hyper_cdc_dst/i_cdc_fifo_gray_dst_ar/i_spill_register/spill_register_flushable_i/gen_spill_reg.a_data_q_reg[id][5]_0[3]
    SLICE_X5Y47          FDCE                                         r  i_carfield/i_hyperbus_wrap/i_hyper_cdc_dst/i_cdc_fifo_gray_dst_ar/i_spill_register/spill_register_flushable_i/gen_spill_reg.a_data_q_reg[id][3]/D
  -------------------------------------------------------------------    -------------------

                         max delay                    0.000     0.000    
    E12                  IBUFCTRL                     0.000     0.000 r  u_ibufg_sys_clk/IBUFCTRL_INST/O
                         net (fo=1, routed)           0.333     0.333    i_xlnx_clk_wiz/inst/clk_in1
    MMCM_X1Y12           MMCME4_ADV (Prop_MMCM_CLKIN1_CLKOUT3)
                                                      0.630     0.963 r  i_xlnx_clk_wiz/inst/mmcme4_adv_inst/CLKOUT3
                         net (fo=1, routed)           0.225     1.188    i_xlnx_clk_wiz/inst/clk_10_xlnx_clk_wiz
    BUFGCE_X1Y311        BUFGCE (Prop_BUFCE_BUFGCE_I_O)
                                                      0.024     1.212 r  i_xlnx_clk_wiz/inst/clkout4_buf/O
                         net (fo=64, routed)          4.140     5.352    i_carfield/gen_domain_clock_mux[0].i_clk_mux/clks_i[2]
    SLR Crossing[2->1]   
    SLICE_X118Y302       LUT5 (Prop_G6LUT_SLICEL_I1_O)
                                                      0.057     5.409 r  i_carfield/gen_domain_clock_mux[0].i_clk_mux/clk_o_INST_0/O
                         net (fo=1, routed)           0.943     6.352    i_carfield/gen_domain_clock_mux[0].i_clk_mux/clk_o
    SLR Crossing[1->0]   
    BUFGCE_X1Y84         BUFGCE (Prop_BUFCE_BUFGCE_I_O)
                                                      0.024     6.376 r  i_carfield/gen_domain_clock_mux[0].i_clk_mux/clk_o_BUFG_inst/O
                         net (fo=115, routed)         2.627     9.003    i_carfield/gen_domain_clock_mux[0].i_clk_div/clk_o
    SLR Crossing[0->1]   
    SLICE_X61Y300        LUT5 (Prop_G6LUT_SLICEL_I3_O)
                                                      0.057     9.060 r  i_carfield/gen_domain_clock_mux[0].i_clk_div/n_1_1099782_BUFG_inst_i_1/O
                         net (fo=2, routed)           0.064     9.124    i_carfield/i_hyper_clk_div/n_1_1099782_BUFG_inst_n_2
    SLICE_X61Y300        LUT5 (Prop_E6LUT_SLICEL_I3_O)
                                                      0.082     9.206 r  i_carfield/i_hyper_clk_div/hyp_clk_BUFG_inst_i_1/O
                         net (fo=1, routed)           1.527    10.733    i_carfield/hyp_clk
    SLR Crossing[1->0]   
    BUFGCE_X0Y39         BUFGCE (Prop_BUFCE_BUFGCE_I_O)
                                                      0.024    10.757 r  i_carfield/hyp_clk_BUFG_inst/O
    X1Y2 (CLOCK_ROOT)    net (fo=1287, routed)        1.865    12.622    i_carfield/i_hyperbus_wrap/i_hyper_cdc_dst/i_cdc_fifo_gray_dst_ar/i_spill_register/spill_register_flushable_i/hyp_clk_BUFG
    SLICE_X5Y47          FDCE                                         r  i_carfield/i_hyperbus_wrap/i_hyper_cdc_dst/i_cdc_fifo_gray_dst_ar/i_spill_register/spill_register_flushable_i/gen_spill_reg.a_data_q_reg[id][3]/C
                         clock pessimism             -0.706    11.916    
                         inter-SLR compensation      -1.749    10.167    
                         clock uncertainty           -0.226     9.942    
    SLICE_X5Y47          FDCE (Setup_BFF_SLICEL_C_D)
                                                      0.025     9.967    i_carfield/i_hyperbus_wrap/i_hyper_cdc_dst/i_cdc_fifo_gray_dst_ar/i_spill_register/spill_register_flushable_i/gen_spill_reg.a_data_q_reg[id][3]
  -------------------------------------------------------------------
                         required time                          9.967    
                         arrival time                         -29.424    
  -------------------------------------------------------------------
                         slack                                -19.457    

Slack (VIOLATED) :        -19.457ns  (required time - arrival time)
  Source:                 i_carfield/i_cheshire_wrap/i_cheshire_ext_llc_cdc_src/i_cdc_fifo_gray_src_ar/gen_word[0].data_q_reg[0][id][3]/C
                            (rising edge-triggered cell FDRE clocked by clk_50_xlnx_clk_wiz  {rise@0.000ns fall@10.000ns period=20.000ns})
  Destination:            i_carfield/i_hyperbus_wrap/i_hyper_cdc_dst/i_cdc_fifo_gray_dst_ar/i_spill_register/spill_register_flushable_i/gen_spill_reg.a_data_q_reg[id][3]/D
                            (rising edge-triggered cell FDCE clocked by periph_domain_clk  {rise@0.000ns fall@50.000ns period=100.000ns})
  Path Group:             periph_domain_clk
  Path Type:              Setup (Max at Slow Process Corner)
  Requirement:            0.000ns  (MaxDelay Path 0.000ns)
  Data Path Delay:        24.143ns  (logic 0.265ns (1.098%)  route 23.878ns (98.902%))
  Logic Levels:           2  (LUT6=1 MUXF7=1)
  Clock Path Skew:        6.635ns (DCD - SCD + CPR)
    Destination Clock Delay (DCD):    12.622ns
    Source Clock Delay      (SCD):    5.281ns
    Clock Pessimism Removal (CPR):    -0.706ns
  Clock Uncertainty:      0.226ns  ((TSJ^2 + DJ^2)^1/2) / 2 + PE
    Total System Jitter     (TSJ):    0.071ns
    Discrete Jitter          (DJ):    0.199ns
    Phase Error              (PE):    0.120ns
  Inter-SLR Compensation: 1.749ns  ((DCD - CCD) * PF)
    Destination Clock Delay (DCD):    12.622ns
    Common Clock Delay      (CCD):    0.963ns
    Prorating Factor         (PF):    0.150
  Clock Net Delay (Source):      4.745ns (routing 2.719ns, distribution 2.026ns)
  Clock Net Delay (Destination): 1.865ns (routing 0.617ns, distribution 1.248ns)
  Timing Exception:       MaxDelay Path 0.000ns

    Location             Delay type                Incr(ns)  Path(ns)    Netlist Resource(s)
  -------------------------------------------------------------------    -------------------
                         (clock clk_50_xlnx_clk_wiz rise edge)
                                                      0.000     0.000 r  
    E12                  IBUFCTRL                     0.000     0.000 r  u_ibufg_sys_clk/IBUFCTRL_INST/O
                         net (fo=1, routed)           0.384     0.384    i_xlnx_clk_wiz/inst/clk_in1
    MMCM_X1Y12           MMCME4_ADV (Prop_MMCM_CLKIN1_CLKOUT1)
                                                     -0.127     0.257 r  i_xlnx_clk_wiz/inst/mmcme4_adv_inst/CLKOUT1
                         net (fo=1, routed)           0.251     0.508    i_xlnx_clk_wiz/inst/clk_50_xlnx_clk_wiz
    BUFGCE_X1Y298        BUFGCE (Prop_BUFCE_BUFGCE_I_O)
                                                      0.028     0.536 r  i_xlnx_clk_wiz/inst/clkout2_buf/O
    X2Y4 (CLOCK_ROOT)    net (fo=240101, routed)      4.745     5.281    i_carfield/i_cheshire_wrap/i_cheshire_ext_llc_cdc_src/i_cdc_fifo_gray_src_ar/host_clk_i
    SLR Crossing[2->0]   
    SLICE_X4Y48          FDRE                                         r  i_carfield/i_cheshire_wrap/i_cheshire_ext_llc_cdc_src/i_cdc_fifo_gray_src_ar/gen_word[0].data_q_reg[0][id][3]/C
  -------------------------------------------------------------------    -------------------
    SLICE_X4Y48          FDRE (Prop_GFF_SLICEM_C_Q)
                                                      0.078     5.359 f  i_carfield/i_cheshire_wrap/i_cheshire_ext_llc_cdc_src/i_cdc_fifo_gray_src_ar/gen_word[0].data_q_reg[0][id][3]/Q
                         net (fo=1, routed)          23.839    29.198    i_carfield/i_cheshire_wrap/i_cheshire_ext_llc_cdc_src/i_cdc_fifo_gray_src_ar/llc_ar_data[90]
    SLICE_X5Y47          LUT6 (Prop_B6LUT_SLICEL_I5_O)
                                                      0.124    29.322 f  i_carfield/i_cheshire_wrap/i_cheshire_ext_llc_cdc_src/i_cdc_fifo_gray_src_ar/gen_spill_reg.a_data_q[id][3]_i_2__53/O
                         net (fo=1, routed)           0.009    29.331    i_carfield/i_cheshire_wrap/i_cheshire_ext_llc_cdc_src/i_cdc_fifo_gray_src_ar/gen_spill_reg.a_data_q[id][3]_i_2__53_n_2
    SLICE_X5Y47          MUXF7 (Prop_F7MUX_AB_SLICEL_I0_O)
                                                      0.063    29.394 f  i_carfield/i_cheshire_wrap/i_cheshire_ext_llc_cdc_src/i_cdc_fifo_gray_src_ar/gen_spill_reg.a_data_q_reg[id][3]_i_1__6/O
                         net (fo=1, routed)           0.030    29.424    i_carfield/i_hyperbus_wrap/i_hyper_cdc_dst/i_cdc_fifo_gray_dst_ar/i_spill_register/spill_register_flushable_i/gen_spill_reg.a_data_q_reg[id][5]_0[3]
    SLICE_X5Y47          FDCE                                         f  i_carfield/i_hyperbus_wrap/i_hyper_cdc_dst/i_cdc_fifo_gray_dst_ar/i_spill_register/spill_register_flushable_i/gen_spill_reg.a_data_q_reg[id][3]/D
  -------------------------------------------------------------------    -------------------

                         max delay                    0.000     0.000    
    E12                  IBUFCTRL                     0.000     0.000 r  u_ibufg_sys_clk/IBUFCTRL_INST/O
                         net (fo=1, routed)           0.333     0.333    i_xlnx_clk_wiz/inst/clk_in1
    MMCM_X1Y12           MMCME4_ADV (Prop_MMCM_CLKIN1_CLKOUT3)
                                                      0.630     0.963 r  i_xlnx_clk_wiz/inst/mmcme4_adv_inst/CLKOUT3
                         net (fo=1, routed)           0.225     1.188    i_xlnx_clk_wiz/inst/clk_10_xlnx_clk_wiz
    BUFGCE_X1Y311        BUFGCE (Prop_BUFCE_BUFGCE_I_O)
                                                      0.024     1.212 r  i_xlnx_clk_wiz/inst/clkout4_buf/O
                         net (fo=64, routed)          4.140     5.352    i_carfield/gen_domain_clock_mux[0].i_clk_mux/clks_i[2]
    SLR Crossing[2->1]   
    SLICE_X118Y302       LUT5 (Prop_G6LUT_SLICEL_I1_O)
                                                      0.057     5.409 r  i_carfield/gen_domain_clock_mux[0].i_clk_mux/clk_o_INST_0/O
                         net (fo=1, routed)           0.943     6.352    i_carfield/gen_domain_clock_mux[0].i_clk_mux/clk_o
    SLR Crossing[1->0]   
    BUFGCE_X1Y84         BUFGCE (Prop_BUFCE_BUFGCE_I_O)
                                                      0.024     6.376 r  i_carfield/gen_domain_clock_mux[0].i_clk_mux/clk_o_BUFG_inst/O
                         net (fo=115, routed)         2.627     9.003    i_carfield/gen_domain_clock_mux[0].i_clk_div/clk_o
    SLR Crossing[0->1]   
    SLICE_X61Y300        LUT5 (Prop_G6LUT_SLICEL_I3_O)
                                                      0.057     9.060 r  i_carfield/gen_domain_clock_mux[0].i_clk_div/n_1_1099782_BUFG_inst_i_1/O
                         net (fo=2, routed)           0.064     9.124    i_carfield/i_hyper_clk_div/n_1_1099782_BUFG_inst_n_2
    SLICE_X61Y300        LUT5 (Prop_E6LUT_SLICEL_I3_O)
                                                      0.082     9.206 r  i_carfield/i_hyper_clk_div/hyp_clk_BUFG_inst_i_1/O
                         net (fo=1, routed)           1.527    10.733    i_carfield/hyp_clk
    SLR Crossing[1->0]   
    BUFGCE_X0Y39         BUFGCE (Prop_BUFCE_BUFGCE_I_O)
                                                      0.024    10.757 r  i_carfield/hyp_clk_BUFG_inst/O
    X1Y2 (CLOCK_ROOT)    net (fo=1287, routed)        1.865    12.622    i_carfield/i_hyperbus_wrap/i_hyper_cdc_dst/i_cdc_fifo_gray_dst_ar/i_spill_register/spill_register_flushable_i/hyp_clk_BUFG
    SLICE_X5Y47          FDCE                                         r  i_carfield/i_hyperbus_wrap/i_hyper_cdc_dst/i_cdc_fifo_gray_dst_ar/i_spill_register/spill_register_flushable_i/gen_spill_reg.a_data_q_reg[id][3]/C
                         clock pessimism             -0.706    11.916    
                         inter-SLR compensation      -1.749    10.167    
                         clock uncertainty           -0.226     9.942    
    SLICE_X5Y47          FDCE (Setup_BFF_SLICEL_C_D)
                                                      0.025     9.967    i_carfield/i_hyperbus_wrap/i_hyper_cdc_dst/i_cdc_fifo_gray_dst_ar/i_spill_register/spill_register_flushable_i/gen_spill_reg.a_data_q_reg[id][3]
  -------------------------------------------------------------------
                         required time                          9.967    
                         arrival time                         -29.424    
  -------------------------------------------------------------------
                         slack                                -19.457    

Slack (VIOLATED) :        -19.443ns  (required time - arrival time)
  Source:                 i_carfield/i_cheshire_wrap/i_cheshire_ext_llc_cdc_src/i_cdc_fifo_gray_src_aw/gen_word[1].data_q_reg[1][addr][1]/C
                            (rising edge-triggered cell FDRE clocked by clk_50_xlnx_clk_wiz  {rise@0.000ns fall@10.000ns period=20.000ns})
  Destination:            i_carfield/i_hyperbus_wrap/i_hyper_cdc_dst/i_cdc_fifo_gray_dst_aw/i_spill_register/spill_register_flushable_i/gen_spill_reg.a_data_q_reg[addr][1]/D
                            (rising edge-triggered cell FDCE clocked by periph_domain_clk  {rise@0.000ns fall@50.000ns period=100.000ns})
  Path Group:             periph_domain_clk
  Path Type:              Setup (Max at Slow Process Corner)
  Requirement:            0.000ns  (MaxDelay Path 0.000ns)
  Data Path Delay:        24.194ns  (logic 0.196ns (0.810%)  route 23.998ns (99.190%))
  Logic Levels:           2  (LUT6=1 MUXF7=1)
  Clock Path Skew:        6.675ns (DCD - SCD + CPR)
    Destination Clock Delay (DCD):    12.451ns
    Source Clock Delay      (SCD):    5.070ns
    Clock Pessimism Removal (CPR):    -0.706ns
  Clock Uncertainty:      0.226ns  ((TSJ^2 + DJ^2)^1/2) / 2 + PE
    Total System Jitter     (TSJ):    0.071ns
    Discrete Jitter          (DJ):    0.199ns
    Phase Error              (PE):    0.120ns
  Inter-SLR Compensation: 1.723ns  ((DCD - CCD) * PF)
    Destination Clock Delay (DCD):    12.451ns
    Common Clock Delay      (CCD):    0.963ns
    Prorating Factor         (PF):    0.150
  Clock Net Delay (Source):      4.534ns (routing 2.719ns, distribution 1.815ns)
  Clock Net Delay (Destination): 1.694ns (routing 0.617ns, distribution 1.077ns)
  Timing Exception:       MaxDelay Path 0.000ns

    Location             Delay type                Incr(ns)  Path(ns)    Netlist Resource(s)
  -------------------------------------------------------------------    -------------------
                         (clock clk_50_xlnx_clk_wiz rise edge)
                                                      0.000     0.000 r  
    E12                  IBUFCTRL                     0.000     0.000 r  u_ibufg_sys_clk/IBUFCTRL_INST/O
                         net (fo=1, routed)           0.384     0.384    i_xlnx_clk_wiz/inst/clk_in1
    MMCM_X1Y12           MMCME4_ADV (Prop_MMCM_CLKIN1_CLKOUT1)
                                                     -0.127     0.257 r  i_xlnx_clk_wiz/inst/mmcme4_adv_inst/CLKOUT1
                         net (fo=1, routed)           0.251     0.508    i_xlnx_clk_wiz/inst/clk_50_xlnx_clk_wiz
    BUFGCE_X1Y298        BUFGCE (Prop_BUFCE_BUFGCE_I_O)
                                                      0.028     0.536 r  i_xlnx_clk_wiz/inst/clkout2_buf/O
    X2Y4 (CLOCK_ROOT)    net (fo=240101, routed)      4.534     5.070    i_carfield/i_cheshire_wrap/i_cheshire_ext_llc_cdc_src/i_cdc_fifo_gray_src_aw/host_clk_i
    SLR Crossing[2->0]   
    SLICE_X39Y57         FDRE                                         r  i_carfield/i_cheshire_wrap/i_cheshire_ext_llc_cdc_src/i_cdc_fifo_gray_src_aw/gen_word[1].data_q_reg[1][addr][1]/C
  -------------------------------------------------------------------    -------------------
    SLICE_X39Y57         FDRE (Prop_AFF2_SLICEL_C_Q)
                                                      0.081     5.151 r  i_carfield/i_cheshire_wrap/i_cheshire_ext_llc_cdc_src/i_cdc_fifo_gray_src_aw/gen_word[1].data_q_reg[1][addr][1]/Q
                         net (fo=1, routed)          23.957    29.108    i_carfield/i_cheshire_wrap/i_cheshire_ext_llc_cdc_src/i_cdc_fifo_gray_src_aw/llc_aw_data[145]
    SLICE_X41Y58         LUT6 (Prop_H6LUT_SLICEL_I3_O)
                                                      0.051    29.159 r  i_carfield/i_cheshire_wrap/i_cheshire_ext_llc_cdc_src/i_cdc_fifo_gray_src_aw/gen_spill_reg.a_data_q[addr][1]_i_2__52/O
                         net (fo=1, routed)           0.010    29.169    i_carfield/i_cheshire_wrap/i_cheshire_ext_llc_cdc_src/i_cdc_fifo_gray_src_aw/gen_spill_reg.a_data_q[addr][1]_i_2__52_n_2
    SLICE_X41Y58         MUXF7 (Prop_F7MUX_GH_SLICEL_I0_O)
                                                      0.064    29.233 r  i_carfield/i_cheshire_wrap/i_cheshire_ext_llc_cdc_src/i_cdc_fifo_gray_src_aw/gen_spill_reg.a_data_q_reg[addr][1]_i_1__9/O
                         net (fo=1, routed)           0.031    29.264    i_carfield/i_hyperbus_wrap/i_hyper_cdc_dst/i_cdc_fifo_gray_dst_aw/i_spill_register/spill_register_flushable_i/gen_spill_reg.a_data_q_reg[addr][32]_0[1]
    SLICE_X41Y58         FDCE                                         r  i_carfield/i_hyperbus_wrap/i_hyper_cdc_dst/i_cdc_fifo_gray_dst_aw/i_spill_register/spill_register_flushable_i/gen_spill_reg.a_data_q_reg[addr][1]/D
  -------------------------------------------------------------------    -------------------

                         max delay                    0.000     0.000    
    E12                  IBUFCTRL                     0.000     0.000 r  u_ibufg_sys_clk/IBUFCTRL_INST/O
                         net (fo=1, routed)           0.333     0.333    i_xlnx_clk_wiz/inst/clk_in1
    MMCM_X1Y12           MMCME4_ADV (Prop_MMCM_CLKIN1_CLKOUT3)
                                                      0.630     0.963 r  i_xlnx_clk_wiz/inst/mmcme4_adv_inst/CLKOUT3
                         net (fo=1, routed)           0.225     1.188    i_xlnx_clk_wiz/inst/clk_10_xlnx_clk_wiz
    BUFGCE_X1Y311        BUFGCE (Prop_BUFCE_BUFGCE_I_O)
                                                      0.024     1.212 r  i_xlnx_clk_wiz/inst/clkout4_buf/O
                         net (fo=64, routed)          4.140     5.352    i_carfield/gen_domain_clock_mux[0].i_clk_mux/clks_i[2]
    SLR Crossing[2->1]   
    SLICE_X118Y302       LUT5 (Prop_G6LUT_SLICEL_I1_O)
                                                      0.057     5.409 r  i_carfield/gen_domain_clock_mux[0].i_clk_mux/clk_o_INST_0/O
                         net (fo=1, routed)           0.943     6.352    i_carfield/gen_domain_clock_mux[0].i_clk_mux/clk_o
    SLR Crossing[1->0]   
    BUFGCE_X1Y84         BUFGCE (Prop_BUFCE_BUFGCE_I_O)
                                                      0.024     6.376 r  i_carfield/gen_domain_clock_mux[0].i_clk_mux/clk_o_BUFG_inst/O
                         net (fo=115, routed)         2.627     9.003    i_carfield/gen_domain_clock_mux[0].i_clk_div/clk_o
    SLR Crossing[0->1]   
    SLICE_X61Y300        LUT5 (Prop_G6LUT_SLICEL_I3_O)
                                                      0.057     9.060 r  i_carfield/gen_domain_clock_mux[0].i_clk_div/n_1_1099782_BUFG_inst_i_1/O
                         net (fo=2, routed)           0.064     9.124    i_carfield/i_hyper_clk_div/n_1_1099782_BUFG_inst_n_2
    SLICE_X61Y300        LUT5 (Prop_E6LUT_SLICEL_I3_O)
                                                      0.082     9.206 r  i_carfield/i_hyper_clk_div/hyp_clk_BUFG_inst_i_1/O
                         net (fo=1, routed)           1.527    10.733    i_carfield/hyp_clk
    SLR Crossing[1->0]   
    BUFGCE_X0Y39         BUFGCE (Prop_BUFCE_BUFGCE_I_O)
                                                      0.024    10.757 r  i_carfield/hyp_clk_BUFG_inst/O
    X1Y2 (CLOCK_ROOT)    net (fo=1287, routed)        1.694    12.451    i_carfield/i_hyperbus_wrap/i_hyper_cdc_dst/i_cdc_fifo_gray_dst_aw/i_spill_register/spill_register_flushable_i/hyp_clk_BUFG
    SLICE_X41Y58         FDCE                                         r  i_carfield/i_hyperbus_wrap/i_hyper_cdc_dst/i_cdc_fifo_gray_dst_aw/i_spill_register/spill_register_flushable_i/gen_spill_reg.a_data_q_reg[addr][1]/C
                         clock pessimism             -0.706    11.745    
                         inter-SLR compensation      -1.723    10.022    
                         clock uncertainty           -0.226     9.796    
    SLICE_X41Y58         FDCE (Setup_HFF_SLICEL_C_D)
                                                      0.025     9.821    i_carfield/i_hyperbus_wrap/i_hyper_cdc_dst/i_cdc_fifo_gray_dst_aw/i_spill_register/spill_register_flushable_i/gen_spill_reg.a_data_q_reg[addr][1]
  -------------------------------------------------------------------
                         required time                          9.821    
                         arrival time                         -29.264    
  -------------------------------------------------------------------
                         slack                                -19.443    

Slack (VIOLATED) :        -19.443ns  (required time - arrival time)
  Source:                 i_carfield/i_cheshire_wrap/i_cheshire_ext_llc_cdc_src/i_cdc_fifo_gray_src_aw/gen_word[1].data_q_reg[1][addr][1]/C
                            (rising edge-triggered cell FDRE clocked by clk_50_xlnx_clk_wiz  {rise@0.000ns fall@10.000ns period=20.000ns})
  Destination:            i_carfield/i_hyperbus_wrap/i_hyper_cdc_dst/i_cdc_fifo_gray_dst_aw/i_spill_register/spill_register_flushable_i/gen_spill_reg.a_data_q_reg[addr][1]/D
                            (rising edge-triggered cell FDCE clocked by periph_domain_clk  {rise@0.000ns fall@50.000ns period=100.000ns})
  Path Group:             periph_domain_clk
  Path Type:              Setup (Max at Slow Process Corner)
  Requirement:            0.000ns  (MaxDelay Path 0.000ns)
  Data Path Delay:        24.194ns  (logic 0.196ns (0.810%)  route 23.998ns (99.190%))
  Logic Levels:           2  (LUT6=1 MUXF7=1)
  Clock Path Skew:        6.675ns (DCD - SCD + CPR)
    Destination Clock Delay (DCD):    12.451ns
    Source Clock Delay      (SCD):    5.070ns
    Clock Pessimism Removal (CPR):    -0.706ns
  Clock Uncertainty:      0.226ns  ((TSJ^2 + DJ^2)^1/2) / 2 + PE
    Total System Jitter     (TSJ):    0.071ns
    Discrete Jitter          (DJ):    0.199ns
    Phase Error              (PE):    0.120ns
  Inter-SLR Compensation: 1.723ns  ((DCD - CCD) * PF)
    Destination Clock Delay (DCD):    12.451ns
    Common Clock Delay      (CCD):    0.963ns
    Prorating Factor         (PF):    0.150
  Clock Net Delay (Source):      4.534ns (routing 2.719ns, distribution 1.815ns)
  Clock Net Delay (Destination): 1.694ns (routing 0.617ns, distribution 1.077ns)
  Timing Exception:       MaxDelay Path 0.000ns

    Location             Delay type                Incr(ns)  Path(ns)    Netlist Resource(s)
  -------------------------------------------------------------------    -------------------
                         (clock clk_50_xlnx_clk_wiz rise edge)
                                                      0.000     0.000 r  
    E12                  IBUFCTRL                     0.000     0.000 r  u_ibufg_sys_clk/IBUFCTRL_INST/O
                         net (fo=1, routed)           0.384     0.384    i_xlnx_clk_wiz/inst/clk_in1
    MMCM_X1Y12           MMCME4_ADV (Prop_MMCM_CLKIN1_CLKOUT1)
                                                     -0.127     0.257 r  i_xlnx_clk_wiz/inst/mmcme4_adv_inst/CLKOUT1
                         net (fo=1, routed)           0.251     0.508    i_xlnx_clk_wiz/inst/clk_50_xlnx_clk_wiz
    BUFGCE_X1Y298        BUFGCE (Prop_BUFCE_BUFGCE_I_O)
                                                      0.028     0.536 r  i_xlnx_clk_wiz/inst/clkout2_buf/O
    X2Y4 (CLOCK_ROOT)    net (fo=240101, routed)      4.534     5.070    i_carfield/i_cheshire_wrap/i_cheshire_ext_llc_cdc_src/i_cdc_fifo_gray_src_aw/host_clk_i
    SLR Crossing[2->0]   
    SLICE_X39Y57         FDRE                                         r  i_carfield/i_cheshire_wrap/i_cheshire_ext_llc_cdc_src/i_cdc_fifo_gray_src_aw/gen_word[1].data_q_reg[1][addr][1]/C
  -------------------------------------------------------------------    -------------------
    SLICE_X39Y57         FDRE (Prop_AFF2_SLICEL_C_Q)
                                                      0.081     5.151 f  i_carfield/i_cheshire_wrap/i_cheshire_ext_llc_cdc_src/i_cdc_fifo_gray_src_aw/gen_word[1].data_q_reg[1][addr][1]/Q
                         net (fo=1, routed)          23.957    29.108    i_carfield/i_cheshire_wrap/i_cheshire_ext_llc_cdc_src/i_cdc_fifo_gray_src_aw/llc_aw_data[145]
    SLICE_X41Y58         LUT6 (Prop_H6LUT_SLICEL_I3_O)
                                                      0.051    29.159 f  i_carfield/i_cheshire_wrap/i_cheshire_ext_llc_cdc_src/i_cdc_fifo_gray_src_aw/gen_spill_reg.a_data_q[addr][1]_i_2__52/O
                         net (fo=1, routed)           0.010    29.169    i_carfield/i_cheshire_wrap/i_cheshire_ext_llc_cdc_src/i_cdc_fifo_gray_src_aw/gen_spill_reg.a_data_q[addr][1]_i_2__52_n_2
    SLICE_X41Y58         MUXF7 (Prop_F7MUX_GH_SLICEL_I0_O)
                                                      0.064    29.233 f  i_carfield/i_cheshire_wrap/i_cheshire_ext_llc_cdc_src/i_cdc_fifo_gray_src_aw/gen_spill_reg.a_data_q_reg[addr][1]_i_1__9/O
                         net (fo=1, routed)           0.031    29.264    i_carfield/i_hyperbus_wrap/i_hyper_cdc_dst/i_cdc_fifo_gray_dst_aw/i_spill_register/spill_register_flushable_i/gen_spill_reg.a_data_q_reg[addr][32]_0[1]
    SLICE_X41Y58         FDCE                                         f  i_carfield/i_hyperbus_wrap/i_hyper_cdc_dst/i_cdc_fifo_gray_dst_aw/i_spill_register/spill_register_flushable_i/gen_spill_reg.a_data_q_reg[addr][1]/D
  -------------------------------------------------------------------    -------------------

                         max delay                    0.000     0.000    
    E12                  IBUFCTRL                     0.000     0.000 r  u_ibufg_sys_clk/IBUFCTRL_INST/O
                         net (fo=1, routed)           0.333     0.333    i_xlnx_clk_wiz/inst/clk_in1
    MMCM_X1Y12           MMCME4_ADV (Prop_MMCM_CLKIN1_CLKOUT3)
                                                      0.630     0.963 r  i_xlnx_clk_wiz/inst/mmcme4_adv_inst/CLKOUT3
                         net (fo=1, routed)           0.225     1.188    i_xlnx_clk_wiz/inst/clk_10_xlnx_clk_wiz
    BUFGCE_X1Y311        BUFGCE (Prop_BUFCE_BUFGCE_I_O)
                                                      0.024     1.212 r  i_xlnx_clk_wiz/inst/clkout4_buf/O
                         net (fo=64, routed)          4.140     5.352    i_carfield/gen_domain_clock_mux[0].i_clk_mux/clks_i[2]
    SLR Crossing[2->1]   
    SLICE_X118Y302       LUT5 (Prop_G6LUT_SLICEL_I1_O)
                                                      0.057     5.409 r  i_carfield/gen_domain_clock_mux[0].i_clk_mux/clk_o_INST_0/O
                         net (fo=1, routed)           0.943     6.352    i_carfield/gen_domain_clock_mux[0].i_clk_mux/clk_o
    SLR Crossing[1->0]   
    BUFGCE_X1Y84         BUFGCE (Prop_BUFCE_BUFGCE_I_O)
                                                      0.024     6.376 r  i_carfield/gen_domain_clock_mux[0].i_clk_mux/clk_o_BUFG_inst/O
                         net (fo=115, routed)         2.627     9.003    i_carfield/gen_domain_clock_mux[0].i_clk_div/clk_o
    SLR Crossing[0->1]   
    SLICE_X61Y300        LUT5 (Prop_G6LUT_SLICEL_I3_O)
                                                      0.057     9.060 r  i_carfield/gen_domain_clock_mux[0].i_clk_div/n_1_1099782_BUFG_inst_i_1/O
                         net (fo=2, routed)           0.064     9.124    i_carfield/i_hyper_clk_div/n_1_1099782_BUFG_inst_n_2
    SLICE_X61Y300        LUT5 (Prop_E6LUT_SLICEL_I3_O)
                                                      0.082     9.206 r  i_carfield/i_hyper_clk_div/hyp_clk_BUFG_inst_i_1/O
                         net (fo=1, routed)           1.527    10.733    i_carfield/hyp_clk
    SLR Crossing[1->0]   
    BUFGCE_X0Y39         BUFGCE (Prop_BUFCE_BUFGCE_I_O)
                                                      0.024    10.757 r  i_carfield/hyp_clk_BUFG_inst/O
    X1Y2 (CLOCK_ROOT)    net (fo=1287, routed)        1.694    12.451    i_carfield/i_hyperbus_wrap/i_hyper_cdc_dst/i_cdc_fifo_gray_dst_aw/i_spill_register/spill_register_flushable_i/hyp_clk_BUFG
    SLICE_X41Y58         FDCE                                         r  i_carfield/i_hyperbus_wrap/i_hyper_cdc_dst/i_cdc_fifo_gray_dst_aw/i_spill_register/spill_register_flushable_i/gen_spill_reg.a_data_q_reg[addr][1]/C
                         clock pessimism             -0.706    11.745    
                         inter-SLR compensation      -1.723    10.022    
                         clock uncertainty           -0.226     9.796    
    SLICE_X41Y58         FDCE (Setup_HFF_SLICEL_C_D)
                                                      0.025     9.821    i_carfield/i_hyperbus_wrap/i_hyper_cdc_dst/i_cdc_fifo_gray_dst_aw/i_spill_register/spill_register_flushable_i/gen_spill_reg.a_data_q_reg[addr][1]
  -------------------------------------------------------------------
                         required time                          9.821    
                         arrival time                         -29.264    
  -------------------------------------------------------------------
                         slack                                -19.443    

Slack (VIOLATED) :        -19.416ns  (required time - arrival time)
  Source:                 i_carfield/i_cheshire_wrap/i_cheshire_ext_llc_cdc_src/i_cdc_fifo_gray_src_ar/gen_word[4].data_q_reg[4][addr][12]/C
                            (rising edge-triggered cell FDRE clocked by clk_50_xlnx_clk_wiz  {rise@0.000ns fall@10.000ns period=20.000ns})
  Destination:            i_carfield/i_hyperbus_wrap/i_hyper_cdc_dst/i_cdc_fifo_gray_dst_ar/i_spill_register/spill_register_flushable_i/gen_spill_reg.a_data_q_reg[addr][12]/D
                            (rising edge-triggered cell FDCE clocked by periph_domain_clk  {rise@0.000ns fall@50.000ns period=100.000ns})
  Path Group:             periph_domain_clk
  Path Type:              Setup (Max at Slow Process Corner)
  Requirement:            0.000ns  (MaxDelay Path 0.000ns)
  Data Path Delay:        24.152ns  (logic 0.292ns (1.209%)  route 23.860ns (98.791%))
  Logic Levels:           2  (LUT6=1 MUXF7=1)
  Clock Path Skew:        6.684ns (DCD - SCD + CPR)
    Destination Clock Delay (DCD):    12.615ns
    Source Clock Delay      (SCD):    5.225ns
    Clock Pessimism Removal (CPR):    -0.706ns
  Clock Uncertainty:      0.226ns  ((TSJ^2 + DJ^2)^1/2) / 2 + PE
    Total System Jitter     (TSJ):    0.071ns
    Discrete Jitter          (DJ):    0.199ns
    Phase Error              (PE):    0.120ns
  Inter-SLR Compensation: 1.748ns  ((DCD - CCD) * PF)
    Destination Clock Delay (DCD):    12.615ns
    Common Clock Delay      (CCD):    0.963ns
    Prorating Factor         (PF):    0.150
  Clock Net Delay (Source):      4.689ns (routing 2.719ns, distribution 1.970ns)
  Clock Net Delay (Destination): 1.858ns (routing 0.617ns, distribution 1.241ns)
  Timing Exception:       MaxDelay Path 0.000ns

    Location             Delay type                Incr(ns)  Path(ns)    Netlist Resource(s)
  -------------------------------------------------------------------    -------------------
                         (clock clk_50_xlnx_clk_wiz rise edge)
                                                      0.000     0.000 r  
    E12                  IBUFCTRL                     0.000     0.000 r  u_ibufg_sys_clk/IBUFCTRL_INST/O
                         net (fo=1, routed)           0.384     0.384    i_xlnx_clk_wiz/inst/clk_in1
    MMCM_X1Y12           MMCME4_ADV (Prop_MMCM_CLKIN1_CLKOUT1)
                                                     -0.127     0.257 r  i_xlnx_clk_wiz/inst/mmcme4_adv_inst/CLKOUT1
                         net (fo=1, routed)           0.251     0.508    i_xlnx_clk_wiz/inst/clk_50_xlnx_clk_wiz
    BUFGCE_X1Y298        BUFGCE (Prop_BUFCE_BUFGCE_I_O)
                                                      0.028     0.536 r  i_xlnx_clk_wiz/inst/clkout2_buf/O
    X2Y4 (CLOCK_ROOT)    net (fo=240101, routed)      4.689     5.225    i_carfield/i_cheshire_wrap/i_cheshire_ext_llc_cdc_src/i_cdc_fifo_gray_src_ar/host_clk_i
    SLR Crossing[2->0]   
    SLICE_X10Y44         FDRE                                         r  i_carfield/i_cheshire_wrap/i_cheshire_ext_llc_cdc_src/i_cdc_fifo_gray_src_ar/gen_word[4].data_q_reg[4][addr][12]/C
  -------------------------------------------------------------------    -------------------
    SLICE_X10Y44         FDRE (Prop_AFF_SLICEL_C_Q)
                                                      0.079     5.304 r  i_carfield/i_cheshire_wrap/i_cheshire_ext_llc_cdc_src/i_cdc_fifo_gray_src_ar/gen_word[4].data_q_reg[4][addr][12]/Q
                         net (fo=1, routed)          23.807    29.111    i_carfield/i_cheshire_wrap/i_cheshire_ext_llc_cdc_src/i_cdc_fifo_gray_src_ar/llc_ar_data[423]
    SLICE_X11Y49         LUT6 (Prop_C6LUT_SLICEM_I5_O)
                                                      0.145    29.256 r  i_carfield/i_cheshire_wrap/i_cheshire_ext_llc_cdc_src/i_cdc_fifo_gray_src_ar/gen_spill_reg.a_data_q[addr][12]_i_3__23/O
                         net (fo=1, routed)           0.021    29.277    i_carfield/i_cheshire_wrap/i_cheshire_ext_llc_cdc_src/i_cdc_fifo_gray_src_ar/gen_spill_reg.a_data_q[addr][12]_i_3__23_n_2
    SLICE_X11Y49         MUXF7 (Prop_F7MUX_CD_SLICEM_I1_O)
                                                      0.068    29.345 r  i_carfield/i_cheshire_wrap/i_cheshire_ext_llc_cdc_src/i_cdc_fifo_gray_src_ar/gen_spill_reg.a_data_q_reg[addr][12]_i_1__11/O
                         net (fo=1, routed)           0.032    29.377    i_carfield/i_hyperbus_wrap/i_hyper_cdc_dst/i_cdc_fifo_gray_dst_ar/i_spill_register/spill_register_flushable_i/gen_spill_reg.a_data_q_reg[addr][32]_0[12]
    SLICE_X11Y49         FDCE                                         r  i_carfield/i_hyperbus_wrap/i_hyper_cdc_dst/i_cdc_fifo_gray_dst_ar/i_spill_register/spill_register_flushable_i/gen_spill_reg.a_data_q_reg[addr][12]/D
  -------------------------------------------------------------------    -------------------

                         max delay                    0.000     0.000    
    E12                  IBUFCTRL                     0.000     0.000 r  u_ibufg_sys_clk/IBUFCTRL_INST/O
                         net (fo=1, routed)           0.333     0.333    i_xlnx_clk_wiz/inst/clk_in1
    MMCM_X1Y12           MMCME4_ADV (Prop_MMCM_CLKIN1_CLKOUT3)
                                                      0.630     0.963 r  i_xlnx_clk_wiz/inst/mmcme4_adv_inst/CLKOUT3
                         net (fo=1, routed)           0.225     1.188    i_xlnx_clk_wiz/inst/clk_10_xlnx_clk_wiz
    BUFGCE_X1Y311        BUFGCE (Prop_BUFCE_BUFGCE_I_O)
                                                      0.024     1.212 r  i_xlnx_clk_wiz/inst/clkout4_buf/O
                         net (fo=64, routed)          4.140     5.352    i_carfield/gen_domain_clock_mux[0].i_clk_mux/clks_i[2]
    SLR Crossing[2->1]   
    SLICE_X118Y302       LUT5 (Prop_G6LUT_SLICEL_I1_O)
                                                      0.057     5.409 r  i_carfield/gen_domain_clock_mux[0].i_clk_mux/clk_o_INST_0/O
                         net (fo=1, routed)           0.943     6.352    i_carfield/gen_domain_clock_mux[0].i_clk_mux/clk_o
    SLR Crossing[1->0]   
    BUFGCE_X1Y84         BUFGCE (Prop_BUFCE_BUFGCE_I_O)
                                                      0.024     6.376 r  i_carfield/gen_domain_clock_mux[0].i_clk_mux/clk_o_BUFG_inst/O
                         net (fo=115, routed)         2.627     9.003    i_carfield/gen_domain_clock_mux[0].i_clk_div/clk_o
    SLR Crossing[0->1]   
    SLICE_X61Y300        LUT5 (Prop_G6LUT_SLICEL_I3_O)
                                                      0.057     9.060 r  i_carfield/gen_domain_clock_mux[0].i_clk_div/n_1_1099782_BUFG_inst_i_1/O
                         net (fo=2, routed)           0.064     9.124    i_carfield/i_hyper_clk_div/n_1_1099782_BUFG_inst_n_2
    SLICE_X61Y300        LUT5 (Prop_E6LUT_SLICEL_I3_O)
                                                      0.082     9.206 r  i_carfield/i_hyper_clk_div/hyp_clk_BUFG_inst_i_1/O
                         net (fo=1, routed)           1.527    10.733    i_carfield/hyp_clk
    SLR Crossing[1->0]   
    BUFGCE_X0Y39         BUFGCE (Prop_BUFCE_BUFGCE_I_O)
                                                      0.024    10.757 r  i_carfield/hyp_clk_BUFG_inst/O
    X1Y2 (CLOCK_ROOT)    net (fo=1287, routed)        1.858    12.615    i_carfield/i_hyperbus_wrap/i_hyper_cdc_dst/i_cdc_fifo_gray_dst_ar/i_spill_register/spill_register_flushable_i/hyp_clk_BUFG
    SLICE_X11Y49         FDCE                                         r  i_carfield/i_hyperbus_wrap/i_hyper_cdc_dst/i_cdc_fifo_gray_dst_ar/i_spill_register/spill_register_flushable_i/gen_spill_reg.a_data_q_reg[addr][12]/C
                         clock pessimism             -0.706    11.909    
                         inter-SLR compensation      -1.748    10.161    
                         clock uncertainty           -0.226     9.936    
    SLICE_X11Y49         FDCE (Setup_DFF_SLICEM_C_D)
                                                      0.025     9.961    i_carfield/i_hyperbus_wrap/i_hyper_cdc_dst/i_cdc_fifo_gray_dst_ar/i_spill_register/spill_register_flushable_i/gen_spill_reg.a_data_q_reg[addr][12]
  -------------------------------------------------------------------
                         required time                          9.961    
                         arrival time                         -29.377    
  -------------------------------------------------------------------
                         slack                                -19.416    

Slack (VIOLATED) :        -19.416ns  (required time - arrival time)
  Source:                 i_carfield/i_cheshire_wrap/i_cheshire_ext_llc_cdc_src/i_cdc_fifo_gray_src_ar/gen_word[4].data_q_reg[4][addr][12]/C
                            (rising edge-triggered cell FDRE clocked by clk_50_xlnx_clk_wiz  {rise@0.000ns fall@10.000ns period=20.000ns})
  Destination:            i_carfield/i_hyperbus_wrap/i_hyper_cdc_dst/i_cdc_fifo_gray_dst_ar/i_spill_register/spill_register_flushable_i/gen_spill_reg.a_data_q_reg[addr][12]/D
                            (rising edge-triggered cell FDCE clocked by periph_domain_clk  {rise@0.000ns fall@50.000ns period=100.000ns})
  Path Group:             periph_domain_clk
  Path Type:              Setup (Max at Slow Process Corner)
  Requirement:            0.000ns  (MaxDelay Path 0.000ns)
  Data Path Delay:        24.152ns  (logic 0.292ns (1.209%)  route 23.860ns (98.791%))
  Logic Levels:           2  (LUT6=1 MUXF7=1)
  Clock Path Skew:        6.684ns (DCD - SCD + CPR)
    Destination Clock Delay (DCD):    12.615ns
    Source Clock Delay      (SCD):    5.225ns
    Clock Pessimism Removal (CPR):    -0.706ns
  Clock Uncertainty:      0.226ns  ((TSJ^2 + DJ^2)^1/2) / 2 + PE
    Total System Jitter     (TSJ):    0.071ns
    Discrete Jitter          (DJ):    0.199ns
    Phase Error              (PE):    0.120ns
  Inter-SLR Compensation: 1.748ns  ((DCD - CCD) * PF)
    Destination Clock Delay (DCD):    12.615ns
    Common Clock Delay      (CCD):    0.963ns
    Prorating Factor         (PF):    0.150
  Clock Net Delay (Source):      4.689ns (routing 2.719ns, distribution 1.970ns)
  Clock Net Delay (Destination): 1.858ns (routing 0.617ns, distribution 1.241ns)
  Timing Exception:       MaxDelay Path 0.000ns

    Location             Delay type                Incr(ns)  Path(ns)    Netlist Resource(s)
  -------------------------------------------------------------------    -------------------
                         (clock clk_50_xlnx_clk_wiz rise edge)
                                                      0.000     0.000 r  
    E12                  IBUFCTRL                     0.000     0.000 r  u_ibufg_sys_clk/IBUFCTRL_INST/O
                         net (fo=1, routed)           0.384     0.384    i_xlnx_clk_wiz/inst/clk_in1
    MMCM_X1Y12           MMCME4_ADV (Prop_MMCM_CLKIN1_CLKOUT1)
                                                     -0.127     0.257 r  i_xlnx_clk_wiz/inst/mmcme4_adv_inst/CLKOUT1
                         net (fo=1, routed)           0.251     0.508    i_xlnx_clk_wiz/inst/clk_50_xlnx_clk_wiz
    BUFGCE_X1Y298        BUFGCE (Prop_BUFCE_BUFGCE_I_O)
                                                      0.028     0.536 r  i_xlnx_clk_wiz/inst/clkout2_buf/O
    X2Y4 (CLOCK_ROOT)    net (fo=240101, routed)      4.689     5.225    i_carfield/i_cheshire_wrap/i_cheshire_ext_llc_cdc_src/i_cdc_fifo_gray_src_ar/host_clk_i
    SLR Crossing[2->0]   
    SLICE_X10Y44         FDRE                                         r  i_carfield/i_cheshire_wrap/i_cheshire_ext_llc_cdc_src/i_cdc_fifo_gray_src_ar/gen_word[4].data_q_reg[4][addr][12]/C
  -------------------------------------------------------------------    -------------------
    SLICE_X10Y44         FDRE (Prop_AFF_SLICEL_C_Q)
                                                      0.079     5.304 f  i_carfield/i_cheshire_wrap/i_cheshire_ext_llc_cdc_src/i_cdc_fifo_gray_src_ar/gen_word[4].data_q_reg[4][addr][12]/Q
                         net (fo=1, routed)          23.807    29.111    i_carfield/i_cheshire_wrap/i_cheshire_ext_llc_cdc_src/i_cdc_fifo_gray_src_ar/llc_ar_data[423]
    SLICE_X11Y49         LUT6 (Prop_C6LUT_SLICEM_I5_O)
                                                      0.145    29.256 f  i_carfield/i_cheshire_wrap/i_cheshire_ext_llc_cdc_src/i_cdc_fifo_gray_src_ar/gen_spill_reg.a_data_q[addr][12]_i_3__23/O
                         net (fo=1, routed)           0.021    29.277    i_carfield/i_cheshire_wrap/i_cheshire_ext_llc_cdc_src/i_cdc_fifo_gray_src_ar/gen_spill_reg.a_data_q[addr][12]_i_3__23_n_2
    SLICE_X11Y49         MUXF7 (Prop_F7MUX_CD_SLICEM_I1_O)
                                                      0.068    29.345 f  i_carfield/i_cheshire_wrap/i_cheshire_ext_llc_cdc_src/i_cdc_fifo_gray_src_ar/gen_spill_reg.a_data_q_reg[addr][12]_i_1__11/O
                         net (fo=1, routed)           0.032    29.377    i_carfield/i_hyperbus_wrap/i_hyper_cdc_dst/i_cdc_fifo_gray_dst_ar/i_spill_register/spill_register_flushable_i/gen_spill_reg.a_data_q_reg[addr][32]_0[12]
    SLICE_X11Y49         FDCE                                         f  i_carfield/i_hyperbus_wrap/i_hyper_cdc_dst/i_cdc_fifo_gray_dst_ar/i_spill_register/spill_register_flushable_i/gen_spill_reg.a_data_q_reg[addr][12]/D
  -------------------------------------------------------------------    -------------------

                         max delay                    0.000     0.000    
    E12                  IBUFCTRL                     0.000     0.000 r  u_ibufg_sys_clk/IBUFCTRL_INST/O
                         net (fo=1, routed)           0.333     0.333    i_xlnx_clk_wiz/inst/clk_in1
    MMCM_X1Y12           MMCME4_ADV (Prop_MMCM_CLKIN1_CLKOUT3)
                                                      0.630     0.963 r  i_xlnx_clk_wiz/inst/mmcme4_adv_inst/CLKOUT3
                         net (fo=1, routed)           0.225     1.188    i_xlnx_clk_wiz/inst/clk_10_xlnx_clk_wiz
    BUFGCE_X1Y311        BUFGCE (Prop_BUFCE_BUFGCE_I_O)
                                                      0.024     1.212 r  i_xlnx_clk_wiz/inst/clkout4_buf/O
                         net (fo=64, routed)          4.140     5.352    i_carfield/gen_domain_clock_mux[0].i_clk_mux/clks_i[2]
    SLR Crossing[2->1]   
    SLICE_X118Y302       LUT5 (Prop_G6LUT_SLICEL_I1_O)
                                                      0.057     5.409 r  i_carfield/gen_domain_clock_mux[0].i_clk_mux/clk_o_INST_0/O
                         net (fo=1, routed)           0.943     6.352    i_carfield/gen_domain_clock_mux[0].i_clk_mux/clk_o
    SLR Crossing[1->0]   
    BUFGCE_X1Y84         BUFGCE (Prop_BUFCE_BUFGCE_I_O)
                                                      0.024     6.376 r  i_carfield/gen_domain_clock_mux[0].i_clk_mux/clk_o_BUFG_inst/O
                         net (fo=115, routed)         2.627     9.003    i_carfield/gen_domain_clock_mux[0].i_clk_div/clk_o
    SLR Crossing[0->1]   
    SLICE_X61Y300        LUT5 (Prop_G6LUT_SLICEL_I3_O)
                                                      0.057     9.060 r  i_carfield/gen_domain_clock_mux[0].i_clk_div/n_1_1099782_BUFG_inst_i_1/O
                         net (fo=2, routed)           0.064     9.124    i_carfield/i_hyper_clk_div/n_1_1099782_BUFG_inst_n_2
    SLICE_X61Y300        LUT5 (Prop_E6LUT_SLICEL_I3_O)
                                                      0.082     9.206 r  i_carfield/i_hyper_clk_div/hyp_clk_BUFG_inst_i_1/O
                         net (fo=1, routed)           1.527    10.733    i_carfield/hyp_clk
    SLR Crossing[1->0]   
    BUFGCE_X0Y39         BUFGCE (Prop_BUFCE_BUFGCE_I_O)
                                                      0.024    10.757 r  i_carfield/hyp_clk_BUFG_inst/O
    X1Y2 (CLOCK_ROOT)    net (fo=1287, routed)        1.858    12.615    i_carfield/i_hyperbus_wrap/i_hyper_cdc_dst/i_cdc_fifo_gray_dst_ar/i_spill_register/spill_register_flushable_i/hyp_clk_BUFG
    SLICE_X11Y49         FDCE                                         r  i_carfield/i_hyperbus_wrap/i_hyper_cdc_dst/i_cdc_fifo_gray_dst_ar/i_spill_register/spill_register_flushable_i/gen_spill_reg.a_data_q_reg[addr][12]/C
                         clock pessimism             -0.706    11.909    
                         inter-SLR compensation      -1.748    10.161    
                         clock uncertainty           -0.226     9.936    
    SLICE_X11Y49         FDCE (Setup_DFF_SLICEM_C_D)
                                                      0.025     9.961    i_carfield/i_hyperbus_wrap/i_hyper_cdc_dst/i_cdc_fifo_gray_dst_ar/i_spill_register/spill_register_flushable_i/gen_spill_reg.a_data_q_reg[addr][12]
  -------------------------------------------------------------------
                         required time                          9.961    
                         arrival time                         -29.377    
  -------------------------------------------------------------------
                         slack                                -19.416    

Slack (VIOLATED) :        -19.408ns  (required time - arrival time)
  Source:                 i_carfield/i_cheshire_wrap/i_cheshire_ext_llc_cdc_src/i_cdc_fifo_gray_src_ar/gen_word[6].data_q_reg[6][addr][21]/C
                            (rising edge-triggered cell FDRE clocked by clk_50_xlnx_clk_wiz  {rise@0.000ns fall@10.000ns period=20.000ns})
  Destination:            i_carfield/i_hyperbus_wrap/i_hyper_cdc_dst/i_cdc_fifo_gray_dst_ar/i_spill_register/spill_register_flushable_i/gen_spill_reg.a_data_q_reg[addr][21]/D
                            (rising edge-triggered cell FDCE clocked by periph_domain_clk  {rise@0.000ns fall@50.000ns period=100.000ns})
  Path Group:             periph_domain_clk
  Path Type:              Setup (Max at Slow Process Corner)
  Requirement:            0.000ns  (MaxDelay Path 0.000ns)
  Data Path Delay:        24.130ns  (logic 0.183ns (0.758%)  route 23.947ns (99.242%))
  Logic Levels:           2  (LUT6=1 MUXF7=1)
  Clock Path Skew:        6.667ns (DCD - SCD + CPR)
    Destination Clock Delay (DCD):    12.590ns
    Source Clock Delay      (SCD):    5.217ns
    Clock Pessimism Removal (CPR):    -0.706ns
  Clock Uncertainty:      0.226ns  ((TSJ^2 + DJ^2)^1/2) / 2 + PE
    Total System Jitter     (TSJ):    0.071ns
    Discrete Jitter          (DJ):    0.199ns
    Phase Error              (PE):    0.120ns
  Inter-SLR Compensation: 1.744ns  ((DCD - CCD) * PF)
    Destination Clock Delay (DCD):    12.590ns
    Common Clock Delay      (CCD):    0.963ns
    Prorating Factor         (PF):    0.150
  Clock Net Delay (Source):      4.681ns (routing 2.719ns, distribution 1.962ns)
  Clock Net Delay (Destination): 1.833ns (routing 0.617ns, distribution 1.216ns)
  Timing Exception:       MaxDelay Path 0.000ns

    Location             Delay type                Incr(ns)  Path(ns)    Netlist Resource(s)
  -------------------------------------------------------------------    -------------------
                         (clock clk_50_xlnx_clk_wiz rise edge)
                                                      0.000     0.000 r  
    E12                  IBUFCTRL                     0.000     0.000 r  u_ibufg_sys_clk/IBUFCTRL_INST/O
                         net (fo=1, routed)           0.384     0.384    i_xlnx_clk_wiz/inst/clk_in1
    MMCM_X1Y12           MMCME4_ADV (Prop_MMCM_CLKIN1_CLKOUT1)
                                                     -0.127     0.257 r  i_xlnx_clk_wiz/inst/mmcme4_adv_inst/CLKOUT1
                         net (fo=1, routed)           0.251     0.508    i_xlnx_clk_wiz/inst/clk_50_xlnx_clk_wiz
    BUFGCE_X1Y298        BUFGCE (Prop_BUFCE_BUFGCE_I_O)
                                                      0.028     0.536 r  i_xlnx_clk_wiz/inst/clkout2_buf/O
    X2Y4 (CLOCK_ROOT)    net (fo=240101, routed)      4.681     5.217    i_carfield/i_cheshire_wrap/i_cheshire_ext_llc_cdc_src/i_cdc_fifo_gray_src_ar/host_clk_i
    SLR Crossing[2->0]   
    SLICE_X13Y49         FDRE                                         r  i_carfield/i_cheshire_wrap/i_cheshire_ext_llc_cdc_src/i_cdc_fifo_gray_src_ar/gen_word[6].data_q_reg[6][addr][21]/C
  -------------------------------------------------------------------    -------------------
    SLICE_X13Y49         FDRE (Prop_EFF2_SLICEM_C_Q)
                                                      0.079     5.296 r  i_carfield/i_cheshire_wrap/i_cheshire_ext_llc_cdc_src/i_cdc_fifo_gray_src_ar/gen_word[6].data_q_reg[6][addr][21]/Q
                         net (fo=1, routed)          23.898    29.194    i_carfield/i_cheshire_wrap/i_cheshire_ext_llc_cdc_src/i_cdc_fifo_gray_src_ar/llc_ar_data[618]
    SLICE_X13Y48         LUT6 (Prop_G6LUT_SLICEM_I1_O)
                                                      0.037    29.231 r  i_carfield/i_cheshire_wrap/i_cheshire_ext_llc_cdc_src/i_cdc_fifo_gray_src_ar/gen_spill_reg.a_data_q[addr][21]_i_3__29/O
                         net (fo=1, routed)           0.017    29.248    i_carfield/i_cheshire_wrap/i_cheshire_ext_llc_cdc_src/i_cdc_fifo_gray_src_ar/gen_spill_reg.a_data_q[addr][21]_i_3__29_n_2
    SLICE_X13Y48         MUXF7 (Prop_F7MUX_GH_SLICEM_I1_O)
                                                      0.067    29.315 r  i_carfield/i_cheshire_wrap/i_cheshire_ext_llc_cdc_src/i_cdc_fifo_gray_src_ar/gen_spill_reg.a_data_q_reg[addr][21]_i_1__11/O
                         net (fo=1, routed)           0.032    29.347    i_carfield/i_hyperbus_wrap/i_hyper_cdc_dst/i_cdc_fifo_gray_dst_ar/i_spill_register/spill_register_flushable_i/gen_spill_reg.a_data_q_reg[addr][32]_0[21]
    SLICE_X13Y48         FDCE                                         r  i_carfield/i_hyperbus_wrap/i_hyper_cdc_dst/i_cdc_fifo_gray_dst_ar/i_spill_register/spill_register_flushable_i/gen_spill_reg.a_data_q_reg[addr][21]/D
  -------------------------------------------------------------------    -------------------

                         max delay                    0.000     0.000    
    E12                  IBUFCTRL                     0.000     0.000 r  u_ibufg_sys_clk/IBUFCTRL_INST/O
                         net (fo=1, routed)           0.333     0.333    i_xlnx_clk_wiz/inst/clk_in1
    MMCM_X1Y12           MMCME4_ADV (Prop_MMCM_CLKIN1_CLKOUT3)
                                                      0.630     0.963 r  i_xlnx_clk_wiz/inst/mmcme4_adv_inst/CLKOUT3
                         net (fo=1, routed)           0.225     1.188    i_xlnx_clk_wiz/inst/clk_10_xlnx_clk_wiz
    BUFGCE_X1Y311        BUFGCE (Prop_BUFCE_BUFGCE_I_O)
                                                      0.024     1.212 r  i_xlnx_clk_wiz/inst/clkout4_buf/O
                         net (fo=64, routed)          4.140     5.352    i_carfield/gen_domain_clock_mux[0].i_clk_mux/clks_i[2]
    SLR Crossing[2->1]   
    SLICE_X118Y302       LUT5 (Prop_G6LUT_SLICEL_I1_O)
                                                      0.057     5.409 r  i_carfield/gen_domain_clock_mux[0].i_clk_mux/clk_o_INST_0/O
                         net (fo=1, routed)           0.943     6.352    i_carfield/gen_domain_clock_mux[0].i_clk_mux/clk_o
    SLR Crossing[1->0]   
    BUFGCE_X1Y84         BUFGCE (Prop_BUFCE_BUFGCE_I_O)
                                                      0.024     6.376 r  i_carfield/gen_domain_clock_mux[0].i_clk_mux/clk_o_BUFG_inst/O
                         net (fo=115, routed)         2.627     9.003    i_carfield/gen_domain_clock_mux[0].i_clk_div/clk_o
    SLR Crossing[0->1]   
    SLICE_X61Y300        LUT5 (Prop_G6LUT_SLICEL_I3_O)
                                                      0.057     9.060 r  i_carfield/gen_domain_clock_mux[0].i_clk_div/n_1_1099782_BUFG_inst_i_1/O
                         net (fo=2, routed)           0.064     9.124    i_carfield/i_hyper_clk_div/n_1_1099782_BUFG_inst_n_2
    SLICE_X61Y300        LUT5 (Prop_E6LUT_SLICEL_I3_O)
                                                      0.082     9.206 r  i_carfield/i_hyper_clk_div/hyp_clk_BUFG_inst_i_1/O
                         net (fo=1, routed)           1.527    10.733    i_carfield/hyp_clk
    SLR Crossing[1->0]   
    BUFGCE_X0Y39         BUFGCE (Prop_BUFCE_BUFGCE_I_O)
                                                      0.024    10.757 r  i_carfield/hyp_clk_BUFG_inst/O
    X1Y2 (CLOCK_ROOT)    net (fo=1287, routed)        1.833    12.590    i_carfield/i_hyperbus_wrap/i_hyper_cdc_dst/i_cdc_fifo_gray_dst_ar/i_spill_register/spill_register_flushable_i/hyp_clk_BUFG
    SLICE_X13Y48         FDCE                                         r  i_carfield/i_hyperbus_wrap/i_hyper_cdc_dst/i_cdc_fifo_gray_dst_ar/i_spill_register/spill_register_flushable_i/gen_spill_reg.a_data_q_reg[addr][21]/C
                         clock pessimism             -0.706    11.884    
                         inter-SLR compensation      -1.744    10.140    
                         clock uncertainty           -0.226     9.914    
    SLICE_X13Y48         FDCE (Setup_HFF_SLICEM_C_D)
                                                      0.025     9.939    i_carfield/i_hyperbus_wrap/i_hyper_cdc_dst/i_cdc_fifo_gray_dst_ar/i_spill_register/spill_register_flushable_i/gen_spill_reg.a_data_q_reg[addr][21]
  -------------------------------------------------------------------
                         required time                          9.939    
                         arrival time                         -29.347    
  -------------------------------------------------------------------
                         slack                                -19.408    

Slack (VIOLATED) :        -19.408ns  (required time - arrival time)
  Source:                 i_carfield/i_cheshire_wrap/i_cheshire_ext_llc_cdc_src/i_cdc_fifo_gray_src_ar/gen_word[6].data_q_reg[6][addr][21]/C
                            (rising edge-triggered cell FDRE clocked by clk_50_xlnx_clk_wiz  {rise@0.000ns fall@10.000ns period=20.000ns})
  Destination:            i_carfield/i_hyperbus_wrap/i_hyper_cdc_dst/i_cdc_fifo_gray_dst_ar/i_spill_register/spill_register_flushable_i/gen_spill_reg.a_data_q_reg[addr][21]/D
                            (rising edge-triggered cell FDCE clocked by periph_domain_clk  {rise@0.000ns fall@50.000ns period=100.000ns})
  Path Group:             periph_domain_clk
  Path Type:              Setup (Max at Slow Process Corner)
  Requirement:            0.000ns  (MaxDelay Path 0.000ns)
  Data Path Delay:        24.130ns  (logic 0.183ns (0.758%)  route 23.947ns (99.242%))
  Logic Levels:           2  (LUT6=1 MUXF7=1)
  Clock Path Skew:        6.667ns (DCD - SCD + CPR)
    Destination Clock Delay (DCD):    12.590ns
    Source Clock Delay      (SCD):    5.217ns
    Clock Pessimism Removal (CPR):    -0.706ns
  Clock Uncertainty:      0.226ns  ((TSJ^2 + DJ^2)^1/2) / 2 + PE
    Total System Jitter     (TSJ):    0.071ns
    Discrete Jitter          (DJ):    0.199ns
    Phase Error              (PE):    0.120ns
  Inter-SLR Compensation: 1.744ns  ((DCD - CCD) * PF)
    Destination Clock Delay (DCD):    12.590ns
    Common Clock Delay      (CCD):    0.963ns
    Prorating Factor         (PF):    0.150
  Clock Net Delay (Source):      4.681ns (routing 2.719ns, distribution 1.962ns)
  Clock Net Delay (Destination): 1.833ns (routing 0.617ns, distribution 1.216ns)
  Timing Exception:       MaxDelay Path 0.000ns

    Location             Delay type                Incr(ns)  Path(ns)    Netlist Resource(s)
  -------------------------------------------------------------------    -------------------
                         (clock clk_50_xlnx_clk_wiz rise edge)
                                                      0.000     0.000 r  
    E12                  IBUFCTRL                     0.000     0.000 r  u_ibufg_sys_clk/IBUFCTRL_INST/O
                         net (fo=1, routed)           0.384     0.384    i_xlnx_clk_wiz/inst/clk_in1
    MMCM_X1Y12           MMCME4_ADV (Prop_MMCM_CLKIN1_CLKOUT1)
                                                     -0.127     0.257 r  i_xlnx_clk_wiz/inst/mmcme4_adv_inst/CLKOUT1
                         net (fo=1, routed)           0.251     0.508    i_xlnx_clk_wiz/inst/clk_50_xlnx_clk_wiz
    BUFGCE_X1Y298        BUFGCE (Prop_BUFCE_BUFGCE_I_O)
                                                      0.028     0.536 r  i_xlnx_clk_wiz/inst/clkout2_buf/O
    X2Y4 (CLOCK_ROOT)    net (fo=240101, routed)      4.681     5.217    i_carfield/i_cheshire_wrap/i_cheshire_ext_llc_cdc_src/i_cdc_fifo_gray_src_ar/host_clk_i
    SLR Crossing[2->0]   
    SLICE_X13Y49         FDRE                                         r  i_carfield/i_cheshire_wrap/i_cheshire_ext_llc_cdc_src/i_cdc_fifo_gray_src_ar/gen_word[6].data_q_reg[6][addr][21]/C
  -------------------------------------------------------------------    -------------------
    SLICE_X13Y49         FDRE (Prop_EFF2_SLICEM_C_Q)
                                                      0.079     5.296 f  i_carfield/i_cheshire_wrap/i_cheshire_ext_llc_cdc_src/i_cdc_fifo_gray_src_ar/gen_word[6].data_q_reg[6][addr][21]/Q
                         net (fo=1, routed)          23.898    29.194    i_carfield/i_cheshire_wrap/i_cheshire_ext_llc_cdc_src/i_cdc_fifo_gray_src_ar/llc_ar_data[618]
    SLICE_X13Y48         LUT6 (Prop_G6LUT_SLICEM_I1_O)
                                                      0.037    29.231 f  i_carfield/i_cheshire_wrap/i_cheshire_ext_llc_cdc_src/i_cdc_fifo_gray_src_ar/gen_spill_reg.a_data_q[addr][21]_i_3__29/O
                         net (fo=1, routed)           0.017    29.248    i_carfield/i_cheshire_wrap/i_cheshire_ext_llc_cdc_src/i_cdc_fifo_gray_src_ar/gen_spill_reg.a_data_q[addr][21]_i_3__29_n_2
    SLICE_X13Y48         MUXF7 (Prop_F7MUX_GH_SLICEM_I1_O)
                                                      0.067    29.315 f  i_carfield/i_cheshire_wrap/i_cheshire_ext_llc_cdc_src/i_cdc_fifo_gray_src_ar/gen_spill_reg.a_data_q_reg[addr][21]_i_1__11/O
                         net (fo=1, routed)           0.032    29.347    i_carfield/i_hyperbus_wrap/i_hyper_cdc_dst/i_cdc_fifo_gray_dst_ar/i_spill_register/spill_register_flushable_i/gen_spill_reg.a_data_q_reg[addr][32]_0[21]
    SLICE_X13Y48         FDCE                                         f  i_carfield/i_hyperbus_wrap/i_hyper_cdc_dst/i_cdc_fifo_gray_dst_ar/i_spill_register/spill_register_flushable_i/gen_spill_reg.a_data_q_reg[addr][21]/D
  -------------------------------------------------------------------    -------------------

                         max delay                    0.000     0.000    
    E12                  IBUFCTRL                     0.000     0.000 r  u_ibufg_sys_clk/IBUFCTRL_INST/O
                         net (fo=1, routed)           0.333     0.333    i_xlnx_clk_wiz/inst/clk_in1
    MMCM_X1Y12           MMCME4_ADV (Prop_MMCM_CLKIN1_CLKOUT3)
                                                      0.630     0.963 r  i_xlnx_clk_wiz/inst/mmcme4_adv_inst/CLKOUT3
                         net (fo=1, routed)           0.225     1.188    i_xlnx_clk_wiz/inst/clk_10_xlnx_clk_wiz
    BUFGCE_X1Y311        BUFGCE (Prop_BUFCE_BUFGCE_I_O)
                                                      0.024     1.212 r  i_xlnx_clk_wiz/inst/clkout4_buf/O
                         net (fo=64, routed)          4.140     5.352    i_carfield/gen_domain_clock_mux[0].i_clk_mux/clks_i[2]
    SLR Crossing[2->1]   
    SLICE_X118Y302       LUT5 (Prop_G6LUT_SLICEL_I1_O)
                                                      0.057     5.409 r  i_carfield/gen_domain_clock_mux[0].i_clk_mux/clk_o_INST_0/O
                         net (fo=1, routed)           0.943     6.352    i_carfield/gen_domain_clock_mux[0].i_clk_mux/clk_o
    SLR Crossing[1->0]   
    BUFGCE_X1Y84         BUFGCE (Prop_BUFCE_BUFGCE_I_O)
                                                      0.024     6.376 r  i_carfield/gen_domain_clock_mux[0].i_clk_mux/clk_o_BUFG_inst/O
                         net (fo=115, routed)         2.627     9.003    i_carfield/gen_domain_clock_mux[0].i_clk_div/clk_o
    SLR Crossing[0->1]   
    SLICE_X61Y300        LUT5 (Prop_G6LUT_SLICEL_I3_O)
                                                      0.057     9.060 r  i_carfield/gen_domain_clock_mux[0].i_clk_div/n_1_1099782_BUFG_inst_i_1/O
                         net (fo=2, routed)           0.064     9.124    i_carfield/i_hyper_clk_div/n_1_1099782_BUFG_inst_n_2
    SLICE_X61Y300        LUT5 (Prop_E6LUT_SLICEL_I3_O)
                                                      0.082     9.206 r  i_carfield/i_hyper_clk_div/hyp_clk_BUFG_inst_i_1/O
                         net (fo=1, routed)           1.527    10.733    i_carfield/hyp_clk
    SLR Crossing[1->0]   
    BUFGCE_X0Y39         BUFGCE (Prop_BUFCE_BUFGCE_I_O)
                                                      0.024    10.757 r  i_carfield/hyp_clk_BUFG_inst/O
    X1Y2 (CLOCK_ROOT)    net (fo=1287, routed)        1.833    12.590    i_carfield/i_hyperbus_wrap/i_hyper_cdc_dst/i_cdc_fifo_gray_dst_ar/i_spill_register/spill_register_flushable_i/hyp_clk_BUFG
    SLICE_X13Y48         FDCE                                         r  i_carfield/i_hyperbus_wrap/i_hyper_cdc_dst/i_cdc_fifo_gray_dst_ar/i_spill_register/spill_register_flushable_i/gen_spill_reg.a_data_q_reg[addr][21]/C
                         clock pessimism             -0.706    11.884    
                         inter-SLR compensation      -1.744    10.140    
                         clock uncertainty           -0.226     9.914    
    SLICE_X13Y48         FDCE (Setup_HFF_SLICEM_C_D)
                                                      0.025     9.939    i_carfield/i_hyperbus_wrap/i_hyper_cdc_dst/i_cdc_fifo_gray_dst_ar/i_spill_register/spill_register_flushable_i/gen_spill_reg.a_data_q_reg[addr][21]
  -------------------------------------------------------------------
                         required time                          9.939    
                         arrival time                         -29.347    
  -------------------------------------------------------------------
                         slack                                -19.408    

Slack (VIOLATED) :        -19.395ns  (required time - arrival time)
  Source:                 i_carfield/i_cheshire_wrap/i_cheshire_ext_llc_cdc_src/i_cdc_fifo_gray_src_aw/gen_word[5].data_q_reg[5][len][2]/C
                            (rising edge-triggered cell FDRE clocked by clk_50_xlnx_clk_wiz  {rise@0.000ns fall@10.000ns period=20.000ns})
  Destination:            i_carfield/i_hyperbus_wrap/i_hyper_cdc_dst/i_cdc_fifo_gray_dst_aw/i_spill_register/spill_register_flushable_i/gen_spill_reg.a_data_q_reg[len][2]/D
                            (rising edge-triggered cell FDCE clocked by periph_domain_clk  {rise@0.000ns fall@50.000ns period=100.000ns})
  Path Group:             periph_domain_clk
  Path Type:              Setup (Max at Slow Process Corner)
  Requirement:            0.000ns  (MaxDelay Path 0.000ns)
  Data Path Delay:        24.149ns  (logic 0.198ns (0.820%)  route 23.951ns (99.180%))
  Logic Levels:           2  (LUT6=1 MUXF7=1)
  Clock Path Skew:        6.690ns (DCD - SCD + CPR)
    Destination Clock Delay (DCD):    12.535ns
    Source Clock Delay      (SCD):    5.139ns
    Clock Pessimism Removal (CPR):    -0.706ns
  Clock Uncertainty:      0.226ns  ((TSJ^2 + DJ^2)^1/2) / 2 + PE
    Total System Jitter     (TSJ):    0.071ns
    Discrete Jitter          (DJ):    0.199ns
    Phase Error              (PE):    0.120ns
  Inter-SLR Compensation: 1.736ns  ((DCD - CCD) * PF)
    Destination Clock Delay (DCD):    12.535ns
    Common Clock Delay      (CCD):    0.963ns
    Prorating Factor         (PF):    0.150
  Clock Net Delay (Source):      4.603ns (routing 2.719ns, distribution 1.884ns)
  Clock Net Delay (Destination): 1.778ns (routing 0.617ns, distribution 1.161ns)
  Timing Exception:       MaxDelay Path 0.000ns

    Location             Delay type                Incr(ns)  Path(ns)    Netlist Resource(s)
  -------------------------------------------------------------------    -------------------
                         (clock clk_50_xlnx_clk_wiz rise edge)
                                                      0.000     0.000 r  
    E12                  IBUFCTRL                     0.000     0.000 r  u_ibufg_sys_clk/IBUFCTRL_INST/O
                         net (fo=1, routed)           0.384     0.384    i_xlnx_clk_wiz/inst/clk_in1
    MMCM_X1Y12           MMCME4_ADV (Prop_MMCM_CLKIN1_CLKOUT1)
                                                     -0.127     0.257 r  i_xlnx_clk_wiz/inst/mmcme4_adv_inst/CLKOUT1
                         net (fo=1, routed)           0.251     0.508    i_xlnx_clk_wiz/inst/clk_50_xlnx_clk_wiz
    BUFGCE_X1Y298        BUFGCE (Prop_BUFCE_BUFGCE_I_O)
                                                      0.028     0.536 r  i_xlnx_clk_wiz/inst/clkout2_buf/O
    X2Y4 (CLOCK_ROOT)    net (fo=240101, routed)      4.603     5.139    i_carfield/i_cheshire_wrap/i_cheshire_ext_llc_cdc_src/i_cdc_fifo_gray_src_aw/host_clk_i
    SLR Crossing[2->0]   
    SLICE_X29Y50         FDRE                                         r  i_carfield/i_cheshire_wrap/i_cheshire_ext_llc_cdc_src/i_cdc_fifo_gray_src_aw/gen_word[5].data_q_reg[5][len][2]/C
  -------------------------------------------------------------------    -------------------
    SLICE_X29Y50         FDRE (Prop_AFF_SLICEL_C_Q)
                                                      0.079     5.218 r  i_carfield/i_cheshire_wrap/i_cheshire_ext_llc_cdc_src/i_cdc_fifo_gray_src_aw/gen_word[5].data_q_reg[5][len][2]/Q
                         net (fo=1, routed)          23.902    29.120    i_carfield/i_cheshire_wrap/i_cheshire_ext_llc_cdc_src/i_cdc_fifo_gray_src_aw/llc_aw_data[534]
    SLICE_X27Y50         LUT6 (Prop_G6LUT_SLICEM_I3_O)
                                                      0.052    29.172 r  i_carfield/i_cheshire_wrap/i_cheshire_ext_llc_cdc_src/i_cdc_fifo_gray_src_aw/gen_spill_reg.a_data_q[len][2]_i_3__9/O
                         net (fo=1, routed)           0.017    29.189    i_carfield/i_cheshire_wrap/i_cheshire_ext_llc_cdc_src/i_cdc_fifo_gray_src_aw/gen_spill_reg.a_data_q[len][2]_i_3__9_n_2
    SLICE_X27Y50         MUXF7 (Prop_F7MUX_GH_SLICEM_I1_O)
                                                      0.067    29.256 r  i_carfield/i_cheshire_wrap/i_cheshire_ext_llc_cdc_src/i_cdc_fifo_gray_src_aw/gen_spill_reg.a_data_q_reg[len][2]_i_1__7/O
                         net (fo=1, routed)           0.032    29.288    i_carfield/i_hyperbus_wrap/i_hyper_cdc_dst/i_cdc_fifo_gray_dst_aw/i_spill_register/spill_register_flushable_i/gen_spill_reg.a_data_q_reg[len][7]_0[2]
    SLICE_X27Y50         FDCE                                         r  i_carfield/i_hyperbus_wrap/i_hyper_cdc_dst/i_cdc_fifo_gray_dst_aw/i_spill_register/spill_register_flushable_i/gen_spill_reg.a_data_q_reg[len][2]/D
  -------------------------------------------------------------------    -------------------

                         max delay                    0.000     0.000    
    E12                  IBUFCTRL                     0.000     0.000 r  u_ibufg_sys_clk/IBUFCTRL_INST/O
                         net (fo=1, routed)           0.333     0.333    i_xlnx_clk_wiz/inst/clk_in1
    MMCM_X1Y12           MMCME4_ADV (Prop_MMCM_CLKIN1_CLKOUT3)
                                                      0.630     0.963 r  i_xlnx_clk_wiz/inst/mmcme4_adv_inst/CLKOUT3
                         net (fo=1, routed)           0.225     1.188    i_xlnx_clk_wiz/inst/clk_10_xlnx_clk_wiz
    BUFGCE_X1Y311        BUFGCE (Prop_BUFCE_BUFGCE_I_O)
                                                      0.024     1.212 r  i_xlnx_clk_wiz/inst/clkout4_buf/O
                         net (fo=64, routed)          4.140     5.352    i_carfield/gen_domain_clock_mux[0].i_clk_mux/clks_i[2]
    SLR Crossing[2->1]   
    SLICE_X118Y302       LUT5 (Prop_G6LUT_SLICEL_I1_O)
                                                      0.057     5.409 r  i_carfield/gen_domain_clock_mux[0].i_clk_mux/clk_o_INST_0/O
                         net (fo=1, routed)           0.943     6.352    i_carfield/gen_domain_clock_mux[0].i_clk_mux/clk_o
    SLR Crossing[1->0]   
    BUFGCE_X1Y84         BUFGCE (Prop_BUFCE_BUFGCE_I_O)
                                                      0.024     6.376 r  i_carfield/gen_domain_clock_mux[0].i_clk_mux/clk_o_BUFG_inst/O
                         net (fo=115, routed)         2.627     9.003    i_carfield/gen_domain_clock_mux[0].i_clk_div/clk_o
    SLR Crossing[0->1]   
    SLICE_X61Y300        LUT5 (Prop_G6LUT_SLICEL_I3_O)
                                                      0.057     9.060 r  i_carfield/gen_domain_clock_mux[0].i_clk_div/n_1_1099782_BUFG_inst_i_1/O
                         net (fo=2, routed)           0.064     9.124    i_carfield/i_hyper_clk_div/n_1_1099782_BUFG_inst_n_2
    SLICE_X61Y300        LUT5 (Prop_E6LUT_SLICEL_I3_O)
                                                      0.082     9.206 r  i_carfield/i_hyper_clk_div/hyp_clk_BUFG_inst_i_1/O
                         net (fo=1, routed)           1.527    10.733    i_carfield/hyp_clk
    SLR Crossing[1->0]   
    BUFGCE_X0Y39         BUFGCE (Prop_BUFCE_BUFGCE_I_O)
                                                      0.024    10.757 r  i_carfield/hyp_clk_BUFG_inst/O
    X1Y2 (CLOCK_ROOT)    net (fo=1287, routed)        1.778    12.535    i_carfield/i_hyperbus_wrap/i_hyper_cdc_dst/i_cdc_fifo_gray_dst_aw/i_spill_register/spill_register_flushable_i/hyp_clk_BUFG
    SLICE_X27Y50         FDCE                                         r  i_carfield/i_hyperbus_wrap/i_hyper_cdc_dst/i_cdc_fifo_gray_dst_aw/i_spill_register/spill_register_flushable_i/gen_spill_reg.a_data_q_reg[len][2]/C
                         clock pessimism             -0.706    11.829    
                         inter-SLR compensation      -1.736    10.093    
                         clock uncertainty           -0.226     9.868    
    SLICE_X27Y50         FDCE (Setup_HFF_SLICEM_C_D)
                                                      0.025     9.893    i_carfield/i_hyperbus_wrap/i_hyper_cdc_dst/i_cdc_fifo_gray_dst_aw/i_spill_register/spill_register_flushable_i/gen_spill_reg.a_data_q_reg[len][2]
  -------------------------------------------------------------------
                         required time                          9.893    
                         arrival time                         -29.288    
  -------------------------------------------------------------------
                         slack                                -19.395    

Slack (VIOLATED) :        -19.395ns  (required time - arrival time)
  Source:                 i_carfield/i_cheshire_wrap/i_cheshire_ext_llc_cdc_src/i_cdc_fifo_gray_src_aw/gen_word[5].data_q_reg[5][len][2]/C
                            (rising edge-triggered cell FDRE clocked by clk_50_xlnx_clk_wiz  {rise@0.000ns fall@10.000ns period=20.000ns})
  Destination:            i_carfield/i_hyperbus_wrap/i_hyper_cdc_dst/i_cdc_fifo_gray_dst_aw/i_spill_register/spill_register_flushable_i/gen_spill_reg.a_data_q_reg[len][2]/D
                            (rising edge-triggered cell FDCE clocked by periph_domain_clk  {rise@0.000ns fall@50.000ns period=100.000ns})
  Path Group:             periph_domain_clk
  Path Type:              Setup (Max at Slow Process Corner)
  Requirement:            0.000ns  (MaxDelay Path 0.000ns)
  Data Path Delay:        24.149ns  (logic 0.198ns (0.820%)  route 23.951ns (99.180%))
  Logic Levels:           2  (LUT6=1 MUXF7=1)
  Clock Path Skew:        6.690ns (DCD - SCD + CPR)
    Destination Clock Delay (DCD):    12.535ns
    Source Clock Delay      (SCD):    5.139ns
    Clock Pessimism Removal (CPR):    -0.706ns
  Clock Uncertainty:      0.226ns  ((TSJ^2 + DJ^2)^1/2) / 2 + PE
    Total System Jitter     (TSJ):    0.071ns
    Discrete Jitter          (DJ):    0.199ns
    Phase Error              (PE):    0.120ns
  Inter-SLR Compensation: 1.736ns  ((DCD - CCD) * PF)
    Destination Clock Delay (DCD):    12.535ns
    Common Clock Delay      (CCD):    0.963ns
    Prorating Factor         (PF):    0.150
  Clock Net Delay (Source):      4.603ns (routing 2.719ns, distribution 1.884ns)
  Clock Net Delay (Destination): 1.778ns (routing 0.617ns, distribution 1.161ns)
  Timing Exception:       MaxDelay Path 0.000ns

    Location             Delay type                Incr(ns)  Path(ns)    Netlist Resource(s)
  -------------------------------------------------------------------    -------------------
                         (clock clk_50_xlnx_clk_wiz rise edge)
                                                      0.000     0.000 r  
    E12                  IBUFCTRL                     0.000     0.000 r  u_ibufg_sys_clk/IBUFCTRL_INST/O
                         net (fo=1, routed)           0.384     0.384    i_xlnx_clk_wiz/inst/clk_in1
    MMCM_X1Y12           MMCME4_ADV (Prop_MMCM_CLKIN1_CLKOUT1)
                                                     -0.127     0.257 r  i_xlnx_clk_wiz/inst/mmcme4_adv_inst/CLKOUT1
                         net (fo=1, routed)           0.251     0.508    i_xlnx_clk_wiz/inst/clk_50_xlnx_clk_wiz
    BUFGCE_X1Y298        BUFGCE (Prop_BUFCE_BUFGCE_I_O)
                                                      0.028     0.536 r  i_xlnx_clk_wiz/inst/clkout2_buf/O
    X2Y4 (CLOCK_ROOT)    net (fo=240101, routed)      4.603     5.139    i_carfield/i_cheshire_wrap/i_cheshire_ext_llc_cdc_src/i_cdc_fifo_gray_src_aw/host_clk_i
    SLR Crossing[2->0]   
    SLICE_X29Y50         FDRE                                         r  i_carfield/i_cheshire_wrap/i_cheshire_ext_llc_cdc_src/i_cdc_fifo_gray_src_aw/gen_word[5].data_q_reg[5][len][2]/C
  -------------------------------------------------------------------    -------------------
    SLICE_X29Y50         FDRE (Prop_AFF_SLICEL_C_Q)
                                                      0.079     5.218 f  i_carfield/i_cheshire_wrap/i_cheshire_ext_llc_cdc_src/i_cdc_fifo_gray_src_aw/gen_word[5].data_q_reg[5][len][2]/Q
                         net (fo=1, routed)          23.902    29.120    i_carfield/i_cheshire_wrap/i_cheshire_ext_llc_cdc_src/i_cdc_fifo_gray_src_aw/llc_aw_data[534]
    SLICE_X27Y50         LUT6 (Prop_G6LUT_SLICEM_I3_O)
                                                      0.052    29.172 f  i_carfield/i_cheshire_wrap/i_cheshire_ext_llc_cdc_src/i_cdc_fifo_gray_src_aw/gen_spill_reg.a_data_q[len][2]_i_3__9/O
                         net (fo=1, routed)           0.017    29.189    i_carfield/i_cheshire_wrap/i_cheshire_ext_llc_cdc_src/i_cdc_fifo_gray_src_aw/gen_spill_reg.a_data_q[len][2]_i_3__9_n_2
    SLICE_X27Y50         MUXF7 (Prop_F7MUX_GH_SLICEM_I1_O)
                                                      0.067    29.256 f  i_carfield/i_cheshire_wrap/i_cheshire_ext_llc_cdc_src/i_cdc_fifo_gray_src_aw/gen_spill_reg.a_data_q_reg[len][2]_i_1__7/O
                         net (fo=1, routed)           0.032    29.288    i_carfield/i_hyperbus_wrap/i_hyper_cdc_dst/i_cdc_fifo_gray_dst_aw/i_spill_register/spill_register_flushable_i/gen_spill_reg.a_data_q_reg[len][7]_0[2]
    SLICE_X27Y50         FDCE                                         f  i_carfield/i_hyperbus_wrap/i_hyper_cdc_dst/i_cdc_fifo_gray_dst_aw/i_spill_register/spill_register_flushable_i/gen_spill_reg.a_data_q_reg[len][2]/D
  -------------------------------------------------------------------    -------------------

                         max delay                    0.000     0.000    
    E12                  IBUFCTRL                     0.000     0.000 r  u_ibufg_sys_clk/IBUFCTRL_INST/O
                         net (fo=1, routed)           0.333     0.333    i_xlnx_clk_wiz/inst/clk_in1
    MMCM_X1Y12           MMCME4_ADV (Prop_MMCM_CLKIN1_CLKOUT3)
                                                      0.630     0.963 r  i_xlnx_clk_wiz/inst/mmcme4_adv_inst/CLKOUT3
                         net (fo=1, routed)           0.225     1.188    i_xlnx_clk_wiz/inst/clk_10_xlnx_clk_wiz
    BUFGCE_X1Y311        BUFGCE (Prop_BUFCE_BUFGCE_I_O)
                                                      0.024     1.212 r  i_xlnx_clk_wiz/inst/clkout4_buf/O
                         net (fo=64, routed)          4.140     5.352    i_carfield/gen_domain_clock_mux[0].i_clk_mux/clks_i[2]
    SLR Crossing[2->1]   
    SLICE_X118Y302       LUT5 (Prop_G6LUT_SLICEL_I1_O)
                                                      0.057     5.409 r  i_carfield/gen_domain_clock_mux[0].i_clk_mux/clk_o_INST_0/O
                         net (fo=1, routed)           0.943     6.352    i_carfield/gen_domain_clock_mux[0].i_clk_mux/clk_o
    SLR Crossing[1->0]   
    BUFGCE_X1Y84         BUFGCE (Prop_BUFCE_BUFGCE_I_O)
                                                      0.024     6.376 r  i_carfield/gen_domain_clock_mux[0].i_clk_mux/clk_o_BUFG_inst/O
                         net (fo=115, routed)         2.627     9.003    i_carfield/gen_domain_clock_mux[0].i_clk_div/clk_o
    SLR Crossing[0->1]   
    SLICE_X61Y300        LUT5 (Prop_G6LUT_SLICEL_I3_O)
                                                      0.057     9.060 r  i_carfield/gen_domain_clock_mux[0].i_clk_div/n_1_1099782_BUFG_inst_i_1/O
                         net (fo=2, routed)           0.064     9.124    i_carfield/i_hyper_clk_div/n_1_1099782_BUFG_inst_n_2
    SLICE_X61Y300        LUT5 (Prop_E6LUT_SLICEL_I3_O)
                                                      0.082     9.206 r  i_carfield/i_hyper_clk_div/hyp_clk_BUFG_inst_i_1/O
                         net (fo=1, routed)           1.527    10.733    i_carfield/hyp_clk
    SLR Crossing[1->0]   
    BUFGCE_X0Y39         BUFGCE (Prop_BUFCE_BUFGCE_I_O)
                                                      0.024    10.757 r  i_carfield/hyp_clk_BUFG_inst/O
    X1Y2 (CLOCK_ROOT)    net (fo=1287, routed)        1.778    12.535    i_carfield/i_hyperbus_wrap/i_hyper_cdc_dst/i_cdc_fifo_gray_dst_aw/i_spill_register/spill_register_flushable_i/hyp_clk_BUFG
    SLICE_X27Y50         FDCE                                         r  i_carfield/i_hyperbus_wrap/i_hyper_cdc_dst/i_cdc_fifo_gray_dst_aw/i_spill_register/spill_register_flushable_i/gen_spill_reg.a_data_q_reg[len][2]/C
                         clock pessimism             -0.706    11.829    
                         inter-SLR compensation      -1.736    10.093    
                         clock uncertainty           -0.226     9.868    
    SLICE_X27Y50         FDCE (Setup_HFF_SLICEM_C_D)
                                                      0.025     9.893    i_carfield/i_hyperbus_wrap/i_hyper_cdc_dst/i_cdc_fifo_gray_dst_aw/i_spill_register/spill_register_flushable_i/gen_spill_reg.a_data_q_reg[len][2]
  -------------------------------------------------------------------
                         required time                          9.893    
                         arrival time                         -29.288    
  -------------------------------------------------------------------
                         slack                                -19.395    

Slack (VIOLATED) :        -19.393ns  (required time - arrival time)
  Source:                 i_carfield/i_cheshire_wrap/i_cheshire_ext_llc_cdc_src/i_cdc_fifo_gray_src_aw/gen_word[2].data_q_reg[2][id][3]/C
                            (rising edge-triggered cell FDRE clocked by clk_50_xlnx_clk_wiz  {rise@0.000ns fall@10.000ns period=20.000ns})
  Destination:            i_carfield/i_hyperbus_wrap/i_hyper_cdc_dst/i_cdc_fifo_gray_dst_aw/i_spill_register/spill_register_flushable_i/gen_spill_reg.a_data_q_reg[id][3]/D
                            (rising edge-triggered cell FDCE clocked by periph_domain_clk  {rise@0.000ns fall@50.000ns period=100.000ns})
  Path Group:             periph_domain_clk
  Path Type:              Setup (Max at Slow Process Corner)
  Requirement:            0.000ns  (MaxDelay Path 0.000ns)
  Data Path Delay:        24.133ns  (logic 0.178ns (0.738%)  route 23.955ns (99.262%))
  Logic Levels:           2  (LUT6=1 MUXF7=1)
  Clock Path Skew:        6.664ns (DCD - SCD + CPR)
    Destination Clock Delay (DCD):    12.451ns
    Source Clock Delay      (SCD):    5.081ns
    Clock Pessimism Removal (CPR):    -0.706ns
  Clock Uncertainty:      0.226ns  ((TSJ^2 + DJ^2)^1/2) / 2 + PE
    Total System Jitter     (TSJ):    0.071ns
    Discrete Jitter          (DJ):    0.199ns
    Phase Error              (PE):    0.120ns
  Inter-SLR Compensation: 1.723ns  ((DCD - CCD) * PF)
    Destination Clock Delay (DCD):    12.451ns
    Common Clock Delay      (CCD):    0.963ns
    Prorating Factor         (PF):    0.150
  Clock Net Delay (Source):      4.545ns (routing 2.719ns, distribution 1.826ns)
  Clock Net Delay (Destination): 1.694ns (routing 0.617ns, distribution 1.077ns)
  Timing Exception:       MaxDelay Path 0.000ns

    Location             Delay type                Incr(ns)  Path(ns)    Netlist Resource(s)
  -------------------------------------------------------------------    -------------------
                         (clock clk_50_xlnx_clk_wiz rise edge)
                                                      0.000     0.000 r  
    E12                  IBUFCTRL                     0.000     0.000 r  u_ibufg_sys_clk/IBUFCTRL_INST/O
                         net (fo=1, routed)           0.384     0.384    i_xlnx_clk_wiz/inst/clk_in1
    MMCM_X1Y12           MMCME4_ADV (Prop_MMCM_CLKIN1_CLKOUT1)
                                                     -0.127     0.257 r  i_xlnx_clk_wiz/inst/mmcme4_adv_inst/CLKOUT1
                         net (fo=1, routed)           0.251     0.508    i_xlnx_clk_wiz/inst/clk_50_xlnx_clk_wiz
    BUFGCE_X1Y298        BUFGCE (Prop_BUFCE_BUFGCE_I_O)
                                                      0.028     0.536 r  i_xlnx_clk_wiz/inst/clkout2_buf/O
    X2Y4 (CLOCK_ROOT)    net (fo=240101, routed)      4.545     5.081    i_carfield/i_cheshire_wrap/i_cheshire_ext_llc_cdc_src/i_cdc_fifo_gray_src_aw/host_clk_i
    SLR Crossing[2->0]   
    SLICE_X38Y48         FDRE                                         r  i_carfield/i_cheshire_wrap/i_cheshire_ext_llc_cdc_src/i_cdc_fifo_gray_src_aw/gen_word[2].data_q_reg[2][id][3]/C
  -------------------------------------------------------------------    -------------------
    SLICE_X38Y48         FDRE (Prop_FFF2_SLICEM_C_Q)
                                                      0.079     5.160 r  i_carfield/i_cheshire_wrap/i_cheshire_ext_llc_cdc_src/i_cdc_fifo_gray_src_aw/gen_word[2].data_q_reg[2][id][3]/Q
                         net (fo=1, routed)          23.915    29.075    i_carfield/i_cheshire_wrap/i_cheshire_ext_llc_cdc_src/i_cdc_fifo_gray_src_aw/llc_aw_data[294]
    SLICE_X39Y46         LUT6 (Prop_D6LUT_SLICEL_I1_O)
                                                      0.036    29.111 r  i_carfield/i_cheshire_wrap/i_cheshire_ext_llc_cdc_src/i_cdc_fifo_gray_src_aw/gen_spill_reg.a_data_q[id][3]_i_2__52/O
                         net (fo=1, routed)           0.009    29.120    i_carfield/i_cheshire_wrap/i_cheshire_ext_llc_cdc_src/i_cdc_fifo_gray_src_aw/gen_spill_reg.a_data_q[id][3]_i_2__52_n_2
    SLICE_X39Y46         MUXF7 (Prop_F7MUX_CD_SLICEL_I0_O)
                                                      0.063    29.183 r  i_carfield/i_cheshire_wrap/i_cheshire_ext_llc_cdc_src/i_cdc_fifo_gray_src_aw/gen_spill_reg.a_data_q_reg[id][3]_i_1__5/O
                         net (fo=1, routed)           0.031    29.214    i_carfield/i_hyperbus_wrap/i_hyper_cdc_dst/i_cdc_fifo_gray_dst_aw/i_spill_register/spill_register_flushable_i/gen_spill_reg.a_data_q_reg[id][5]_0[3]
    SLICE_X39Y46         FDCE                                         r  i_carfield/i_hyperbus_wrap/i_hyper_cdc_dst/i_cdc_fifo_gray_dst_aw/i_spill_register/spill_register_flushable_i/gen_spill_reg.a_data_q_reg[id][3]/D
  -------------------------------------------------------------------    -------------------

                         max delay                    0.000     0.000    
    E12                  IBUFCTRL                     0.000     0.000 r  u_ibufg_sys_clk/IBUFCTRL_INST/O
                         net (fo=1, routed)           0.333     0.333    i_xlnx_clk_wiz/inst/clk_in1
    MMCM_X1Y12           MMCME4_ADV (Prop_MMCM_CLKIN1_CLKOUT3)
                                                      0.630     0.963 r  i_xlnx_clk_wiz/inst/mmcme4_adv_inst/CLKOUT3
                         net (fo=1, routed)           0.225     1.188    i_xlnx_clk_wiz/inst/clk_10_xlnx_clk_wiz
    BUFGCE_X1Y311        BUFGCE (Prop_BUFCE_BUFGCE_I_O)
                                                      0.024     1.212 r  i_xlnx_clk_wiz/inst/clkout4_buf/O
                         net (fo=64, routed)          4.140     5.352    i_carfield/gen_domain_clock_mux[0].i_clk_mux/clks_i[2]
    SLR Crossing[2->1]   
    SLICE_X118Y302       LUT5 (Prop_G6LUT_SLICEL_I1_O)
                                                      0.057     5.409 r  i_carfield/gen_domain_clock_mux[0].i_clk_mux/clk_o_INST_0/O
                         net (fo=1, routed)           0.943     6.352    i_carfield/gen_domain_clock_mux[0].i_clk_mux/clk_o
    SLR Crossing[1->0]   
    BUFGCE_X1Y84         BUFGCE (Prop_BUFCE_BUFGCE_I_O)
                                                      0.024     6.376 r  i_carfield/gen_domain_clock_mux[0].i_clk_mux/clk_o_BUFG_inst/O
                         net (fo=115, routed)         2.627     9.003    i_carfield/gen_domain_clock_mux[0].i_clk_div/clk_o
    SLR Crossing[0->1]   
    SLICE_X61Y300        LUT5 (Prop_G6LUT_SLICEL_I3_O)
                                                      0.057     9.060 r  i_carfield/gen_domain_clock_mux[0].i_clk_div/n_1_1099782_BUFG_inst_i_1/O
                         net (fo=2, routed)           0.064     9.124    i_carfield/i_hyper_clk_div/n_1_1099782_BUFG_inst_n_2
    SLICE_X61Y300        LUT5 (Prop_E6LUT_SLICEL_I3_O)
                                                      0.082     9.206 r  i_carfield/i_hyper_clk_div/hyp_clk_BUFG_inst_i_1/O
                         net (fo=1, routed)           1.527    10.733    i_carfield/hyp_clk
    SLR Crossing[1->0]   
    BUFGCE_X0Y39         BUFGCE (Prop_BUFCE_BUFGCE_I_O)
                                                      0.024    10.757 r  i_carfield/hyp_clk_BUFG_inst/O
    X1Y2 (CLOCK_ROOT)    net (fo=1287, routed)        1.694    12.451    i_carfield/i_hyperbus_wrap/i_hyper_cdc_dst/i_cdc_fifo_gray_dst_aw/i_spill_register/spill_register_flushable_i/hyp_clk_BUFG
    SLICE_X39Y46         FDCE                                         r  i_carfield/i_hyperbus_wrap/i_hyper_cdc_dst/i_cdc_fifo_gray_dst_aw/i_spill_register/spill_register_flushable_i/gen_spill_reg.a_data_q_reg[id][3]/C
                         clock pessimism             -0.706    11.745    
                         inter-SLR compensation      -1.723    10.022    
                         clock uncertainty           -0.226     9.796    
    SLICE_X39Y46         FDCE (Setup_DFF_SLICEL_C_D)
                                                      0.025     9.821    i_carfield/i_hyperbus_wrap/i_hyper_cdc_dst/i_cdc_fifo_gray_dst_aw/i_spill_register/spill_register_flushable_i/gen_spill_reg.a_data_q_reg[id][3]
  -------------------------------------------------------------------
                         required time                          9.821    
                         arrival time                         -29.214    
  -------------------------------------------------------------------
                         slack                                -19.393    

Slack (VIOLATED) :        -19.393ns  (required time - arrival time)
  Source:                 i_carfield/i_cheshire_wrap/i_cheshire_ext_llc_cdc_src/i_cdc_fifo_gray_src_aw/gen_word[2].data_q_reg[2][id][3]/C
                            (rising edge-triggered cell FDRE clocked by clk_50_xlnx_clk_wiz  {rise@0.000ns fall@10.000ns period=20.000ns})
  Destination:            i_carfield/i_hyperbus_wrap/i_hyper_cdc_dst/i_cdc_fifo_gray_dst_aw/i_spill_register/spill_register_flushable_i/gen_spill_reg.a_data_q_reg[id][3]/D
                            (rising edge-triggered cell FDCE clocked by periph_domain_clk  {rise@0.000ns fall@50.000ns period=100.000ns})
  Path Group:             periph_domain_clk
  Path Type:              Setup (Max at Slow Process Corner)
  Requirement:            0.000ns  (MaxDelay Path 0.000ns)
  Data Path Delay:        24.133ns  (logic 0.178ns (0.738%)  route 23.955ns (99.262%))
  Logic Levels:           2  (LUT6=1 MUXF7=1)
  Clock Path Skew:        6.664ns (DCD - SCD + CPR)
    Destination Clock Delay (DCD):    12.451ns
    Source Clock Delay      (SCD):    5.081ns
    Clock Pessimism Removal (CPR):    -0.706ns
  Clock Uncertainty:      0.226ns  ((TSJ^2 + DJ^2)^1/2) / 2 + PE
    Total System Jitter     (TSJ):    0.071ns
    Discrete Jitter          (DJ):    0.199ns
    Phase Error              (PE):    0.120ns
  Inter-SLR Compensation: 1.723ns  ((DCD - CCD) * PF)
    Destination Clock Delay (DCD):    12.451ns
    Common Clock Delay      (CCD):    0.963ns
    Prorating Factor         (PF):    0.150
  Clock Net Delay (Source):      4.545ns (routing 2.719ns, distribution 1.826ns)
  Clock Net Delay (Destination): 1.694ns (routing 0.617ns, distribution 1.077ns)
  Timing Exception:       MaxDelay Path 0.000ns

    Location             Delay type                Incr(ns)  Path(ns)    Netlist Resource(s)
  -------------------------------------------------------------------    -------------------
                         (clock clk_50_xlnx_clk_wiz rise edge)
                                                      0.000     0.000 r  
    E12                  IBUFCTRL                     0.000     0.000 r  u_ibufg_sys_clk/IBUFCTRL_INST/O
                         net (fo=1, routed)           0.384     0.384    i_xlnx_clk_wiz/inst/clk_in1
    MMCM_X1Y12           MMCME4_ADV (Prop_MMCM_CLKIN1_CLKOUT1)
                                                     -0.127     0.257 r  i_xlnx_clk_wiz/inst/mmcme4_adv_inst/CLKOUT1
                         net (fo=1, routed)           0.251     0.508    i_xlnx_clk_wiz/inst/clk_50_xlnx_clk_wiz
    BUFGCE_X1Y298        BUFGCE (Prop_BUFCE_BUFGCE_I_O)
                                                      0.028     0.536 r  i_xlnx_clk_wiz/inst/clkout2_buf/O
    X2Y4 (CLOCK_ROOT)    net (fo=240101, routed)      4.545     5.081    i_carfield/i_cheshire_wrap/i_cheshire_ext_llc_cdc_src/i_cdc_fifo_gray_src_aw/host_clk_i
    SLR Crossing[2->0]   
    SLICE_X38Y48         FDRE                                         r  i_carfield/i_cheshire_wrap/i_cheshire_ext_llc_cdc_src/i_cdc_fifo_gray_src_aw/gen_word[2].data_q_reg[2][id][3]/C
  -------------------------------------------------------------------    -------------------
    SLICE_X38Y48         FDRE (Prop_FFF2_SLICEM_C_Q)
                                                      0.079     5.160 f  i_carfield/i_cheshire_wrap/i_cheshire_ext_llc_cdc_src/i_cdc_fifo_gray_src_aw/gen_word[2].data_q_reg[2][id][3]/Q
                         net (fo=1, routed)          23.915    29.075    i_carfield/i_cheshire_wrap/i_cheshire_ext_llc_cdc_src/i_cdc_fifo_gray_src_aw/llc_aw_data[294]
    SLICE_X39Y46         LUT6 (Prop_D6LUT_SLICEL_I1_O)
                                                      0.036    29.111 f  i_carfield/i_cheshire_wrap/i_cheshire_ext_llc_cdc_src/i_cdc_fifo_gray_src_aw/gen_spill_reg.a_data_q[id][3]_i_2__52/O
                         net (fo=1, routed)           0.009    29.120    i_carfield/i_cheshire_wrap/i_cheshire_ext_llc_cdc_src/i_cdc_fifo_gray_src_aw/gen_spill_reg.a_data_q[id][3]_i_2__52_n_2
    SLICE_X39Y46         MUXF7 (Prop_F7MUX_CD_SLICEL_I0_O)
                                                      0.063    29.183 f  i_carfield/i_cheshire_wrap/i_cheshire_ext_llc_cdc_src/i_cdc_fifo_gray_src_aw/gen_spill_reg.a_data_q_reg[id][3]_i_1__5/O
                         net (fo=1, routed)           0.031    29.214    i_carfield/i_hyperbus_wrap/i_hyper_cdc_dst/i_cdc_fifo_gray_dst_aw/i_spill_register/spill_register_flushable_i/gen_spill_reg.a_data_q_reg[id][5]_0[3]
    SLICE_X39Y46         FDCE                                         f  i_carfield/i_hyperbus_wrap/i_hyper_cdc_dst/i_cdc_fifo_gray_dst_aw/i_spill_register/spill_register_flushable_i/gen_spill_reg.a_data_q_reg[id][3]/D
  -------------------------------------------------------------------    -------------------

                         max delay                    0.000     0.000    
    E12                  IBUFCTRL                     0.000     0.000 r  u_ibufg_sys_clk/IBUFCTRL_INST/O
                         net (fo=1, routed)           0.333     0.333    i_xlnx_clk_wiz/inst/clk_in1
    MMCM_X1Y12           MMCME4_ADV (Prop_MMCM_CLKIN1_CLKOUT3)
                                                      0.630     0.963 r  i_xlnx_clk_wiz/inst/mmcme4_adv_inst/CLKOUT3
                         net (fo=1, routed)           0.225     1.188    i_xlnx_clk_wiz/inst/clk_10_xlnx_clk_wiz
    BUFGCE_X1Y311        BUFGCE (Prop_BUFCE_BUFGCE_I_O)
                                                      0.024     1.212 r  i_xlnx_clk_wiz/inst/clkout4_buf/O
                         net (fo=64, routed)          4.140     5.352    i_carfield/gen_domain_clock_mux[0].i_clk_mux/clks_i[2]
    SLR Crossing[2->1]   
    SLICE_X118Y302       LUT5 (Prop_G6LUT_SLICEL_I1_O)
                                                      0.057     5.409 r  i_carfield/gen_domain_clock_mux[0].i_clk_mux/clk_o_INST_0/O
                         net (fo=1, routed)           0.943     6.352    i_carfield/gen_domain_clock_mux[0].i_clk_mux/clk_o
    SLR Crossing[1->0]   
    BUFGCE_X1Y84         BUFGCE (Prop_BUFCE_BUFGCE_I_O)
                                                      0.024     6.376 r  i_carfield/gen_domain_clock_mux[0].i_clk_mux/clk_o_BUFG_inst/O
                         net (fo=115, routed)         2.627     9.003    i_carfield/gen_domain_clock_mux[0].i_clk_div/clk_o
    SLR Crossing[0->1]   
    SLICE_X61Y300        LUT5 (Prop_G6LUT_SLICEL_I3_O)
                                                      0.057     9.060 r  i_carfield/gen_domain_clock_mux[0].i_clk_div/n_1_1099782_BUFG_inst_i_1/O
                         net (fo=2, routed)           0.064     9.124    i_carfield/i_hyper_clk_div/n_1_1099782_BUFG_inst_n_2
    SLICE_X61Y300        LUT5 (Prop_E6LUT_SLICEL_I3_O)
                                                      0.082     9.206 r  i_carfield/i_hyper_clk_div/hyp_clk_BUFG_inst_i_1/O
                         net (fo=1, routed)           1.527    10.733    i_carfield/hyp_clk
    SLR Crossing[1->0]   
    BUFGCE_X0Y39         BUFGCE (Prop_BUFCE_BUFGCE_I_O)
                                                      0.024    10.757 r  i_carfield/hyp_clk_BUFG_inst/O
    X1Y2 (CLOCK_ROOT)    net (fo=1287, routed)        1.694    12.451    i_carfield/i_hyperbus_wrap/i_hyper_cdc_dst/i_cdc_fifo_gray_dst_aw/i_spill_register/spill_register_flushable_i/hyp_clk_BUFG
    SLICE_X39Y46         FDCE                                         r  i_carfield/i_hyperbus_wrap/i_hyper_cdc_dst/i_cdc_fifo_gray_dst_aw/i_spill_register/spill_register_flushable_i/gen_spill_reg.a_data_q_reg[id][3]/C
                         clock pessimism             -0.706    11.745    
                         inter-SLR compensation      -1.723    10.022    
                         clock uncertainty           -0.226     9.796    
    SLICE_X39Y46         FDCE (Setup_DFF_SLICEL_C_D)
                                                      0.025     9.821    i_carfield/i_hyperbus_wrap/i_hyper_cdc_dst/i_cdc_fifo_gray_dst_aw/i_spill_register/spill_register_flushable_i/gen_spill_reg.a_data_q_reg[id][3]
  -------------------------------------------------------------------
                         required time                          9.821    
                         arrival time                         -29.214    
  -------------------------------------------------------------------
                         slack                                -19.393    

Slack (VIOLATED) :        -19.382ns  (required time - arrival time)
  Source:                 i_carfield/i_cheshire_wrap/i_cheshire_ext_llc_cdc_src/i_cdc_fifo_gray_src_aw/gen_word[4].data_q_reg[4][addr][25]/C
                            (rising edge-triggered cell FDRE clocked by clk_50_xlnx_clk_wiz  {rise@0.000ns fall@10.000ns period=20.000ns})
  Destination:            i_carfield/i_hyperbus_wrap/i_hyper_cdc_dst/i_cdc_fifo_gray_dst_aw/i_spill_register/spill_register_flushable_i/gen_spill_reg.a_data_q_reg[addr][25]/D
                            (rising edge-triggered cell FDCE clocked by periph_domain_clk  {rise@0.000ns fall@50.000ns period=100.000ns})
  Path Group:             periph_domain_clk
  Path Type:              Setup (Max at Slow Process Corner)
  Requirement:            0.000ns  (MaxDelay Path 0.000ns)
  Data Path Delay:        24.120ns  (logic 0.174ns (0.721%)  route 23.946ns (99.279%))
  Logic Levels:           2  (LUT6=1 MUXF7=1)
  Clock Path Skew:        6.662ns (DCD - SCD + CPR)
    Destination Clock Delay (DCD):    12.453ns
    Source Clock Delay      (SCD):    5.085ns
    Clock Pessimism Removal (CPR):    -0.706ns
  Clock Uncertainty:      0.226ns  ((TSJ^2 + DJ^2)^1/2) / 2 + PE
    Total System Jitter     (TSJ):    0.071ns
    Discrete Jitter          (DJ):    0.199ns
    Phase Error              (PE):    0.120ns
  Inter-SLR Compensation: 1.723ns  ((DCD - CCD) * PF)
    Destination Clock Delay (DCD):    12.453ns
    Common Clock Delay      (CCD):    0.963ns
    Prorating Factor         (PF):    0.150
  Clock Net Delay (Source):      4.549ns (routing 2.719ns, distribution 1.830ns)
  Clock Net Delay (Destination): 1.696ns (routing 0.617ns, distribution 1.079ns)
  Timing Exception:       MaxDelay Path 0.000ns

    Location             Delay type                Incr(ns)  Path(ns)    Netlist Resource(s)
  -------------------------------------------------------------------    -------------------
                         (clock clk_50_xlnx_clk_wiz rise edge)
                                                      0.000     0.000 r  
    E12                  IBUFCTRL                     0.000     0.000 r  u_ibufg_sys_clk/IBUFCTRL_INST/O
                         net (fo=1, routed)           0.384     0.384    i_xlnx_clk_wiz/inst/clk_in1
    MMCM_X1Y12           MMCME4_ADV (Prop_MMCM_CLKIN1_CLKOUT1)
                                                     -0.127     0.257 r  i_xlnx_clk_wiz/inst/mmcme4_adv_inst/CLKOUT1
                         net (fo=1, routed)           0.251     0.508    i_xlnx_clk_wiz/inst/clk_50_xlnx_clk_wiz
    BUFGCE_X1Y298        BUFGCE (Prop_BUFCE_BUFGCE_I_O)
                                                      0.028     0.536 r  i_xlnx_clk_wiz/inst/clkout2_buf/O
    X2Y4 (CLOCK_ROOT)    net (fo=240101, routed)      4.549     5.085    i_carfield/i_cheshire_wrap/i_cheshire_ext_llc_cdc_src/i_cdc_fifo_gray_src_aw/host_clk_i
    SLR Crossing[2->0]   
    SLICE_X40Y47         FDRE                                         r  i_carfield/i_cheshire_wrap/i_cheshire_ext_llc_cdc_src/i_cdc_fifo_gray_src_aw/gen_word[4].data_q_reg[4][addr][25]/C
  -------------------------------------------------------------------    -------------------
    SLICE_X40Y47         FDRE (Prop_FFF_SLICEM_C_Q)
                                                      0.076     5.161 r  i_carfield/i_cheshire_wrap/i_cheshire_ext_llc_cdc_src/i_cdc_fifo_gray_src_aw/gen_word[4].data_q_reg[4][addr][25]/Q
                         net (fo=1, routed)          23.907    29.068    i_carfield/i_cheshire_wrap/i_cheshire_ext_llc_cdc_src/i_cdc_fifo_gray_src_aw/llc_aw_data[466]
    SLICE_X39Y47         LUT6 (Prop_G6LUT_SLICEL_I5_O)
                                                      0.035    29.103 r  i_carfield/i_cheshire_wrap/i_cheshire_ext_llc_cdc_src/i_cdc_fifo_gray_src_aw/gen_spill_reg.a_data_q[addr][25]_i_3__23/O
                         net (fo=1, routed)           0.008    29.111    i_carfield/i_cheshire_wrap/i_cheshire_ext_llc_cdc_src/i_cdc_fifo_gray_src_aw/gen_spill_reg.a_data_q[addr][25]_i_3__23_n_2
    SLICE_X39Y47         MUXF7 (Prop_F7MUX_GH_SLICEL_I1_O)
                                                      0.063    29.174 r  i_carfield/i_cheshire_wrap/i_cheshire_ext_llc_cdc_src/i_cdc_fifo_gray_src_aw/gen_spill_reg.a_data_q_reg[addr][25]_i_1__10/O
                         net (fo=1, routed)           0.031    29.205    i_carfield/i_hyperbus_wrap/i_hyper_cdc_dst/i_cdc_fifo_gray_dst_aw/i_spill_register/spill_register_flushable_i/gen_spill_reg.a_data_q_reg[addr][32]_0[25]
    SLICE_X39Y47         FDCE                                         r  i_carfield/i_hyperbus_wrap/i_hyper_cdc_dst/i_cdc_fifo_gray_dst_aw/i_spill_register/spill_register_flushable_i/gen_spill_reg.a_data_q_reg[addr][25]/D
  -------------------------------------------------------------------    -------------------

                         max delay                    0.000     0.000    
    E12                  IBUFCTRL                     0.000     0.000 r  u_ibufg_sys_clk/IBUFCTRL_INST/O
                         net (fo=1, routed)           0.333     0.333    i_xlnx_clk_wiz/inst/clk_in1
    MMCM_X1Y12           MMCME4_ADV (Prop_MMCM_CLKIN1_CLKOUT3)
                                                      0.630     0.963 r  i_xlnx_clk_wiz/inst/mmcme4_adv_inst/CLKOUT3
                         net (fo=1, routed)           0.225     1.188    i_xlnx_clk_wiz/inst/clk_10_xlnx_clk_wiz
    BUFGCE_X1Y311        BUFGCE (Prop_BUFCE_BUFGCE_I_O)
                                                      0.024     1.212 r  i_xlnx_clk_wiz/inst/clkout4_buf/O
                         net (fo=64, routed)          4.140     5.352    i_carfield/gen_domain_clock_mux[0].i_clk_mux/clks_i[2]
    SLR Crossing[2->1]   
    SLICE_X118Y302       LUT5 (Prop_G6LUT_SLICEL_I1_O)
                                                      0.057     5.409 r  i_carfield/gen_domain_clock_mux[0].i_clk_mux/clk_o_INST_0/O
                         net (fo=1, routed)           0.943     6.352    i_carfield/gen_domain_clock_mux[0].i_clk_mux/clk_o
    SLR Crossing[1->0]   
    BUFGCE_X1Y84         BUFGCE (Prop_BUFCE_BUFGCE_I_O)
                                                      0.024     6.376 r  i_carfield/gen_domain_clock_mux[0].i_clk_mux/clk_o_BUFG_inst/O
                         net (fo=115, routed)         2.627     9.003    i_carfield/gen_domain_clock_mux[0].i_clk_div/clk_o
    SLR Crossing[0->1]   
    SLICE_X61Y300        LUT5 (Prop_G6LUT_SLICEL_I3_O)
                                                      0.057     9.060 r  i_carfield/gen_domain_clock_mux[0].i_clk_div/n_1_1099782_BUFG_inst_i_1/O
                         net (fo=2, routed)           0.064     9.124    i_carfield/i_hyper_clk_div/n_1_1099782_BUFG_inst_n_2
    SLICE_X61Y300        LUT5 (Prop_E6LUT_SLICEL_I3_O)
                                                      0.082     9.206 r  i_carfield/i_hyper_clk_div/hyp_clk_BUFG_inst_i_1/O
                         net (fo=1, routed)           1.527    10.733    i_carfield/hyp_clk
    SLR Crossing[1->0]   
    BUFGCE_X0Y39         BUFGCE (Prop_BUFCE_BUFGCE_I_O)
                                                      0.024    10.757 r  i_carfield/hyp_clk_BUFG_inst/O
    X1Y2 (CLOCK_ROOT)    net (fo=1287, routed)        1.696    12.453    i_carfield/i_hyperbus_wrap/i_hyper_cdc_dst/i_cdc_fifo_gray_dst_aw/i_spill_register/spill_register_flushable_i/hyp_clk_BUFG
    SLICE_X39Y47         FDCE                                         r  i_carfield/i_hyperbus_wrap/i_hyper_cdc_dst/i_cdc_fifo_gray_dst_aw/i_spill_register/spill_register_flushable_i/gen_spill_reg.a_data_q_reg[addr][25]/C
                         clock pessimism             -0.706    11.747    
                         inter-SLR compensation      -1.723    10.023    
                         clock uncertainty           -0.226     9.798    
    SLICE_X39Y47         FDCE (Setup_HFF_SLICEL_C_D)
                                                      0.025     9.823    i_carfield/i_hyperbus_wrap/i_hyper_cdc_dst/i_cdc_fifo_gray_dst_aw/i_spill_register/spill_register_flushable_i/gen_spill_reg.a_data_q_reg[addr][25]
  -------------------------------------------------------------------
                         required time                          9.823    
                         arrival time                         -29.205    
  -------------------------------------------------------------------
                         slack                                -19.382    

Slack (VIOLATED) :        -19.382ns  (required time - arrival time)
  Source:                 i_carfield/i_cheshire_wrap/i_cheshire_ext_llc_cdc_src/i_cdc_fifo_gray_src_aw/gen_word[4].data_q_reg[4][addr][25]/C
                            (rising edge-triggered cell FDRE clocked by clk_50_xlnx_clk_wiz  {rise@0.000ns fall@10.000ns period=20.000ns})
  Destination:            i_carfield/i_hyperbus_wrap/i_hyper_cdc_dst/i_cdc_fifo_gray_dst_aw/i_spill_register/spill_register_flushable_i/gen_spill_reg.a_data_q_reg[addr][25]/D
                            (rising edge-triggered cell FDCE clocked by periph_domain_clk  {rise@0.000ns fall@50.000ns period=100.000ns})
  Path Group:             periph_domain_clk
  Path Type:              Setup (Max at Slow Process Corner)
  Requirement:            0.000ns  (MaxDelay Path 0.000ns)
  Data Path Delay:        24.120ns  (logic 0.174ns (0.721%)  route 23.946ns (99.279%))
  Logic Levels:           2  (LUT6=1 MUXF7=1)
  Clock Path Skew:        6.662ns (DCD - SCD + CPR)
    Destination Clock Delay (DCD):    12.453ns
    Source Clock Delay      (SCD):    5.085ns
    Clock Pessimism Removal (CPR):    -0.706ns
  Clock Uncertainty:      0.226ns  ((TSJ^2 + DJ^2)^1/2) / 2 + PE
    Total System Jitter     (TSJ):    0.071ns
    Discrete Jitter          (DJ):    0.199ns
    Phase Error              (PE):    0.120ns
  Inter-SLR Compensation: 1.723ns  ((DCD - CCD) * PF)
    Destination Clock Delay (DCD):    12.453ns
    Common Clock Delay      (CCD):    0.963ns
    Prorating Factor         (PF):    0.150
  Clock Net Delay (Source):      4.549ns (routing 2.719ns, distribution 1.830ns)
  Clock Net Delay (Destination): 1.696ns (routing 0.617ns, distribution 1.079ns)
  Timing Exception:       MaxDelay Path 0.000ns

    Location             Delay type                Incr(ns)  Path(ns)    Netlist Resource(s)
  -------------------------------------------------------------------    -------------------
                         (clock clk_50_xlnx_clk_wiz rise edge)
                                                      0.000     0.000 r  
    E12                  IBUFCTRL                     0.000     0.000 r  u_ibufg_sys_clk/IBUFCTRL_INST/O
                         net (fo=1, routed)           0.384     0.384    i_xlnx_clk_wiz/inst/clk_in1
    MMCM_X1Y12           MMCME4_ADV (Prop_MMCM_CLKIN1_CLKOUT1)
                                                     -0.127     0.257 r  i_xlnx_clk_wiz/inst/mmcme4_adv_inst/CLKOUT1
                         net (fo=1, routed)           0.251     0.508    i_xlnx_clk_wiz/inst/clk_50_xlnx_clk_wiz
    BUFGCE_X1Y298        BUFGCE (Prop_BUFCE_BUFGCE_I_O)
                                                      0.028     0.536 r  i_xlnx_clk_wiz/inst/clkout2_buf/O
    X2Y4 (CLOCK_ROOT)    net (fo=240101, routed)      4.549     5.085    i_carfield/i_cheshire_wrap/i_cheshire_ext_llc_cdc_src/i_cdc_fifo_gray_src_aw/host_clk_i
    SLR Crossing[2->0]   
    SLICE_X40Y47         FDRE                                         r  i_carfield/i_cheshire_wrap/i_cheshire_ext_llc_cdc_src/i_cdc_fifo_gray_src_aw/gen_word[4].data_q_reg[4][addr][25]/C
  -------------------------------------------------------------------    -------------------
    SLICE_X40Y47         FDRE (Prop_FFF_SLICEM_C_Q)
                                                      0.076     5.161 f  i_carfield/i_cheshire_wrap/i_cheshire_ext_llc_cdc_src/i_cdc_fifo_gray_src_aw/gen_word[4].data_q_reg[4][addr][25]/Q
                         net (fo=1, routed)          23.907    29.068    i_carfield/i_cheshire_wrap/i_cheshire_ext_llc_cdc_src/i_cdc_fifo_gray_src_aw/llc_aw_data[466]
    SLICE_X39Y47         LUT6 (Prop_G6LUT_SLICEL_I5_O)
                                                      0.035    29.103 f  i_carfield/i_cheshire_wrap/i_cheshire_ext_llc_cdc_src/i_cdc_fifo_gray_src_aw/gen_spill_reg.a_data_q[addr][25]_i_3__23/O
                         net (fo=1, routed)           0.008    29.111    i_carfield/i_cheshire_wrap/i_cheshire_ext_llc_cdc_src/i_cdc_fifo_gray_src_aw/gen_spill_reg.a_data_q[addr][25]_i_3__23_n_2
    SLICE_X39Y47         MUXF7 (Prop_F7MUX_GH_SLICEL_I1_O)
                                                      0.063    29.174 f  i_carfield/i_cheshire_wrap/i_cheshire_ext_llc_cdc_src/i_cdc_fifo_gray_src_aw/gen_spill_reg.a_data_q_reg[addr][25]_i_1__10/O
                         net (fo=1, routed)           0.031    29.205    i_carfield/i_hyperbus_wrap/i_hyper_cdc_dst/i_cdc_fifo_gray_dst_aw/i_spill_register/spill_register_flushable_i/gen_spill_reg.a_data_q_reg[addr][32]_0[25]
    SLICE_X39Y47         FDCE                                         f  i_carfield/i_hyperbus_wrap/i_hyper_cdc_dst/i_cdc_fifo_gray_dst_aw/i_spill_register/spill_register_flushable_i/gen_spill_reg.a_data_q_reg[addr][25]/D
  -------------------------------------------------------------------    -------------------

                         max delay                    0.000     0.000    
    E12                  IBUFCTRL                     0.000     0.000 r  u_ibufg_sys_clk/IBUFCTRL_INST/O
                         net (fo=1, routed)           0.333     0.333    i_xlnx_clk_wiz/inst/clk_in1
    MMCM_X1Y12           MMCME4_ADV (Prop_MMCM_CLKIN1_CLKOUT3)
                                                      0.630     0.963 r  i_xlnx_clk_wiz/inst/mmcme4_adv_inst/CLKOUT3
                         net (fo=1, routed)           0.225     1.188    i_xlnx_clk_wiz/inst/clk_10_xlnx_clk_wiz
    BUFGCE_X1Y311        BUFGCE (Prop_BUFCE_BUFGCE_I_O)
                                                      0.024     1.212 r  i_xlnx_clk_wiz/inst/clkout4_buf/O
                         net (fo=64, routed)          4.140     5.352    i_carfield/gen_domain_clock_mux[0].i_clk_mux/clks_i[2]
    SLR Crossing[2->1]   
    SLICE_X118Y302       LUT5 (Prop_G6LUT_SLICEL_I1_O)
                                                      0.057     5.409 r  i_carfield/gen_domain_clock_mux[0].i_clk_mux/clk_o_INST_0/O
                         net (fo=1, routed)           0.943     6.352    i_carfield/gen_domain_clock_mux[0].i_clk_mux/clk_o
    SLR Crossing[1->0]   
    BUFGCE_X1Y84         BUFGCE (Prop_BUFCE_BUFGCE_I_O)
                                                      0.024     6.376 r  i_carfield/gen_domain_clock_mux[0].i_clk_mux/clk_o_BUFG_inst/O
                         net (fo=115, routed)         2.627     9.003    i_carfield/gen_domain_clock_mux[0].i_clk_div/clk_o
    SLR Crossing[0->1]   
    SLICE_X61Y300        LUT5 (Prop_G6LUT_SLICEL_I3_O)
                                                      0.057     9.060 r  i_carfield/gen_domain_clock_mux[0].i_clk_div/n_1_1099782_BUFG_inst_i_1/O
                         net (fo=2, routed)           0.064     9.124    i_carfield/i_hyper_clk_div/n_1_1099782_BUFG_inst_n_2
    SLICE_X61Y300        LUT5 (Prop_E6LUT_SLICEL_I3_O)
                                                      0.082     9.206 r  i_carfield/i_hyper_clk_div/hyp_clk_BUFG_inst_i_1/O
                         net (fo=1, routed)           1.527    10.733    i_carfield/hyp_clk
    SLR Crossing[1->0]   
    BUFGCE_X0Y39         BUFGCE (Prop_BUFCE_BUFGCE_I_O)
                                                      0.024    10.757 r  i_carfield/hyp_clk_BUFG_inst/O
    X1Y2 (CLOCK_ROOT)    net (fo=1287, routed)        1.696    12.453    i_carfield/i_hyperbus_wrap/i_hyper_cdc_dst/i_cdc_fifo_gray_dst_aw/i_spill_register/spill_register_flushable_i/hyp_clk_BUFG
    SLICE_X39Y47         FDCE                                         r  i_carfield/i_hyperbus_wrap/i_hyper_cdc_dst/i_cdc_fifo_gray_dst_aw/i_spill_register/spill_register_flushable_i/gen_spill_reg.a_data_q_reg[addr][25]/C
                         clock pessimism             -0.706    11.747    
                         inter-SLR compensation      -1.723    10.023    
                         clock uncertainty           -0.226     9.798    
    SLICE_X39Y47         FDCE (Setup_HFF_SLICEL_C_D)
                                                      0.025     9.823    i_carfield/i_hyperbus_wrap/i_hyper_cdc_dst/i_cdc_fifo_gray_dst_aw/i_spill_register/spill_register_flushable_i/gen_spill_reg.a_data_q_reg[addr][25]
  -------------------------------------------------------------------
                         required time                          9.823    
                         arrival time                         -29.205    
  -------------------------------------------------------------------
                         slack                                -19.382    

Slack (VIOLATED) :        -19.374ns  (required time - arrival time)
  Source:                 i_carfield/i_cheshire_wrap/i_cheshire_ext_llc_cdc_src/i_cdc_fifo_gray_src_ar/gen_word[0].data_q_reg[0][addr][29]/C
                            (rising edge-triggered cell FDRE clocked by clk_50_xlnx_clk_wiz  {rise@0.000ns fall@10.000ns period=20.000ns})
  Destination:            i_carfield/i_hyperbus_wrap/i_hyper_cdc_dst/i_cdc_fifo_gray_dst_ar/i_spill_register/spill_register_flushable_i/gen_spill_reg.a_data_q_reg[addr][29]/D
                            (rising edge-triggered cell FDCE clocked by periph_domain_clk  {rise@0.000ns fall@50.000ns period=100.000ns})
  Path Group:             periph_domain_clk
  Path Type:              Setup (Max at Slow Process Corner)
  Requirement:            0.000ns  (MaxDelay Path 0.000ns)
  Data Path Delay:        24.058ns  (logic 0.267ns (1.110%)  route 23.791ns (98.890%))
  Logic Levels:           2  (LUT6=1 MUXF7=1)
  Clock Path Skew:        6.633ns (DCD - SCD + CPR)
    Destination Clock Delay (DCD):    12.620ns
    Source Clock Delay      (SCD):    5.281ns
    Clock Pessimism Removal (CPR):    -0.706ns
  Clock Uncertainty:      0.226ns  ((TSJ^2 + DJ^2)^1/2) / 2 + PE
    Total System Jitter     (TSJ):    0.071ns
    Discrete Jitter          (DJ):    0.199ns
    Phase Error              (PE):    0.120ns
  Inter-SLR Compensation: 1.749ns  ((DCD - CCD) * PF)
    Destination Clock Delay (DCD):    12.620ns
    Common Clock Delay      (CCD):    0.963ns
    Prorating Factor         (PF):    0.150
  Clock Net Delay (Source):      4.745ns (routing 2.719ns, distribution 2.026ns)
  Clock Net Delay (Destination): 1.863ns (routing 0.617ns, distribution 1.246ns)
  Timing Exception:       MaxDelay Path 0.000ns

    Location             Delay type                Incr(ns)  Path(ns)    Netlist Resource(s)
  -------------------------------------------------------------------    -------------------
                         (clock clk_50_xlnx_clk_wiz rise edge)
                                                      0.000     0.000 r  
    E12                  IBUFCTRL                     0.000     0.000 r  u_ibufg_sys_clk/IBUFCTRL_INST/O
                         net (fo=1, routed)           0.384     0.384    i_xlnx_clk_wiz/inst/clk_in1
    MMCM_X1Y12           MMCME4_ADV (Prop_MMCM_CLKIN1_CLKOUT1)
                                                     -0.127     0.257 r  i_xlnx_clk_wiz/inst/mmcme4_adv_inst/CLKOUT1
                         net (fo=1, routed)           0.251     0.508    i_xlnx_clk_wiz/inst/clk_50_xlnx_clk_wiz
    BUFGCE_X1Y298        BUFGCE (Prop_BUFCE_BUFGCE_I_O)
                                                      0.028     0.536 r  i_xlnx_clk_wiz/inst/clkout2_buf/O
    X2Y4 (CLOCK_ROOT)    net (fo=240101, routed)      4.745     5.281    i_carfield/i_cheshire_wrap/i_cheshire_ext_llc_cdc_src/i_cdc_fifo_gray_src_ar/host_clk_i
    SLR Crossing[2->0]   
    SLICE_X4Y48          FDRE                                         r  i_carfield/i_cheshire_wrap/i_cheshire_ext_llc_cdc_src/i_cdc_fifo_gray_src_ar/gen_word[0].data_q_reg[0][addr][29]/C
  -------------------------------------------------------------------    -------------------
    SLICE_X4Y48          FDRE (Prop_FFF_SLICEM_C_Q)
                                                      0.076     5.357 r  i_carfield/i_cheshire_wrap/i_cheshire_ext_llc_cdc_src/i_cdc_fifo_gray_src_ar/gen_word[0].data_q_reg[0][addr][29]/Q
                         net (fo=1, routed)          23.734    29.091    i_carfield/i_cheshire_wrap/i_cheshire_ext_llc_cdc_src/i_cdc_fifo_gray_src_ar/llc_ar_data[68]
    SLICE_X6Y47          LUT6 (Prop_D6LUT_SLICEM_I5_O)
                                                      0.122    29.213 r  i_carfield/i_cheshire_wrap/i_cheshire_ext_llc_cdc_src/i_cdc_fifo_gray_src_ar/gen_spill_reg.a_data_q[addr][29]_i_2__46/O
                         net (fo=1, routed)           0.025    29.238    i_carfield/i_cheshire_wrap/i_cheshire_ext_llc_cdc_src/i_cdc_fifo_gray_src_ar/gen_spill_reg.a_data_q[addr][29]_i_2__46_n_2
    SLICE_X6Y47          MUXF7 (Prop_F7MUX_CD_SLICEM_I0_O)
                                                      0.069    29.307 r  i_carfield/i_cheshire_wrap/i_cheshire_ext_llc_cdc_src/i_cdc_fifo_gray_src_ar/gen_spill_reg.a_data_q_reg[addr][29]_i_1__11/O
                         net (fo=1, routed)           0.032    29.339    i_carfield/i_hyperbus_wrap/i_hyper_cdc_dst/i_cdc_fifo_gray_dst_ar/i_spill_register/spill_register_flushable_i/gen_spill_reg.a_data_q_reg[addr][32]_0[29]
    SLICE_X6Y47          FDCE                                         r  i_carfield/i_hyperbus_wrap/i_hyper_cdc_dst/i_cdc_fifo_gray_dst_ar/i_spill_register/spill_register_flushable_i/gen_spill_reg.a_data_q_reg[addr][29]/D
  -------------------------------------------------------------------    -------------------

                         max delay                    0.000     0.000    
    E12                  IBUFCTRL                     0.000     0.000 r  u_ibufg_sys_clk/IBUFCTRL_INST/O
                         net (fo=1, routed)           0.333     0.333    i_xlnx_clk_wiz/inst/clk_in1
    MMCM_X1Y12           MMCME4_ADV (Prop_MMCM_CLKIN1_CLKOUT3)
                                                      0.630     0.963 r  i_xlnx_clk_wiz/inst/mmcme4_adv_inst/CLKOUT3
                         net (fo=1, routed)           0.225     1.188    i_xlnx_clk_wiz/inst/clk_10_xlnx_clk_wiz
    BUFGCE_X1Y311        BUFGCE (Prop_BUFCE_BUFGCE_I_O)
                                                      0.024     1.212 r  i_xlnx_clk_wiz/inst/clkout4_buf/O
                         net (fo=64, routed)          4.140     5.352    i_carfield/gen_domain_clock_mux[0].i_clk_mux/clks_i[2]
    SLR Crossing[2->1]   
    SLICE_X118Y302       LUT5 (Prop_G6LUT_SLICEL_I1_O)
                                                      0.057     5.409 r  i_carfield/gen_domain_clock_mux[0].i_clk_mux/clk_o_INST_0/O
                         net (fo=1, routed)           0.943     6.352    i_carfield/gen_domain_clock_mux[0].i_clk_mux/clk_o
    SLR Crossing[1->0]   
    BUFGCE_X1Y84         BUFGCE (Prop_BUFCE_BUFGCE_I_O)
                                                      0.024     6.376 r  i_carfield/gen_domain_clock_mux[0].i_clk_mux/clk_o_BUFG_inst/O
                         net (fo=115, routed)         2.627     9.003    i_carfield/gen_domain_clock_mux[0].i_clk_div/clk_o
    SLR Crossing[0->1]   
    SLICE_X61Y300        LUT5 (Prop_G6LUT_SLICEL_I3_O)
                                                      0.057     9.060 r  i_carfield/gen_domain_clock_mux[0].i_clk_div/n_1_1099782_BUFG_inst_i_1/O
                         net (fo=2, routed)           0.064     9.124    i_carfield/i_hyper_clk_div/n_1_1099782_BUFG_inst_n_2
    SLICE_X61Y300        LUT5 (Prop_E6LUT_SLICEL_I3_O)
                                                      0.082     9.206 r  i_carfield/i_hyper_clk_div/hyp_clk_BUFG_inst_i_1/O
                         net (fo=1, routed)           1.527    10.733    i_carfield/hyp_clk
    SLR Crossing[1->0]   
    BUFGCE_X0Y39         BUFGCE (Prop_BUFCE_BUFGCE_I_O)
                                                      0.024    10.757 r  i_carfield/hyp_clk_BUFG_inst/O
    X1Y2 (CLOCK_ROOT)    net (fo=1287, routed)        1.863    12.620    i_carfield/i_hyperbus_wrap/i_hyper_cdc_dst/i_cdc_fifo_gray_dst_ar/i_spill_register/spill_register_flushable_i/hyp_clk_BUFG
    SLICE_X6Y47          FDCE                                         r  i_carfield/i_hyperbus_wrap/i_hyper_cdc_dst/i_cdc_fifo_gray_dst_ar/i_spill_register/spill_register_flushable_i/gen_spill_reg.a_data_q_reg[addr][29]/C
                         clock pessimism             -0.706    11.914    
                         inter-SLR compensation      -1.749    10.165    
                         clock uncertainty           -0.226     9.940    
    SLICE_X6Y47          FDCE (Setup_DFF_SLICEM_C_D)
                                                      0.025     9.965    i_carfield/i_hyperbus_wrap/i_hyper_cdc_dst/i_cdc_fifo_gray_dst_ar/i_spill_register/spill_register_flushable_i/gen_spill_reg.a_data_q_reg[addr][29]
  -------------------------------------------------------------------
                         required time                          9.965    
                         arrival time                         -29.339    
  -------------------------------------------------------------------
                         slack                                -19.374    

Slack (VIOLATED) :        -19.374ns  (required time - arrival time)
  Source:                 i_carfield/i_cheshire_wrap/i_cheshire_ext_llc_cdc_src/i_cdc_fifo_gray_src_ar/gen_word[0].data_q_reg[0][addr][29]/C
                            (rising edge-triggered cell FDRE clocked by clk_50_xlnx_clk_wiz  {rise@0.000ns fall@10.000ns period=20.000ns})
  Destination:            i_carfield/i_hyperbus_wrap/i_hyper_cdc_dst/i_cdc_fifo_gray_dst_ar/i_spill_register/spill_register_flushable_i/gen_spill_reg.a_data_q_reg[addr][29]/D
                            (rising edge-triggered cell FDCE clocked by periph_domain_clk  {rise@0.000ns fall@50.000ns period=100.000ns})
  Path Group:             periph_domain_clk
  Path Type:              Setup (Max at Slow Process Corner)
  Requirement:            0.000ns  (MaxDelay Path 0.000ns)
  Data Path Delay:        24.058ns  (logic 0.267ns (1.110%)  route 23.791ns (98.890%))
  Logic Levels:           2  (LUT6=1 MUXF7=1)
  Clock Path Skew:        6.633ns (DCD - SCD + CPR)
    Destination Clock Delay (DCD):    12.620ns
    Source Clock Delay      (SCD):    5.281ns
    Clock Pessimism Removal (CPR):    -0.706ns
  Clock Uncertainty:      0.226ns  ((TSJ^2 + DJ^2)^1/2) / 2 + PE
    Total System Jitter     (TSJ):    0.071ns
    Discrete Jitter          (DJ):    0.199ns
    Phase Error              (PE):    0.120ns
  Inter-SLR Compensation: 1.749ns  ((DCD - CCD) * PF)
    Destination Clock Delay (DCD):    12.620ns
    Common Clock Delay      (CCD):    0.963ns
    Prorating Factor         (PF):    0.150
  Clock Net Delay (Source):      4.745ns (routing 2.719ns, distribution 2.026ns)
  Clock Net Delay (Destination): 1.863ns (routing 0.617ns, distribution 1.246ns)
  Timing Exception:       MaxDelay Path 0.000ns

    Location             Delay type                Incr(ns)  Path(ns)    Netlist Resource(s)
  -------------------------------------------------------------------    -------------------
                         (clock clk_50_xlnx_clk_wiz rise edge)
                                                      0.000     0.000 r  
    E12                  IBUFCTRL                     0.000     0.000 r  u_ibufg_sys_clk/IBUFCTRL_INST/O
                         net (fo=1, routed)           0.384     0.384    i_xlnx_clk_wiz/inst/clk_in1
    MMCM_X1Y12           MMCME4_ADV (Prop_MMCM_CLKIN1_CLKOUT1)
                                                     -0.127     0.257 r  i_xlnx_clk_wiz/inst/mmcme4_adv_inst/CLKOUT1
                         net (fo=1, routed)           0.251     0.508    i_xlnx_clk_wiz/inst/clk_50_xlnx_clk_wiz
    BUFGCE_X1Y298        BUFGCE (Prop_BUFCE_BUFGCE_I_O)
                                                      0.028     0.536 r  i_xlnx_clk_wiz/inst/clkout2_buf/O
    X2Y4 (CLOCK_ROOT)    net (fo=240101, routed)      4.745     5.281    i_carfield/i_cheshire_wrap/i_cheshire_ext_llc_cdc_src/i_cdc_fifo_gray_src_ar/host_clk_i
    SLR Crossing[2->0]   
    SLICE_X4Y48          FDRE                                         r  i_carfield/i_cheshire_wrap/i_cheshire_ext_llc_cdc_src/i_cdc_fifo_gray_src_ar/gen_word[0].data_q_reg[0][addr][29]/C
  -------------------------------------------------------------------    -------------------
    SLICE_X4Y48          FDRE (Prop_FFF_SLICEM_C_Q)
                                                      0.076     5.357 f  i_carfield/i_cheshire_wrap/i_cheshire_ext_llc_cdc_src/i_cdc_fifo_gray_src_ar/gen_word[0].data_q_reg[0][addr][29]/Q
                         net (fo=1, routed)          23.734    29.091    i_carfield/i_cheshire_wrap/i_cheshire_ext_llc_cdc_src/i_cdc_fifo_gray_src_ar/llc_ar_data[68]
    SLICE_X6Y47          LUT6 (Prop_D6LUT_SLICEM_I5_O)
                                                      0.122    29.213 f  i_carfield/i_cheshire_wrap/i_cheshire_ext_llc_cdc_src/i_cdc_fifo_gray_src_ar/gen_spill_reg.a_data_q[addr][29]_i_2__46/O
                         net (fo=1, routed)           0.025    29.238    i_carfield/i_cheshire_wrap/i_cheshire_ext_llc_cdc_src/i_cdc_fifo_gray_src_ar/gen_spill_reg.a_data_q[addr][29]_i_2__46_n_2
    SLICE_X6Y47          MUXF7 (Prop_F7MUX_CD_SLICEM_I0_O)
                                                      0.069    29.307 f  i_carfield/i_cheshire_wrap/i_cheshire_ext_llc_cdc_src/i_cdc_fifo_gray_src_ar/gen_spill_reg.a_data_q_reg[addr][29]_i_1__11/O
                         net (fo=1, routed)           0.032    29.339    i_carfield/i_hyperbus_wrap/i_hyper_cdc_dst/i_cdc_fifo_gray_dst_ar/i_spill_register/spill_register_flushable_i/gen_spill_reg.a_data_q_reg[addr][32]_0[29]
    SLICE_X6Y47          FDCE                                         f  i_carfield/i_hyperbus_wrap/i_hyper_cdc_dst/i_cdc_fifo_gray_dst_ar/i_spill_register/spill_register_flushable_i/gen_spill_reg.a_data_q_reg[addr][29]/D
  -------------------------------------------------------------------    -------------------

                         max delay                    0.000     0.000    
    E12                  IBUFCTRL                     0.000     0.000 r  u_ibufg_sys_clk/IBUFCTRL_INST/O
                         net (fo=1, routed)           0.333     0.333    i_xlnx_clk_wiz/inst/clk_in1
    MMCM_X1Y12           MMCME4_ADV (Prop_MMCM_CLKIN1_CLKOUT3)
                                                      0.630     0.963 r  i_xlnx_clk_wiz/inst/mmcme4_adv_inst/CLKOUT3
                         net (fo=1, routed)           0.225     1.188    i_xlnx_clk_wiz/inst/clk_10_xlnx_clk_wiz
    BUFGCE_X1Y311        BUFGCE (Prop_BUFCE_BUFGCE_I_O)
                                                      0.024     1.212 r  i_xlnx_clk_wiz/inst/clkout4_buf/O
                         net (fo=64, routed)          4.140     5.352    i_carfield/gen_domain_clock_mux[0].i_clk_mux/clks_i[2]
    SLR Crossing[2->1]   
    SLICE_X118Y302       LUT5 (Prop_G6LUT_SLICEL_I1_O)
                                                      0.057     5.409 r  i_carfield/gen_domain_clock_mux[0].i_clk_mux/clk_o_INST_0/O
                         net (fo=1, routed)           0.943     6.352    i_carfield/gen_domain_clock_mux[0].i_clk_mux/clk_o
    SLR Crossing[1->0]   
    BUFGCE_X1Y84         BUFGCE (Prop_BUFCE_BUFGCE_I_O)
                                                      0.024     6.376 r  i_carfield/gen_domain_clock_mux[0].i_clk_mux/clk_o_BUFG_inst/O
                         net (fo=115, routed)         2.627     9.003    i_carfield/gen_domain_clock_mux[0].i_clk_div/clk_o
    SLR Crossing[0->1]   
    SLICE_X61Y300        LUT5 (Prop_G6LUT_SLICEL_I3_O)
                                                      0.057     9.060 r  i_carfield/gen_domain_clock_mux[0].i_clk_div/n_1_1099782_BUFG_inst_i_1/O
                         net (fo=2, routed)           0.064     9.124    i_carfield/i_hyper_clk_div/n_1_1099782_BUFG_inst_n_2
    SLICE_X61Y300        LUT5 (Prop_E6LUT_SLICEL_I3_O)
                                                      0.082     9.206 r  i_carfield/i_hyper_clk_div/hyp_clk_BUFG_inst_i_1/O
                         net (fo=1, routed)           1.527    10.733    i_carfield/hyp_clk
    SLR Crossing[1->0]   
    BUFGCE_X0Y39         BUFGCE (Prop_BUFCE_BUFGCE_I_O)
                                                      0.024    10.757 r  i_carfield/hyp_clk_BUFG_inst/O
    X1Y2 (CLOCK_ROOT)    net (fo=1287, routed)        1.863    12.620    i_carfield/i_hyperbus_wrap/i_hyper_cdc_dst/i_cdc_fifo_gray_dst_ar/i_spill_register/spill_register_flushable_i/hyp_clk_BUFG
    SLICE_X6Y47          FDCE                                         r  i_carfield/i_hyperbus_wrap/i_hyper_cdc_dst/i_cdc_fifo_gray_dst_ar/i_spill_register/spill_register_flushable_i/gen_spill_reg.a_data_q_reg[addr][29]/C
                         clock pessimism             -0.706    11.914    
                         inter-SLR compensation      -1.749    10.165    
                         clock uncertainty           -0.226     9.940    
    SLICE_X6Y47          FDCE (Setup_DFF_SLICEM_C_D)
                                                      0.025     9.965    i_carfield/i_hyperbus_wrap/i_hyper_cdc_dst/i_cdc_fifo_gray_dst_ar/i_spill_register/spill_register_flushable_i/gen_spill_reg.a_data_q_reg[addr][29]
  -------------------------------------------------------------------
                         required time                          9.965    
                         arrival time                         -29.339    
  -------------------------------------------------------------------
                         slack                                -19.374    

Slack (VIOLATED) :        -19.364ns  (required time - arrival time)
  Source:                 i_carfield/i_cheshire_wrap/i_cheshire_ext_llc_cdc_src/i_cdc_fifo_gray_src_ar/gen_word[0].data_q_reg[0][addr][25]/C
                            (rising edge-triggered cell FDRE clocked by clk_50_xlnx_clk_wiz  {rise@0.000ns fall@10.000ns period=20.000ns})
  Destination:            i_carfield/i_hyperbus_wrap/i_hyper_cdc_dst/i_cdc_fifo_gray_dst_ar/i_spill_register/spill_register_flushable_i/gen_spill_reg.a_data_q_reg[addr][25]/D
                            (rising edge-triggered cell FDCE clocked by periph_domain_clk  {rise@0.000ns fall@50.000ns period=100.000ns})
  Path Group:             periph_domain_clk
  Path Type:              Setup (Max at Slow Process Corner)
  Requirement:            0.000ns  (MaxDelay Path 0.000ns)
  Data Path Delay:        24.081ns  (logic 0.178ns (0.739%)  route 23.903ns (99.261%))
  Logic Levels:           2  (LUT6=1 MUXF7=1)
  Clock Path Skew:        6.662ns (DCD - SCD + CPR)
    Destination Clock Delay (DCD):    12.591ns
    Source Clock Delay      (SCD):    5.223ns
    Clock Pessimism Removal (CPR):    -0.706ns
  Clock Uncertainty:      0.226ns  ((TSJ^2 + DJ^2)^1/2) / 2 + PE
    Total System Jitter     (TSJ):    0.071ns
    Discrete Jitter          (DJ):    0.199ns
    Phase Error              (PE):    0.120ns
  Inter-SLR Compensation: 1.744ns  ((DCD - CCD) * PF)
    Destination Clock Delay (DCD):    12.591ns
    Common Clock Delay      (CCD):    0.963ns
    Prorating Factor         (PF):    0.150
  Clock Net Delay (Source):      4.687ns (routing 2.719ns, distribution 1.968ns)
  Clock Net Delay (Destination): 1.834ns (routing 0.617ns, distribution 1.217ns)
  Timing Exception:       MaxDelay Path 0.000ns

    Location             Delay type                Incr(ns)  Path(ns)    Netlist Resource(s)
  -------------------------------------------------------------------    -------------------
                         (clock clk_50_xlnx_clk_wiz rise edge)
                                                      0.000     0.000 r  
    E12                  IBUFCTRL                     0.000     0.000 r  u_ibufg_sys_clk/IBUFCTRL_INST/O
                         net (fo=1, routed)           0.384     0.384    i_xlnx_clk_wiz/inst/clk_in1
    MMCM_X1Y12           MMCME4_ADV (Prop_MMCM_CLKIN1_CLKOUT1)
                                                     -0.127     0.257 r  i_xlnx_clk_wiz/inst/mmcme4_adv_inst/CLKOUT1
                         net (fo=1, routed)           0.251     0.508    i_xlnx_clk_wiz/inst/clk_50_xlnx_clk_wiz
    BUFGCE_X1Y298        BUFGCE (Prop_BUFCE_BUFGCE_I_O)
                                                      0.028     0.536 r  i_xlnx_clk_wiz/inst/clkout2_buf/O
    X2Y4 (CLOCK_ROOT)    net (fo=240101, routed)      4.687     5.223    i_carfield/i_cheshire_wrap/i_cheshire_ext_llc_cdc_src/i_cdc_fifo_gray_src_ar/host_clk_i
    SLR Crossing[2->0]   
    SLICE_X13Y41         FDRE                                         r  i_carfield/i_cheshire_wrap/i_cheshire_ext_llc_cdc_src/i_cdc_fifo_gray_src_ar/gen_word[0].data_q_reg[0][addr][25]/C
  -------------------------------------------------------------------    -------------------
    SLICE_X13Y41         FDRE (Prop_EFF2_SLICEM_C_Q)
                                                      0.079     5.302 r  i_carfield/i_cheshire_wrap/i_cheshire_ext_llc_cdc_src/i_cdc_fifo_gray_src_ar/gen_word[0].data_q_reg[0][addr][25]/Q
                         net (fo=1, routed)          23.863    29.165    i_carfield/i_cheshire_wrap/i_cheshire_ext_llc_cdc_src/i_cdc_fifo_gray_src_ar/llc_ar_data[64]
    SLICE_X12Y42         LUT6 (Prop_D6LUT_SLICEL_I5_O)
                                                      0.036    29.201 r  i_carfield/i_cheshire_wrap/i_cheshire_ext_llc_cdc_src/i_cdc_fifo_gray_src_ar/gen_spill_reg.a_data_q[addr][25]_i_2__46/O
                         net (fo=1, routed)           0.009    29.210    i_carfield/i_cheshire_wrap/i_cheshire_ext_llc_cdc_src/i_cdc_fifo_gray_src_ar/gen_spill_reg.a_data_q[addr][25]_i_2__46_n_2
    SLICE_X12Y42         MUXF7 (Prop_F7MUX_CD_SLICEL_I0_O)
                                                      0.063    29.273 r  i_carfield/i_cheshire_wrap/i_cheshire_ext_llc_cdc_src/i_cdc_fifo_gray_src_ar/gen_spill_reg.a_data_q_reg[addr][25]_i_1__11/O
                         net (fo=1, routed)           0.031    29.304    i_carfield/i_hyperbus_wrap/i_hyper_cdc_dst/i_cdc_fifo_gray_dst_ar/i_spill_register/spill_register_flushable_i/gen_spill_reg.a_data_q_reg[addr][32]_0[25]
    SLICE_X12Y42         FDCE                                         r  i_carfield/i_hyperbus_wrap/i_hyper_cdc_dst/i_cdc_fifo_gray_dst_ar/i_spill_register/spill_register_flushable_i/gen_spill_reg.a_data_q_reg[addr][25]/D
  -------------------------------------------------------------------    -------------------

                         max delay                    0.000     0.000    
    E12                  IBUFCTRL                     0.000     0.000 r  u_ibufg_sys_clk/IBUFCTRL_INST/O
                         net (fo=1, routed)           0.333     0.333    i_xlnx_clk_wiz/inst/clk_in1
    MMCM_X1Y12           MMCME4_ADV (Prop_MMCM_CLKIN1_CLKOUT3)
                                                      0.630     0.963 r  i_xlnx_clk_wiz/inst/mmcme4_adv_inst/CLKOUT3
                         net (fo=1, routed)           0.225     1.188    i_xlnx_clk_wiz/inst/clk_10_xlnx_clk_wiz
    BUFGCE_X1Y311        BUFGCE (Prop_BUFCE_BUFGCE_I_O)
                                                      0.024     1.212 r  i_xlnx_clk_wiz/inst/clkout4_buf/O
                         net (fo=64, routed)          4.140     5.352    i_carfield/gen_domain_clock_mux[0].i_clk_mux/clks_i[2]
    SLR Crossing[2->1]   
    SLICE_X118Y302       LUT5 (Prop_G6LUT_SLICEL_I1_O)
                                                      0.057     5.409 r  i_carfield/gen_domain_clock_mux[0].i_clk_mux/clk_o_INST_0/O
                         net (fo=1, routed)           0.943     6.352    i_carfield/gen_domain_clock_mux[0].i_clk_mux/clk_o
    SLR Crossing[1->0]   
    BUFGCE_X1Y84         BUFGCE (Prop_BUFCE_BUFGCE_I_O)
                                                      0.024     6.376 r  i_carfield/gen_domain_clock_mux[0].i_clk_mux/clk_o_BUFG_inst/O
                         net (fo=115, routed)         2.627     9.003    i_carfield/gen_domain_clock_mux[0].i_clk_div/clk_o
    SLR Crossing[0->1]   
    SLICE_X61Y300        LUT5 (Prop_G6LUT_SLICEL_I3_O)
                                                      0.057     9.060 r  i_carfield/gen_domain_clock_mux[0].i_clk_div/n_1_1099782_BUFG_inst_i_1/O
                         net (fo=2, routed)           0.064     9.124    i_carfield/i_hyper_clk_div/n_1_1099782_BUFG_inst_n_2
    SLICE_X61Y300        LUT5 (Prop_E6LUT_SLICEL_I3_O)
                                                      0.082     9.206 r  i_carfield/i_hyper_clk_div/hyp_clk_BUFG_inst_i_1/O
                         net (fo=1, routed)           1.527    10.733    i_carfield/hyp_clk
    SLR Crossing[1->0]   
    BUFGCE_X0Y39         BUFGCE (Prop_BUFCE_BUFGCE_I_O)
                                                      0.024    10.757 r  i_carfield/hyp_clk_BUFG_inst/O
    X1Y2 (CLOCK_ROOT)    net (fo=1287, routed)        1.834    12.591    i_carfield/i_hyperbus_wrap/i_hyper_cdc_dst/i_cdc_fifo_gray_dst_ar/i_spill_register/spill_register_flushable_i/hyp_clk_BUFG
    SLICE_X12Y42         FDCE                                         r  i_carfield/i_hyperbus_wrap/i_hyper_cdc_dst/i_cdc_fifo_gray_dst_ar/i_spill_register/spill_register_flushable_i/gen_spill_reg.a_data_q_reg[addr][25]/C
                         clock pessimism             -0.706    11.885    
                         inter-SLR compensation      -1.744    10.141    
                         clock uncertainty           -0.226     9.915    
    SLICE_X12Y42         FDCE (Setup_DFF_SLICEL_C_D)
                                                      0.025     9.940    i_carfield/i_hyperbus_wrap/i_hyper_cdc_dst/i_cdc_fifo_gray_dst_ar/i_spill_register/spill_register_flushable_i/gen_spill_reg.a_data_q_reg[addr][25]
  -------------------------------------------------------------------
                         required time                          9.940    
                         arrival time                         -29.304    
  -------------------------------------------------------------------
                         slack                                -19.364    

Slack (VIOLATED) :        -19.364ns  (required time - arrival time)
  Source:                 i_carfield/i_cheshire_wrap/i_cheshire_ext_llc_cdc_src/i_cdc_fifo_gray_src_ar/gen_word[0].data_q_reg[0][addr][25]/C
                            (rising edge-triggered cell FDRE clocked by clk_50_xlnx_clk_wiz  {rise@0.000ns fall@10.000ns period=20.000ns})
  Destination:            i_carfield/i_hyperbus_wrap/i_hyper_cdc_dst/i_cdc_fifo_gray_dst_ar/i_spill_register/spill_register_flushable_i/gen_spill_reg.a_data_q_reg[addr][25]/D
                            (rising edge-triggered cell FDCE clocked by periph_domain_clk  {rise@0.000ns fall@50.000ns period=100.000ns})
  Path Group:             periph_domain_clk
  Path Type:              Setup (Max at Slow Process Corner)
  Requirement:            0.000ns  (MaxDelay Path 0.000ns)
  Data Path Delay:        24.081ns  (logic 0.178ns (0.739%)  route 23.903ns (99.261%))
  Logic Levels:           2  (LUT6=1 MUXF7=1)
  Clock Path Skew:        6.662ns (DCD - SCD + CPR)
    Destination Clock Delay (DCD):    12.591ns
    Source Clock Delay      (SCD):    5.223ns
    Clock Pessimism Removal (CPR):    -0.706ns
  Clock Uncertainty:      0.226ns  ((TSJ^2 + DJ^2)^1/2) / 2 + PE
    Total System Jitter     (TSJ):    0.071ns
    Discrete Jitter          (DJ):    0.199ns
    Phase Error              (PE):    0.120ns
  Inter-SLR Compensation: 1.744ns  ((DCD - CCD) * PF)
    Destination Clock Delay (DCD):    12.591ns
    Common Clock Delay      (CCD):    0.963ns
    Prorating Factor         (PF):    0.150
  Clock Net Delay (Source):      4.687ns (routing 2.719ns, distribution 1.968ns)
  Clock Net Delay (Destination): 1.834ns (routing 0.617ns, distribution 1.217ns)
  Timing Exception:       MaxDelay Path 0.000ns

    Location             Delay type                Incr(ns)  Path(ns)    Netlist Resource(s)
  -------------------------------------------------------------------    -------------------
                         (clock clk_50_xlnx_clk_wiz rise edge)
                                                      0.000     0.000 r  
    E12                  IBUFCTRL                     0.000     0.000 r  u_ibufg_sys_clk/IBUFCTRL_INST/O
                         net (fo=1, routed)           0.384     0.384    i_xlnx_clk_wiz/inst/clk_in1
    MMCM_X1Y12           MMCME4_ADV (Prop_MMCM_CLKIN1_CLKOUT1)
                                                     -0.127     0.257 r  i_xlnx_clk_wiz/inst/mmcme4_adv_inst/CLKOUT1
                         net (fo=1, routed)           0.251     0.508    i_xlnx_clk_wiz/inst/clk_50_xlnx_clk_wiz
    BUFGCE_X1Y298        BUFGCE (Prop_BUFCE_BUFGCE_I_O)
                                                      0.028     0.536 r  i_xlnx_clk_wiz/inst/clkout2_buf/O
    X2Y4 (CLOCK_ROOT)    net (fo=240101, routed)      4.687     5.223    i_carfield/i_cheshire_wrap/i_cheshire_ext_llc_cdc_src/i_cdc_fifo_gray_src_ar/host_clk_i
    SLR Crossing[2->0]   
    SLICE_X13Y41         FDRE                                         r  i_carfield/i_cheshire_wrap/i_cheshire_ext_llc_cdc_src/i_cdc_fifo_gray_src_ar/gen_word[0].data_q_reg[0][addr][25]/C
  -------------------------------------------------------------------    -------------------
    SLICE_X13Y41         FDRE (Prop_EFF2_SLICEM_C_Q)
                                                      0.079     5.302 f  i_carfield/i_cheshire_wrap/i_cheshire_ext_llc_cdc_src/i_cdc_fifo_gray_src_ar/gen_word[0].data_q_reg[0][addr][25]/Q
                         net (fo=1, routed)          23.863    29.165    i_carfield/i_cheshire_wrap/i_cheshire_ext_llc_cdc_src/i_cdc_fifo_gray_src_ar/llc_ar_data[64]
    SLICE_X12Y42         LUT6 (Prop_D6LUT_SLICEL_I5_O)
                                                      0.036    29.201 f  i_carfield/i_cheshire_wrap/i_cheshire_ext_llc_cdc_src/i_cdc_fifo_gray_src_ar/gen_spill_reg.a_data_q[addr][25]_i_2__46/O
                         net (fo=1, routed)           0.009    29.210    i_carfield/i_cheshire_wrap/i_cheshire_ext_llc_cdc_src/i_cdc_fifo_gray_src_ar/gen_spill_reg.a_data_q[addr][25]_i_2__46_n_2
    SLICE_X12Y42         MUXF7 (Prop_F7MUX_CD_SLICEL_I0_O)
                                                      0.063    29.273 f  i_carfield/i_cheshire_wrap/i_cheshire_ext_llc_cdc_src/i_cdc_fifo_gray_src_ar/gen_spill_reg.a_data_q_reg[addr][25]_i_1__11/O
                         net (fo=1, routed)           0.031    29.304    i_carfield/i_hyperbus_wrap/i_hyper_cdc_dst/i_cdc_fifo_gray_dst_ar/i_spill_register/spill_register_flushable_i/gen_spill_reg.a_data_q_reg[addr][32]_0[25]
    SLICE_X12Y42         FDCE                                         f  i_carfield/i_hyperbus_wrap/i_hyper_cdc_dst/i_cdc_fifo_gray_dst_ar/i_spill_register/spill_register_flushable_i/gen_spill_reg.a_data_q_reg[addr][25]/D
  -------------------------------------------------------------------    -------------------

                         max delay                    0.000     0.000    
    E12                  IBUFCTRL                     0.000     0.000 r  u_ibufg_sys_clk/IBUFCTRL_INST/O
                         net (fo=1, routed)           0.333     0.333    i_xlnx_clk_wiz/inst/clk_in1
    MMCM_X1Y12           MMCME4_ADV (Prop_MMCM_CLKIN1_CLKOUT3)
                                                      0.630     0.963 r  i_xlnx_clk_wiz/inst/mmcme4_adv_inst/CLKOUT3
                         net (fo=1, routed)           0.225     1.188    i_xlnx_clk_wiz/inst/clk_10_xlnx_clk_wiz
    BUFGCE_X1Y311        BUFGCE (Prop_BUFCE_BUFGCE_I_O)
                                                      0.024     1.212 r  i_xlnx_clk_wiz/inst/clkout4_buf/O
                         net (fo=64, routed)          4.140     5.352    i_carfield/gen_domain_clock_mux[0].i_clk_mux/clks_i[2]
    SLR Crossing[2->1]   
    SLICE_X118Y302       LUT5 (Prop_G6LUT_SLICEL_I1_O)
                                                      0.057     5.409 r  i_carfield/gen_domain_clock_mux[0].i_clk_mux/clk_o_INST_0/O
                         net (fo=1, routed)           0.943     6.352    i_carfield/gen_domain_clock_mux[0].i_clk_mux/clk_o
    SLR Crossing[1->0]   
    BUFGCE_X1Y84         BUFGCE (Prop_BUFCE_BUFGCE_I_O)
                                                      0.024     6.376 r  i_carfield/gen_domain_clock_mux[0].i_clk_mux/clk_o_BUFG_inst/O
                         net (fo=115, routed)         2.627     9.003    i_carfield/gen_domain_clock_mux[0].i_clk_div/clk_o
    SLR Crossing[0->1]   
    SLICE_X61Y300        LUT5 (Prop_G6LUT_SLICEL_I3_O)
                                                      0.057     9.060 r  i_carfield/gen_domain_clock_mux[0].i_clk_div/n_1_1099782_BUFG_inst_i_1/O
                         net (fo=2, routed)           0.064     9.124    i_carfield/i_hyper_clk_div/n_1_1099782_BUFG_inst_n_2
    SLICE_X61Y300        LUT5 (Prop_E6LUT_SLICEL_I3_O)
                                                      0.082     9.206 r  i_carfield/i_hyper_clk_div/hyp_clk_BUFG_inst_i_1/O
                         net (fo=1, routed)           1.527    10.733    i_carfield/hyp_clk
    SLR Crossing[1->0]   
    BUFGCE_X0Y39         BUFGCE (Prop_BUFCE_BUFGCE_I_O)
                                                      0.024    10.757 r  i_carfield/hyp_clk_BUFG_inst/O
    X1Y2 (CLOCK_ROOT)    net (fo=1287, routed)        1.834    12.591    i_carfield/i_hyperbus_wrap/i_hyper_cdc_dst/i_cdc_fifo_gray_dst_ar/i_spill_register/spill_register_flushable_i/hyp_clk_BUFG
    SLICE_X12Y42         FDCE                                         r  i_carfield/i_hyperbus_wrap/i_hyper_cdc_dst/i_cdc_fifo_gray_dst_ar/i_spill_register/spill_register_flushable_i/gen_spill_reg.a_data_q_reg[addr][25]/C
                         clock pessimism             -0.706    11.885    
                         inter-SLR compensation      -1.744    10.141    
                         clock uncertainty           -0.226     9.915    
    SLICE_X12Y42         FDCE (Setup_DFF_SLICEL_C_D)
                                                      0.025     9.940    i_carfield/i_hyperbus_wrap/i_hyper_cdc_dst/i_cdc_fifo_gray_dst_ar/i_spill_register/spill_register_flushable_i/gen_spill_reg.a_data_q_reg[addr][25]
  -------------------------------------------------------------------
                         required time                          9.940    
                         arrival time                         -29.304    
  -------------------------------------------------------------------
                         slack                                -19.364    

Slack (VIOLATED) :        -19.349ns  (required time - arrival time)
  Source:                 i_carfield/i_cheshire_wrap/i_cheshire_ext_llc_cdc_src/i_cdc_fifo_gray_src_ar/gen_word[7].data_q_reg[7][addr][0]/C
                            (rising edge-triggered cell FDRE clocked by clk_50_xlnx_clk_wiz  {rise@0.000ns fall@10.000ns period=20.000ns})
  Destination:            i_carfield/i_hyperbus_wrap/i_hyper_cdc_dst/i_cdc_fifo_gray_dst_ar/i_spill_register/spill_register_flushable_i/gen_spill_reg.a_data_q_reg[addr][0]/D
                            (rising edge-triggered cell FDCE clocked by periph_domain_clk  {rise@0.000ns fall@50.000ns period=100.000ns})
  Path Group:             periph_domain_clk
  Path Type:              Setup (Max at Slow Process Corner)
  Requirement:            0.000ns  (MaxDelay Path 0.000ns)
  Data Path Delay:        24.054ns  (logic 0.184ns (0.765%)  route 23.870ns (99.235%))
  Logic Levels:           2  (LUT6=1 MUXF7=1)
  Clock Path Skew:        6.655ns (DCD - SCD + CPR)
    Destination Clock Delay (DCD):    12.626ns
    Source Clock Delay      (SCD):    5.265ns
    Clock Pessimism Removal (CPR):    -0.706ns
  Clock Uncertainty:      0.226ns  ((TSJ^2 + DJ^2)^1/2) / 2 + PE
    Total System Jitter     (TSJ):    0.071ns
    Discrete Jitter          (DJ):    0.199ns
    Phase Error              (PE):    0.120ns
  Inter-SLR Compensation: 1.749ns  ((DCD - CCD) * PF)
    Destination Clock Delay (DCD):    12.626ns
    Common Clock Delay      (CCD):    0.963ns
    Prorating Factor         (PF):    0.150
  Clock Net Delay (Source):      4.729ns (routing 2.719ns, distribution 2.010ns)
  Clock Net Delay (Destination): 1.869ns (routing 0.617ns, distribution 1.252ns)
  Timing Exception:       MaxDelay Path 0.000ns

    Location             Delay type                Incr(ns)  Path(ns)    Netlist Resource(s)
  -------------------------------------------------------------------    -------------------
                         (clock clk_50_xlnx_clk_wiz rise edge)
                                                      0.000     0.000 r  
    E12                  IBUFCTRL                     0.000     0.000 r  u_ibufg_sys_clk/IBUFCTRL_INST/O
                         net (fo=1, routed)           0.384     0.384    i_xlnx_clk_wiz/inst/clk_in1
    MMCM_X1Y12           MMCME4_ADV (Prop_MMCM_CLKIN1_CLKOUT1)
                                                     -0.127     0.257 r  i_xlnx_clk_wiz/inst/mmcme4_adv_inst/CLKOUT1
                         net (fo=1, routed)           0.251     0.508    i_xlnx_clk_wiz/inst/clk_50_xlnx_clk_wiz
    BUFGCE_X1Y298        BUFGCE (Prop_BUFCE_BUFGCE_I_O)
                                                      0.028     0.536 r  i_xlnx_clk_wiz/inst/clkout2_buf/O
    X2Y4 (CLOCK_ROOT)    net (fo=240101, routed)      4.729     5.265    i_carfield/i_cheshire_wrap/i_cheshire_ext_llc_cdc_src/i_cdc_fifo_gray_src_ar/host_clk_i
    SLR Crossing[2->0]   
    SLICE_X3Y48          FDRE                                         r  i_carfield/i_cheshire_wrap/i_cheshire_ext_llc_cdc_src/i_cdc_fifo_gray_src_ar/gen_word[7].data_q_reg[7][addr][0]/C
  -------------------------------------------------------------------    -------------------
    SLICE_X3Y48          FDRE (Prop_EFF_SLICEL_C_Q)
                                                      0.079     5.344 r  i_carfield/i_cheshire_wrap/i_cheshire_ext_llc_cdc_src/i_cdc_fifo_gray_src_ar/gen_word[7].data_q_reg[7][addr][0]/Q
                         net (fo=1, routed)          23.817    29.161    i_carfield/i_cheshire_wrap/i_cheshire_ext_llc_cdc_src/i_cdc_fifo_gray_src_ar/llc_ar_data[690]
    SLICE_X4Y47          LUT6 (Prop_C6LUT_SLICEM_I0_O)
                                                      0.037    29.198 r  i_carfield/i_cheshire_wrap/i_cheshire_ext_llc_cdc_src/i_cdc_fifo_gray_src_ar/gen_spill_reg.a_data_q[addr][0]_i_3__23/O
                         net (fo=1, routed)           0.021    29.219    i_carfield/i_cheshire_wrap/i_cheshire_ext_llc_cdc_src/i_cdc_fifo_gray_src_ar/gen_spill_reg.a_data_q[addr][0]_i_3__23_n_2
    SLICE_X4Y47          MUXF7 (Prop_F7MUX_CD_SLICEM_I1_O)
                                                      0.068    29.287 r  i_carfield/i_cheshire_wrap/i_cheshire_ext_llc_cdc_src/i_cdc_fifo_gray_src_ar/gen_spill_reg.a_data_q_reg[addr][0]_i_1__10/O
                         net (fo=1, routed)           0.032    29.319    i_carfield/i_hyperbus_wrap/i_hyper_cdc_dst/i_cdc_fifo_gray_dst_ar/i_spill_register/spill_register_flushable_i/gen_spill_reg.a_data_q_reg[addr][32]_0[0]
    SLICE_X4Y47          FDCE                                         r  i_carfield/i_hyperbus_wrap/i_hyper_cdc_dst/i_cdc_fifo_gray_dst_ar/i_spill_register/spill_register_flushable_i/gen_spill_reg.a_data_q_reg[addr][0]/D
  -------------------------------------------------------------------    -------------------

                         max delay                    0.000     0.000    
    E12                  IBUFCTRL                     0.000     0.000 r  u_ibufg_sys_clk/IBUFCTRL_INST/O
                         net (fo=1, routed)           0.333     0.333    i_xlnx_clk_wiz/inst/clk_in1
    MMCM_X1Y12           MMCME4_ADV (Prop_MMCM_CLKIN1_CLKOUT3)
                                                      0.630     0.963 r  i_xlnx_clk_wiz/inst/mmcme4_adv_inst/CLKOUT3
                         net (fo=1, routed)           0.225     1.188    i_xlnx_clk_wiz/inst/clk_10_xlnx_clk_wiz
    BUFGCE_X1Y311        BUFGCE (Prop_BUFCE_BUFGCE_I_O)
                                                      0.024     1.212 r  i_xlnx_clk_wiz/inst/clkout4_buf/O
                         net (fo=64, routed)          4.140     5.352    i_carfield/gen_domain_clock_mux[0].i_clk_mux/clks_i[2]
    SLR Crossing[2->1]   
    SLICE_X118Y302       LUT5 (Prop_G6LUT_SLICEL_I1_O)
                                                      0.057     5.409 r  i_carfield/gen_domain_clock_mux[0].i_clk_mux/clk_o_INST_0/O
                         net (fo=1, routed)           0.943     6.352    i_carfield/gen_domain_clock_mux[0].i_clk_mux/clk_o
    SLR Crossing[1->0]   
    BUFGCE_X1Y84         BUFGCE (Prop_BUFCE_BUFGCE_I_O)
                                                      0.024     6.376 r  i_carfield/gen_domain_clock_mux[0].i_clk_mux/clk_o_BUFG_inst/O
                         net (fo=115, routed)         2.627     9.003    i_carfield/gen_domain_clock_mux[0].i_clk_div/clk_o
    SLR Crossing[0->1]   
    SLICE_X61Y300        LUT5 (Prop_G6LUT_SLICEL_I3_O)
                                                      0.057     9.060 r  i_carfield/gen_domain_clock_mux[0].i_clk_div/n_1_1099782_BUFG_inst_i_1/O
                         net (fo=2, routed)           0.064     9.124    i_carfield/i_hyper_clk_div/n_1_1099782_BUFG_inst_n_2
    SLICE_X61Y300        LUT5 (Prop_E6LUT_SLICEL_I3_O)
                                                      0.082     9.206 r  i_carfield/i_hyper_clk_div/hyp_clk_BUFG_inst_i_1/O
                         net (fo=1, routed)           1.527    10.733    i_carfield/hyp_clk
    SLR Crossing[1->0]   
    BUFGCE_X0Y39         BUFGCE (Prop_BUFCE_BUFGCE_I_O)
                                                      0.024    10.757 r  i_carfield/hyp_clk_BUFG_inst/O
    X1Y2 (CLOCK_ROOT)    net (fo=1287, routed)        1.869    12.626    i_carfield/i_hyperbus_wrap/i_hyper_cdc_dst/i_cdc_fifo_gray_dst_ar/i_spill_register/spill_register_flushable_i/hyp_clk_BUFG
    SLICE_X4Y47          FDCE                                         r  i_carfield/i_hyperbus_wrap/i_hyper_cdc_dst/i_cdc_fifo_gray_dst_ar/i_spill_register/spill_register_flushable_i/gen_spill_reg.a_data_q_reg[addr][0]/C
                         clock pessimism             -0.706    11.920    
                         inter-SLR compensation      -1.749    10.171    
                         clock uncertainty           -0.226     9.945    
    SLICE_X4Y47          FDCE (Setup_DFF_SLICEM_C_D)
                                                      0.025     9.970    i_carfield/i_hyperbus_wrap/i_hyper_cdc_dst/i_cdc_fifo_gray_dst_ar/i_spill_register/spill_register_flushable_i/gen_spill_reg.a_data_q_reg[addr][0]
  -------------------------------------------------------------------
                         required time                          9.970    
                         arrival time                         -29.319    
  -------------------------------------------------------------------
                         slack                                -19.349    

Slack (VIOLATED) :        -19.349ns  (required time - arrival time)
  Source:                 i_carfield/i_cheshire_wrap/i_cheshire_ext_llc_cdc_src/i_cdc_fifo_gray_src_ar/gen_word[7].data_q_reg[7][addr][0]/C
                            (rising edge-triggered cell FDRE clocked by clk_50_xlnx_clk_wiz  {rise@0.000ns fall@10.000ns period=20.000ns})
  Destination:            i_carfield/i_hyperbus_wrap/i_hyper_cdc_dst/i_cdc_fifo_gray_dst_ar/i_spill_register/spill_register_flushable_i/gen_spill_reg.a_data_q_reg[addr][0]/D
                            (rising edge-triggered cell FDCE clocked by periph_domain_clk  {rise@0.000ns fall@50.000ns period=100.000ns})
  Path Group:             periph_domain_clk
  Path Type:              Setup (Max at Slow Process Corner)
  Requirement:            0.000ns  (MaxDelay Path 0.000ns)
  Data Path Delay:        24.054ns  (logic 0.184ns (0.765%)  route 23.870ns (99.235%))
  Logic Levels:           2  (LUT6=1 MUXF7=1)
  Clock Path Skew:        6.655ns (DCD - SCD + CPR)
    Destination Clock Delay (DCD):    12.626ns
    Source Clock Delay      (SCD):    5.265ns
    Clock Pessimism Removal (CPR):    -0.706ns
  Clock Uncertainty:      0.226ns  ((TSJ^2 + DJ^2)^1/2) / 2 + PE
    Total System Jitter     (TSJ):    0.071ns
    Discrete Jitter          (DJ):    0.199ns
    Phase Error              (PE):    0.120ns
  Inter-SLR Compensation: 1.749ns  ((DCD - CCD) * PF)
    Destination Clock Delay (DCD):    12.626ns
    Common Clock Delay      (CCD):    0.963ns
    Prorating Factor         (PF):    0.150
  Clock Net Delay (Source):      4.729ns (routing 2.719ns, distribution 2.010ns)
  Clock Net Delay (Destination): 1.869ns (routing 0.617ns, distribution 1.252ns)
  Timing Exception:       MaxDelay Path 0.000ns

    Location             Delay type                Incr(ns)  Path(ns)    Netlist Resource(s)
  -------------------------------------------------------------------    -------------------
                         (clock clk_50_xlnx_clk_wiz rise edge)
                                                      0.000     0.000 r  
    E12                  IBUFCTRL                     0.000     0.000 r  u_ibufg_sys_clk/IBUFCTRL_INST/O
                         net (fo=1, routed)           0.384     0.384    i_xlnx_clk_wiz/inst/clk_in1
    MMCM_X1Y12           MMCME4_ADV (Prop_MMCM_CLKIN1_CLKOUT1)
                                                     -0.127     0.257 r  i_xlnx_clk_wiz/inst/mmcme4_adv_inst/CLKOUT1
                         net (fo=1, routed)           0.251     0.508    i_xlnx_clk_wiz/inst/clk_50_xlnx_clk_wiz
    BUFGCE_X1Y298        BUFGCE (Prop_BUFCE_BUFGCE_I_O)
                                                      0.028     0.536 r  i_xlnx_clk_wiz/inst/clkout2_buf/O
    X2Y4 (CLOCK_ROOT)    net (fo=240101, routed)      4.729     5.265    i_carfield/i_cheshire_wrap/i_cheshire_ext_llc_cdc_src/i_cdc_fifo_gray_src_ar/host_clk_i
    SLR Crossing[2->0]   
    SLICE_X3Y48          FDRE                                         r  i_carfield/i_cheshire_wrap/i_cheshire_ext_llc_cdc_src/i_cdc_fifo_gray_src_ar/gen_word[7].data_q_reg[7][addr][0]/C
  -------------------------------------------------------------------    -------------------
    SLICE_X3Y48          FDRE (Prop_EFF_SLICEL_C_Q)
                                                      0.079     5.344 f  i_carfield/i_cheshire_wrap/i_cheshire_ext_llc_cdc_src/i_cdc_fifo_gray_src_ar/gen_word[7].data_q_reg[7][addr][0]/Q
                         net (fo=1, routed)          23.817    29.161    i_carfield/i_cheshire_wrap/i_cheshire_ext_llc_cdc_src/i_cdc_fifo_gray_src_ar/llc_ar_data[690]
    SLICE_X4Y47          LUT6 (Prop_C6LUT_SLICEM_I0_O)
                                                      0.037    29.198 f  i_carfield/i_cheshire_wrap/i_cheshire_ext_llc_cdc_src/i_cdc_fifo_gray_src_ar/gen_spill_reg.a_data_q[addr][0]_i_3__23/O
                         net (fo=1, routed)           0.021    29.219    i_carfield/i_cheshire_wrap/i_cheshire_ext_llc_cdc_src/i_cdc_fifo_gray_src_ar/gen_spill_reg.a_data_q[addr][0]_i_3__23_n_2
    SLICE_X4Y47          MUXF7 (Prop_F7MUX_CD_SLICEM_I1_O)
                                                      0.068    29.287 f  i_carfield/i_cheshire_wrap/i_cheshire_ext_llc_cdc_src/i_cdc_fifo_gray_src_ar/gen_spill_reg.a_data_q_reg[addr][0]_i_1__10/O
                         net (fo=1, routed)           0.032    29.319    i_carfield/i_hyperbus_wrap/i_hyper_cdc_dst/i_cdc_fifo_gray_dst_ar/i_spill_register/spill_register_flushable_i/gen_spill_reg.a_data_q_reg[addr][32]_0[0]
    SLICE_X4Y47          FDCE                                         f  i_carfield/i_hyperbus_wrap/i_hyper_cdc_dst/i_cdc_fifo_gray_dst_ar/i_spill_register/spill_register_flushable_i/gen_spill_reg.a_data_q_reg[addr][0]/D
  -------------------------------------------------------------------    -------------------

                         max delay                    0.000     0.000    
    E12                  IBUFCTRL                     0.000     0.000 r  u_ibufg_sys_clk/IBUFCTRL_INST/O
                         net (fo=1, routed)           0.333     0.333    i_xlnx_clk_wiz/inst/clk_in1
    MMCM_X1Y12           MMCME4_ADV (Prop_MMCM_CLKIN1_CLKOUT3)
                                                      0.630     0.963 r  i_xlnx_clk_wiz/inst/mmcme4_adv_inst/CLKOUT3
                         net (fo=1, routed)           0.225     1.188    i_xlnx_clk_wiz/inst/clk_10_xlnx_clk_wiz
    BUFGCE_X1Y311        BUFGCE (Prop_BUFCE_BUFGCE_I_O)
                                                      0.024     1.212 r  i_xlnx_clk_wiz/inst/clkout4_buf/O
                         net (fo=64, routed)          4.140     5.352    i_carfield/gen_domain_clock_mux[0].i_clk_mux/clks_i[2]
    SLR Crossing[2->1]   
    SLICE_X118Y302       LUT5 (Prop_G6LUT_SLICEL_I1_O)
                                                      0.057     5.409 r  i_carfield/gen_domain_clock_mux[0].i_clk_mux/clk_o_INST_0/O
                         net (fo=1, routed)           0.943     6.352    i_carfield/gen_domain_clock_mux[0].i_clk_mux/clk_o
    SLR Crossing[1->0]   
    BUFGCE_X1Y84         BUFGCE (Prop_BUFCE_BUFGCE_I_O)
                                                      0.024     6.376 r  i_carfield/gen_domain_clock_mux[0].i_clk_mux/clk_o_BUFG_inst/O
                         net (fo=115, routed)         2.627     9.003    i_carfield/gen_domain_clock_mux[0].i_clk_div/clk_o
    SLR Crossing[0->1]   
    SLICE_X61Y300        LUT5 (Prop_G6LUT_SLICEL_I3_O)
                                                      0.057     9.060 r  i_carfield/gen_domain_clock_mux[0].i_clk_div/n_1_1099782_BUFG_inst_i_1/O
                         net (fo=2, routed)           0.064     9.124    i_carfield/i_hyper_clk_div/n_1_1099782_BUFG_inst_n_2
    SLICE_X61Y300        LUT5 (Prop_E6LUT_SLICEL_I3_O)
                                                      0.082     9.206 r  i_carfield/i_hyper_clk_div/hyp_clk_BUFG_inst_i_1/O
                         net (fo=1, routed)           1.527    10.733    i_carfield/hyp_clk
    SLR Crossing[1->0]   
    BUFGCE_X0Y39         BUFGCE (Prop_BUFCE_BUFGCE_I_O)
                                                      0.024    10.757 r  i_carfield/hyp_clk_BUFG_inst/O
    X1Y2 (CLOCK_ROOT)    net (fo=1287, routed)        1.869    12.626    i_carfield/i_hyperbus_wrap/i_hyper_cdc_dst/i_cdc_fifo_gray_dst_ar/i_spill_register/spill_register_flushable_i/hyp_clk_BUFG
    SLICE_X4Y47          FDCE                                         r  i_carfield/i_hyperbus_wrap/i_hyper_cdc_dst/i_cdc_fifo_gray_dst_ar/i_spill_register/spill_register_flushable_i/gen_spill_reg.a_data_q_reg[addr][0]/C
                         clock pessimism             -0.706    11.920    
                         inter-SLR compensation      -1.749    10.171    
                         clock uncertainty           -0.226     9.945    
    SLICE_X4Y47          FDCE (Setup_DFF_SLICEM_C_D)
                                                      0.025     9.970    i_carfield/i_hyperbus_wrap/i_hyper_cdc_dst/i_cdc_fifo_gray_dst_ar/i_spill_register/spill_register_flushable_i/gen_spill_reg.a_data_q_reg[addr][0]
  -------------------------------------------------------------------
                         required time                          9.970    
                         arrival time                         -29.319    
  -------------------------------------------------------------------
                         slack                                -19.349    

Slack (VIOLATED) :        -19.332ns  (required time - arrival time)
  Source:                 i_carfield/i_cheshire_wrap/i_cheshire_ext_llc_cdc_src/i_cdc_fifo_gray_src_ar/gen_word[2].data_q_reg[2][addr][30]/C
                            (rising edge-triggered cell FDRE clocked by clk_50_xlnx_clk_wiz  {rise@0.000ns fall@10.000ns period=20.000ns})
  Destination:            i_carfield/i_hyperbus_wrap/i_hyper_cdc_dst/i_cdc_fifo_gray_dst_ar/i_spill_register/spill_register_flushable_i/gen_spill_reg.a_data_q_reg[addr][30]/D
                            (rising edge-triggered cell FDCE clocked by periph_domain_clk  {rise@0.000ns fall@50.000ns period=100.000ns})
  Path Group:             periph_domain_clk
  Path Type:              Setup (Max at Slow Process Corner)
  Requirement:            0.000ns  (MaxDelay Path 0.000ns)
  Data Path Delay:        24.055ns  (logic 0.295ns (1.226%)  route 23.760ns (98.774%))
  Logic Levels:           2  (LUT6=1 MUXF7=1)
  Clock Path Skew:        6.664ns (DCD - SCD + CPR)
    Destination Clock Delay (DCD):    12.567ns
    Source Clock Delay      (SCD):    5.197ns
    Clock Pessimism Removal (CPR):    -0.706ns
  Clock Uncertainty:      0.226ns  ((TSJ^2 + DJ^2)^1/2) / 2 + PE
    Total System Jitter     (TSJ):    0.071ns
    Discrete Jitter          (DJ):    0.199ns
    Phase Error              (PE):    0.120ns
  Inter-SLR Compensation: 1.741ns  ((DCD - CCD) * PF)
    Destination Clock Delay (DCD):    12.567ns
    Common Clock Delay      (CCD):    0.963ns
    Prorating Factor         (PF):    0.150
  Clock Net Delay (Source):      4.661ns (routing 2.719ns, distribution 1.942ns)
  Clock Net Delay (Destination): 1.810ns (routing 0.617ns, distribution 1.193ns)
  Timing Exception:       MaxDelay Path 0.000ns

    Location             Delay type                Incr(ns)  Path(ns)    Netlist Resource(s)
  -------------------------------------------------------------------    -------------------
                         (clock clk_50_xlnx_clk_wiz rise edge)
                                                      0.000     0.000 r  
    E12                  IBUFCTRL                     0.000     0.000 r  u_ibufg_sys_clk/IBUFCTRL_INST/O
                         net (fo=1, routed)           0.384     0.384    i_xlnx_clk_wiz/inst/clk_in1
    MMCM_X1Y12           MMCME4_ADV (Prop_MMCM_CLKIN1_CLKOUT1)
                                                     -0.127     0.257 r  i_xlnx_clk_wiz/inst/mmcme4_adv_inst/CLKOUT1
                         net (fo=1, routed)           0.251     0.508    i_xlnx_clk_wiz/inst/clk_50_xlnx_clk_wiz
    BUFGCE_X1Y298        BUFGCE (Prop_BUFCE_BUFGCE_I_O)
                                                      0.028     0.536 r  i_xlnx_clk_wiz/inst/clkout2_buf/O
    X2Y4 (CLOCK_ROOT)    net (fo=240101, routed)      4.661     5.197    i_carfield/i_cheshire_wrap/i_cheshire_ext_llc_cdc_src/i_cdc_fifo_gray_src_ar/host_clk_i
    SLR Crossing[2->0]   
    SLICE_X18Y43         FDRE                                         r  i_carfield/i_cheshire_wrap/i_cheshire_ext_llc_cdc_src/i_cdc_fifo_gray_src_ar/gen_word[2].data_q_reg[2][addr][30]/C
  -------------------------------------------------------------------    -------------------
    SLICE_X18Y43         FDRE (Prop_AFF2_SLICEL_C_Q)
                                                      0.081     5.278 r  i_carfield/i_cheshire_wrap/i_cheshire_ext_llc_cdc_src/i_cdc_fifo_gray_src_ar/gen_word[2].data_q_reg[2][addr][30]/Q
                         net (fo=1, routed)          23.703    28.981    i_carfield/i_cheshire_wrap/i_cheshire_ext_llc_cdc_src/i_cdc_fifo_gray_src_ar/llc_ar_data[255]
    SLICE_X17Y42         LUT6 (Prop_D6LUT_SLICEM_I1_O)
                                                      0.145    29.126 r  i_carfield/i_cheshire_wrap/i_cheshire_ext_llc_cdc_src/i_cdc_fifo_gray_src_ar/gen_spill_reg.a_data_q[addr][30]_i_2__46/O
                         net (fo=1, routed)           0.025    29.151    i_carfield/i_cheshire_wrap/i_cheshire_ext_llc_cdc_src/i_cdc_fifo_gray_src_ar/gen_spill_reg.a_data_q[addr][30]_i_2__46_n_2
    SLICE_X17Y42         MUXF7 (Prop_F7MUX_CD_SLICEM_I0_O)
                                                      0.069    29.220 r  i_carfield/i_cheshire_wrap/i_cheshire_ext_llc_cdc_src/i_cdc_fifo_gray_src_ar/gen_spill_reg.a_data_q_reg[addr][30]_i_1__11/O
                         net (fo=1, routed)           0.032    29.252    i_carfield/i_hyperbus_wrap/i_hyper_cdc_dst/i_cdc_fifo_gray_dst_ar/i_spill_register/spill_register_flushable_i/gen_spill_reg.a_data_q_reg[addr][32]_0[30]
    SLICE_X17Y42         FDCE                                         r  i_carfield/i_hyperbus_wrap/i_hyper_cdc_dst/i_cdc_fifo_gray_dst_ar/i_spill_register/spill_register_flushable_i/gen_spill_reg.a_data_q_reg[addr][30]/D
  -------------------------------------------------------------------    -------------------

                         max delay                    0.000     0.000    
    E12                  IBUFCTRL                     0.000     0.000 r  u_ibufg_sys_clk/IBUFCTRL_INST/O
                         net (fo=1, routed)           0.333     0.333    i_xlnx_clk_wiz/inst/clk_in1
    MMCM_X1Y12           MMCME4_ADV (Prop_MMCM_CLKIN1_CLKOUT3)
                                                      0.630     0.963 r  i_xlnx_clk_wiz/inst/mmcme4_adv_inst/CLKOUT3
                         net (fo=1, routed)           0.225     1.188    i_xlnx_clk_wiz/inst/clk_10_xlnx_clk_wiz
    BUFGCE_X1Y311        BUFGCE (Prop_BUFCE_BUFGCE_I_O)
                                                      0.024     1.212 r  i_xlnx_clk_wiz/inst/clkout4_buf/O
                         net (fo=64, routed)          4.140     5.352    i_carfield/gen_domain_clock_mux[0].i_clk_mux/clks_i[2]
    SLR Crossing[2->1]   
    SLICE_X118Y302       LUT5 (Prop_G6LUT_SLICEL_I1_O)
                                                      0.057     5.409 r  i_carfield/gen_domain_clock_mux[0].i_clk_mux/clk_o_INST_0/O
                         net (fo=1, routed)           0.943     6.352    i_carfield/gen_domain_clock_mux[0].i_clk_mux/clk_o
    SLR Crossing[1->0]   
    BUFGCE_X1Y84         BUFGCE (Prop_BUFCE_BUFGCE_I_O)
                                                      0.024     6.376 r  i_carfield/gen_domain_clock_mux[0].i_clk_mux/clk_o_BUFG_inst/O
                         net (fo=115, routed)         2.627     9.003    i_carfield/gen_domain_clock_mux[0].i_clk_div/clk_o
    SLR Crossing[0->1]   
    SLICE_X61Y300        LUT5 (Prop_G6LUT_SLICEL_I3_O)
                                                      0.057     9.060 r  i_carfield/gen_domain_clock_mux[0].i_clk_div/n_1_1099782_BUFG_inst_i_1/O
                         net (fo=2, routed)           0.064     9.124    i_carfield/i_hyper_clk_div/n_1_1099782_BUFG_inst_n_2
    SLICE_X61Y300        LUT5 (Prop_E6LUT_SLICEL_I3_O)
                                                      0.082     9.206 r  i_carfield/i_hyper_clk_div/hyp_clk_BUFG_inst_i_1/O
                         net (fo=1, routed)           1.527    10.733    i_carfield/hyp_clk
    SLR Crossing[1->0]   
    BUFGCE_X0Y39         BUFGCE (Prop_BUFCE_BUFGCE_I_O)
                                                      0.024    10.757 r  i_carfield/hyp_clk_BUFG_inst/O
    X1Y2 (CLOCK_ROOT)    net (fo=1287, routed)        1.810    12.567    i_carfield/i_hyperbus_wrap/i_hyper_cdc_dst/i_cdc_fifo_gray_dst_ar/i_spill_register/spill_register_flushable_i/hyp_clk_BUFG
    SLICE_X17Y42         FDCE                                         r  i_carfield/i_hyperbus_wrap/i_hyper_cdc_dst/i_cdc_fifo_gray_dst_ar/i_spill_register/spill_register_flushable_i/gen_spill_reg.a_data_q_reg[addr][30]/C
                         clock pessimism             -0.706    11.861    
                         inter-SLR compensation      -1.741    10.120    
                         clock uncertainty           -0.226     9.895    
    SLICE_X17Y42         FDCE (Setup_DFF_SLICEM_C_D)
                                                      0.025     9.920    i_carfield/i_hyperbus_wrap/i_hyper_cdc_dst/i_cdc_fifo_gray_dst_ar/i_spill_register/spill_register_flushable_i/gen_spill_reg.a_data_q_reg[addr][30]
  -------------------------------------------------------------------
                         required time                          9.920    
                         arrival time                         -29.252    
  -------------------------------------------------------------------
                         slack                                -19.332    

Slack (VIOLATED) :        -19.332ns  (required time - arrival time)
  Source:                 i_carfield/i_cheshire_wrap/i_cheshire_ext_llc_cdc_src/i_cdc_fifo_gray_src_ar/gen_word[2].data_q_reg[2][addr][30]/C
                            (rising edge-triggered cell FDRE clocked by clk_50_xlnx_clk_wiz  {rise@0.000ns fall@10.000ns period=20.000ns})
  Destination:            i_carfield/i_hyperbus_wrap/i_hyper_cdc_dst/i_cdc_fifo_gray_dst_ar/i_spill_register/spill_register_flushable_i/gen_spill_reg.a_data_q_reg[addr][30]/D
                            (rising edge-triggered cell FDCE clocked by periph_domain_clk  {rise@0.000ns fall@50.000ns period=100.000ns})
  Path Group:             periph_domain_clk
  Path Type:              Setup (Max at Slow Process Corner)
  Requirement:            0.000ns  (MaxDelay Path 0.000ns)
  Data Path Delay:        24.055ns  (logic 0.295ns (1.226%)  route 23.760ns (98.774%))
  Logic Levels:           2  (LUT6=1 MUXF7=1)
  Clock Path Skew:        6.664ns (DCD - SCD + CPR)
    Destination Clock Delay (DCD):    12.567ns
    Source Clock Delay      (SCD):    5.197ns
    Clock Pessimism Removal (CPR):    -0.706ns
  Clock Uncertainty:      0.226ns  ((TSJ^2 + DJ^2)^1/2) / 2 + PE
    Total System Jitter     (TSJ):    0.071ns
    Discrete Jitter          (DJ):    0.199ns
    Phase Error              (PE):    0.120ns
  Inter-SLR Compensation: 1.741ns  ((DCD - CCD) * PF)
    Destination Clock Delay (DCD):    12.567ns
    Common Clock Delay      (CCD):    0.963ns
    Prorating Factor         (PF):    0.150
  Clock Net Delay (Source):      4.661ns (routing 2.719ns, distribution 1.942ns)
  Clock Net Delay (Destination): 1.810ns (routing 0.617ns, distribution 1.193ns)
  Timing Exception:       MaxDelay Path 0.000ns

    Location             Delay type                Incr(ns)  Path(ns)    Netlist Resource(s)
  -------------------------------------------------------------------    -------------------
                         (clock clk_50_xlnx_clk_wiz rise edge)
                                                      0.000     0.000 r  
    E12                  IBUFCTRL                     0.000     0.000 r  u_ibufg_sys_clk/IBUFCTRL_INST/O
                         net (fo=1, routed)           0.384     0.384    i_xlnx_clk_wiz/inst/clk_in1
    MMCM_X1Y12           MMCME4_ADV (Prop_MMCM_CLKIN1_CLKOUT1)
                                                     -0.127     0.257 r  i_xlnx_clk_wiz/inst/mmcme4_adv_inst/CLKOUT1
                         net (fo=1, routed)           0.251     0.508    i_xlnx_clk_wiz/inst/clk_50_xlnx_clk_wiz
    BUFGCE_X1Y298        BUFGCE (Prop_BUFCE_BUFGCE_I_O)
                                                      0.028     0.536 r  i_xlnx_clk_wiz/inst/clkout2_buf/O
    X2Y4 (CLOCK_ROOT)    net (fo=240101, routed)      4.661     5.197    i_carfield/i_cheshire_wrap/i_cheshire_ext_llc_cdc_src/i_cdc_fifo_gray_src_ar/host_clk_i
    SLR Crossing[2->0]   
    SLICE_X18Y43         FDRE                                         r  i_carfield/i_cheshire_wrap/i_cheshire_ext_llc_cdc_src/i_cdc_fifo_gray_src_ar/gen_word[2].data_q_reg[2][addr][30]/C
  -------------------------------------------------------------------    -------------------
    SLICE_X18Y43         FDRE (Prop_AFF2_SLICEL_C_Q)
                                                      0.081     5.278 f  i_carfield/i_cheshire_wrap/i_cheshire_ext_llc_cdc_src/i_cdc_fifo_gray_src_ar/gen_word[2].data_q_reg[2][addr][30]/Q
                         net (fo=1, routed)          23.703    28.981    i_carfield/i_cheshire_wrap/i_cheshire_ext_llc_cdc_src/i_cdc_fifo_gray_src_ar/llc_ar_data[255]
    SLICE_X17Y42         LUT6 (Prop_D6LUT_SLICEM_I1_O)
                                                      0.145    29.126 f  i_carfield/i_cheshire_wrap/i_cheshire_ext_llc_cdc_src/i_cdc_fifo_gray_src_ar/gen_spill_reg.a_data_q[addr][30]_i_2__46/O
                         net (fo=1, routed)           0.025    29.151    i_carfield/i_cheshire_wrap/i_cheshire_ext_llc_cdc_src/i_cdc_fifo_gray_src_ar/gen_spill_reg.a_data_q[addr][30]_i_2__46_n_2
    SLICE_X17Y42         MUXF7 (Prop_F7MUX_CD_SLICEM_I0_O)
                                                      0.069    29.220 f  i_carfield/i_cheshire_wrap/i_cheshire_ext_llc_cdc_src/i_cdc_fifo_gray_src_ar/gen_spill_reg.a_data_q_reg[addr][30]_i_1__11/O
                         net (fo=1, routed)           0.032    29.252    i_carfield/i_hyperbus_wrap/i_hyper_cdc_dst/i_cdc_fifo_gray_dst_ar/i_spill_register/spill_register_flushable_i/gen_spill_reg.a_data_q_reg[addr][32]_0[30]
    SLICE_X17Y42         FDCE                                         f  i_carfield/i_hyperbus_wrap/i_hyper_cdc_dst/i_cdc_fifo_gray_dst_ar/i_spill_register/spill_register_flushable_i/gen_spill_reg.a_data_q_reg[addr][30]/D
  -------------------------------------------------------------------    -------------------

                         max delay                    0.000     0.000    
    E12                  IBUFCTRL                     0.000     0.000 r  u_ibufg_sys_clk/IBUFCTRL_INST/O
                         net (fo=1, routed)           0.333     0.333    i_xlnx_clk_wiz/inst/clk_in1
    MMCM_X1Y12           MMCME4_ADV (Prop_MMCM_CLKIN1_CLKOUT3)
                                                      0.630     0.963 r  i_xlnx_clk_wiz/inst/mmcme4_adv_inst/CLKOUT3
                         net (fo=1, routed)           0.225     1.188    i_xlnx_clk_wiz/inst/clk_10_xlnx_clk_wiz
    BUFGCE_X1Y311        BUFGCE (Prop_BUFCE_BUFGCE_I_O)
                                                      0.024     1.212 r  i_xlnx_clk_wiz/inst/clkout4_buf/O
                         net (fo=64, routed)          4.140     5.352    i_carfield/gen_domain_clock_mux[0].i_clk_mux/clks_i[2]
    SLR Crossing[2->1]   
    SLICE_X118Y302       LUT5 (Prop_G6LUT_SLICEL_I1_O)
                                                      0.057     5.409 r  i_carfield/gen_domain_clock_mux[0].i_clk_mux/clk_o_INST_0/O
                         net (fo=1, routed)           0.943     6.352    i_carfield/gen_domain_clock_mux[0].i_clk_mux/clk_o
    SLR Crossing[1->0]   
    BUFGCE_X1Y84         BUFGCE (Prop_BUFCE_BUFGCE_I_O)
                                                      0.024     6.376 r  i_carfield/gen_domain_clock_mux[0].i_clk_mux/clk_o_BUFG_inst/O
                         net (fo=115, routed)         2.627     9.003    i_carfield/gen_domain_clock_mux[0].i_clk_div/clk_o
    SLR Crossing[0->1]   
    SLICE_X61Y300        LUT5 (Prop_G6LUT_SLICEL_I3_O)
                                                      0.057     9.060 r  i_carfield/gen_domain_clock_mux[0].i_clk_div/n_1_1099782_BUFG_inst_i_1/O
                         net (fo=2, routed)           0.064     9.124    i_carfield/i_hyper_clk_div/n_1_1099782_BUFG_inst_n_2
    SLICE_X61Y300        LUT5 (Prop_E6LUT_SLICEL_I3_O)
                                                      0.082     9.206 r  i_carfield/i_hyper_clk_div/hyp_clk_BUFG_inst_i_1/O
                         net (fo=1, routed)           1.527    10.733    i_carfield/hyp_clk
    SLR Crossing[1->0]   
    BUFGCE_X0Y39         BUFGCE (Prop_BUFCE_BUFGCE_I_O)
                                                      0.024    10.757 r  i_carfield/hyp_clk_BUFG_inst/O
    X1Y2 (CLOCK_ROOT)    net (fo=1287, routed)        1.810    12.567    i_carfield/i_hyperbus_wrap/i_hyper_cdc_dst/i_cdc_fifo_gray_dst_ar/i_spill_register/spill_register_flushable_i/hyp_clk_BUFG
    SLICE_X17Y42         FDCE                                         r  i_carfield/i_hyperbus_wrap/i_hyper_cdc_dst/i_cdc_fifo_gray_dst_ar/i_spill_register/spill_register_flushable_i/gen_spill_reg.a_data_q_reg[addr][30]/C
                         clock pessimism             -0.706    11.861    
                         inter-SLR compensation      -1.741    10.120    
                         clock uncertainty           -0.226     9.895    
    SLICE_X17Y42         FDCE (Setup_DFF_SLICEM_C_D)
                                                      0.025     9.920    i_carfield/i_hyperbus_wrap/i_hyper_cdc_dst/i_cdc_fifo_gray_dst_ar/i_spill_register/spill_register_flushable_i/gen_spill_reg.a_data_q_reg[addr][30]
  -------------------------------------------------------------------
                         required time                          9.920    
                         arrival time                         -29.252    
  -------------------------------------------------------------------
                         slack                                -19.332    

Slack (VIOLATED) :        -19.332ns  (required time - arrival time)
  Source:                 i_carfield/i_cheshire_wrap/i_cheshire_ext_llc_cdc_src/i_cdc_fifo_gray_src_ar/gen_word[7].data_q_reg[7][addr][15]/C
                            (rising edge-triggered cell FDRE clocked by clk_50_xlnx_clk_wiz  {rise@0.000ns fall@10.000ns period=20.000ns})
  Destination:            i_carfield/i_hyperbus_wrap/i_hyper_cdc_dst/i_cdc_fifo_gray_dst_ar/i_spill_register/spill_register_flushable_i/gen_spill_reg.a_data_q_reg[addr][15]/D
                            (rising edge-triggered cell FDCE clocked by periph_domain_clk  {rise@0.000ns fall@50.000ns period=100.000ns})
  Path Group:             periph_domain_clk
  Path Type:              Setup (Max at Slow Process Corner)
  Requirement:            0.000ns  (MaxDelay Path 0.000ns)
  Data Path Delay:        24.050ns  (logic 0.244ns (1.015%)  route 23.806ns (98.985%))
  Logic Levels:           2  (LUT6=1 MUXF7=1)
  Clock Path Skew:        6.668ns (DCD - SCD + CPR)
    Destination Clock Delay (DCD):    12.626ns
    Source Clock Delay      (SCD):    5.252ns
    Clock Pessimism Removal (CPR):    -0.706ns
  Clock Uncertainty:      0.226ns  ((TSJ^2 + DJ^2)^1/2) / 2 + PE
    Total System Jitter     (TSJ):    0.071ns
    Discrete Jitter          (DJ):    0.199ns
    Phase Error              (PE):    0.120ns
  Inter-SLR Compensation: 1.749ns  ((DCD - CCD) * PF)
    Destination Clock Delay (DCD):    12.626ns
    Common Clock Delay      (CCD):    0.963ns
    Prorating Factor         (PF):    0.150
  Clock Net Delay (Source):      4.716ns (routing 2.719ns, distribution 1.997ns)
  Clock Net Delay (Destination): 1.869ns (routing 0.617ns, distribution 1.252ns)
  Timing Exception:       MaxDelay Path 0.000ns

    Location             Delay type                Incr(ns)  Path(ns)    Netlist Resource(s)
  -------------------------------------------------------------------    -------------------
                         (clock clk_50_xlnx_clk_wiz rise edge)
                                                      0.000     0.000 r  
    E12                  IBUFCTRL                     0.000     0.000 r  u_ibufg_sys_clk/IBUFCTRL_INST/O
                         net (fo=1, routed)           0.384     0.384    i_xlnx_clk_wiz/inst/clk_in1
    MMCM_X1Y12           MMCME4_ADV (Prop_MMCM_CLKIN1_CLKOUT1)
                                                     -0.127     0.257 r  i_xlnx_clk_wiz/inst/mmcme4_adv_inst/CLKOUT1
                         net (fo=1, routed)           0.251     0.508    i_xlnx_clk_wiz/inst/clk_50_xlnx_clk_wiz
    BUFGCE_X1Y298        BUFGCE (Prop_BUFCE_BUFGCE_I_O)
                                                      0.028     0.536 r  i_xlnx_clk_wiz/inst/clkout2_buf/O
    X2Y4 (CLOCK_ROOT)    net (fo=240101, routed)      4.716     5.252    i_carfield/i_cheshire_wrap/i_cheshire_ext_llc_cdc_src/i_cdc_fifo_gray_src_ar/host_clk_i
    SLR Crossing[2->0]   
    SLICE_X5Y47          FDRE                                         r  i_carfield/i_cheshire_wrap/i_cheshire_ext_llc_cdc_src/i_cdc_fifo_gray_src_ar/gen_word[7].data_q_reg[7][addr][15]/C
  -------------------------------------------------------------------    -------------------
    SLICE_X5Y47          FDRE (Prop_EFF_SLICEL_C_Q)
                                                      0.079     5.331 r  i_carfield/i_cheshire_wrap/i_cheshire_ext_llc_cdc_src/i_cdc_fifo_gray_src_ar/gen_word[7].data_q_reg[7][addr][15]/Q
                         net (fo=1, routed)          23.764    29.095    i_carfield/i_cheshire_wrap/i_cheshire_ext_llc_cdc_src/i_cdc_fifo_gray_src_ar/llc_ar_data[705]
    SLICE_X4Y47          LUT6 (Prop_A6LUT_SLICEM_I0_O)
                                                      0.100    29.195 r  i_carfield/i_cheshire_wrap/i_cheshire_ext_llc_cdc_src/i_cdc_fifo_gray_src_ar/gen_spill_reg.a_data_q[addr][15]_i_3__24/O
                         net (fo=1, routed)           0.011    29.206    i_carfield/i_cheshire_wrap/i_cheshire_ext_llc_cdc_src/i_cdc_fifo_gray_src_ar/gen_spill_reg.a_data_q[addr][15]_i_3__24_n_2
    SLICE_X4Y47          MUXF7 (Prop_F7MUX_AB_SLICEM_I1_O)
                                                      0.065    29.271 r  i_carfield/i_cheshire_wrap/i_cheshire_ext_llc_cdc_src/i_cdc_fifo_gray_src_ar/gen_spill_reg.a_data_q_reg[addr][15]_i_1__11/O
                         net (fo=1, routed)           0.031    29.302    i_carfield/i_hyperbus_wrap/i_hyper_cdc_dst/i_cdc_fifo_gray_dst_ar/i_spill_register/spill_register_flushable_i/gen_spill_reg.a_data_q_reg[addr][32]_0[15]
    SLICE_X4Y47          FDCE                                         r  i_carfield/i_hyperbus_wrap/i_hyper_cdc_dst/i_cdc_fifo_gray_dst_ar/i_spill_register/spill_register_flushable_i/gen_spill_reg.a_data_q_reg[addr][15]/D
  -------------------------------------------------------------------    -------------------

                         max delay                    0.000     0.000    
    E12                  IBUFCTRL                     0.000     0.000 r  u_ibufg_sys_clk/IBUFCTRL_INST/O
                         net (fo=1, routed)           0.333     0.333    i_xlnx_clk_wiz/inst/clk_in1
    MMCM_X1Y12           MMCME4_ADV (Prop_MMCM_CLKIN1_CLKOUT3)
                                                      0.630     0.963 r  i_xlnx_clk_wiz/inst/mmcme4_adv_inst/CLKOUT3
                         net (fo=1, routed)           0.225     1.188    i_xlnx_clk_wiz/inst/clk_10_xlnx_clk_wiz
    BUFGCE_X1Y311        BUFGCE (Prop_BUFCE_BUFGCE_I_O)
                                                      0.024     1.212 r  i_xlnx_clk_wiz/inst/clkout4_buf/O
                         net (fo=64, routed)          4.140     5.352    i_carfield/gen_domain_clock_mux[0].i_clk_mux/clks_i[2]
    SLR Crossing[2->1]   
    SLICE_X118Y302       LUT5 (Prop_G6LUT_SLICEL_I1_O)
                                                      0.057     5.409 r  i_carfield/gen_domain_clock_mux[0].i_clk_mux/clk_o_INST_0/O
                         net (fo=1, routed)           0.943     6.352    i_carfield/gen_domain_clock_mux[0].i_clk_mux/clk_o
    SLR Crossing[1->0]   
    BUFGCE_X1Y84         BUFGCE (Prop_BUFCE_BUFGCE_I_O)
                                                      0.024     6.376 r  i_carfield/gen_domain_clock_mux[0].i_clk_mux/clk_o_BUFG_inst/O
                         net (fo=115, routed)         2.627     9.003    i_carfield/gen_domain_clock_mux[0].i_clk_div/clk_o
    SLR Crossing[0->1]   
    SLICE_X61Y300        LUT5 (Prop_G6LUT_SLICEL_I3_O)
                                                      0.057     9.060 r  i_carfield/gen_domain_clock_mux[0].i_clk_div/n_1_1099782_BUFG_inst_i_1/O
                         net (fo=2, routed)           0.064     9.124    i_carfield/i_hyper_clk_div/n_1_1099782_BUFG_inst_n_2
    SLICE_X61Y300        LUT5 (Prop_E6LUT_SLICEL_I3_O)
                                                      0.082     9.206 r  i_carfield/i_hyper_clk_div/hyp_clk_BUFG_inst_i_1/O
                         net (fo=1, routed)           1.527    10.733    i_carfield/hyp_clk
    SLR Crossing[1->0]   
    BUFGCE_X0Y39         BUFGCE (Prop_BUFCE_BUFGCE_I_O)
                                                      0.024    10.757 r  i_carfield/hyp_clk_BUFG_inst/O
    X1Y2 (CLOCK_ROOT)    net (fo=1287, routed)        1.869    12.626    i_carfield/i_hyperbus_wrap/i_hyper_cdc_dst/i_cdc_fifo_gray_dst_ar/i_spill_register/spill_register_flushable_i/hyp_clk_BUFG
    SLICE_X4Y47          FDCE                                         r  i_carfield/i_hyperbus_wrap/i_hyper_cdc_dst/i_cdc_fifo_gray_dst_ar/i_spill_register/spill_register_flushable_i/gen_spill_reg.a_data_q_reg[addr][15]/C
                         clock pessimism             -0.706    11.920    
                         inter-SLR compensation      -1.749    10.171    
                         clock uncertainty           -0.226     9.945    
    SLICE_X4Y47          FDCE (Setup_BFF_SLICEM_C_D)
                                                      0.025     9.970    i_carfield/i_hyperbus_wrap/i_hyper_cdc_dst/i_cdc_fifo_gray_dst_ar/i_spill_register/spill_register_flushable_i/gen_spill_reg.a_data_q_reg[addr][15]
  -------------------------------------------------------------------
                         required time                          9.970    
                         arrival time                         -29.302    
  -------------------------------------------------------------------
                         slack                                -19.332    

Slack (VIOLATED) :        -19.332ns  (required time - arrival time)
  Source:                 i_carfield/i_cheshire_wrap/i_cheshire_ext_llc_cdc_src/i_cdc_fifo_gray_src_ar/gen_word[7].data_q_reg[7][addr][15]/C
                            (rising edge-triggered cell FDRE clocked by clk_50_xlnx_clk_wiz  {rise@0.000ns fall@10.000ns period=20.000ns})
  Destination:            i_carfield/i_hyperbus_wrap/i_hyper_cdc_dst/i_cdc_fifo_gray_dst_ar/i_spill_register/spill_register_flushable_i/gen_spill_reg.a_data_q_reg[addr][15]/D
                            (rising edge-triggered cell FDCE clocked by periph_domain_clk  {rise@0.000ns fall@50.000ns period=100.000ns})
  Path Group:             periph_domain_clk
  Path Type:              Setup (Max at Slow Process Corner)
  Requirement:            0.000ns  (MaxDelay Path 0.000ns)
  Data Path Delay:        24.050ns  (logic 0.244ns (1.015%)  route 23.806ns (98.985%))
  Logic Levels:           2  (LUT6=1 MUXF7=1)
  Clock Path Skew:        6.668ns (DCD - SCD + CPR)
    Destination Clock Delay (DCD):    12.626ns
    Source Clock Delay      (SCD):    5.252ns
    Clock Pessimism Removal (CPR):    -0.706ns
  Clock Uncertainty:      0.226ns  ((TSJ^2 + DJ^2)^1/2) / 2 + PE
    Total System Jitter     (TSJ):    0.071ns
    Discrete Jitter          (DJ):    0.199ns
    Phase Error              (PE):    0.120ns
  Inter-SLR Compensation: 1.749ns  ((DCD - CCD) * PF)
    Destination Clock Delay (DCD):    12.626ns
    Common Clock Delay      (CCD):    0.963ns
    Prorating Factor         (PF):    0.150
  Clock Net Delay (Source):      4.716ns (routing 2.719ns, distribution 1.997ns)
  Clock Net Delay (Destination): 1.869ns (routing 0.617ns, distribution 1.252ns)
  Timing Exception:       MaxDelay Path 0.000ns

    Location             Delay type                Incr(ns)  Path(ns)    Netlist Resource(s)
  -------------------------------------------------------------------    -------------------
                         (clock clk_50_xlnx_clk_wiz rise edge)
                                                      0.000     0.000 r  
    E12                  IBUFCTRL                     0.000     0.000 r  u_ibufg_sys_clk/IBUFCTRL_INST/O
                         net (fo=1, routed)           0.384     0.384    i_xlnx_clk_wiz/inst/clk_in1
    MMCM_X1Y12           MMCME4_ADV (Prop_MMCM_CLKIN1_CLKOUT1)
                                                     -0.127     0.257 r  i_xlnx_clk_wiz/inst/mmcme4_adv_inst/CLKOUT1
                         net (fo=1, routed)           0.251     0.508    i_xlnx_clk_wiz/inst/clk_50_xlnx_clk_wiz
    BUFGCE_X1Y298        BUFGCE (Prop_BUFCE_BUFGCE_I_O)
                                                      0.028     0.536 r  i_xlnx_clk_wiz/inst/clkout2_buf/O
    X2Y4 (CLOCK_ROOT)    net (fo=240101, routed)      4.716     5.252    i_carfield/i_cheshire_wrap/i_cheshire_ext_llc_cdc_src/i_cdc_fifo_gray_src_ar/host_clk_i
    SLR Crossing[2->0]   
    SLICE_X5Y47          FDRE                                         r  i_carfield/i_cheshire_wrap/i_cheshire_ext_llc_cdc_src/i_cdc_fifo_gray_src_ar/gen_word[7].data_q_reg[7][addr][15]/C
  -------------------------------------------------------------------    -------------------
    SLICE_X5Y47          FDRE (Prop_EFF_SLICEL_C_Q)
                                                      0.079     5.331 f  i_carfield/i_cheshire_wrap/i_cheshire_ext_llc_cdc_src/i_cdc_fifo_gray_src_ar/gen_word[7].data_q_reg[7][addr][15]/Q
                         net (fo=1, routed)          23.764    29.095    i_carfield/i_cheshire_wrap/i_cheshire_ext_llc_cdc_src/i_cdc_fifo_gray_src_ar/llc_ar_data[705]
    SLICE_X4Y47          LUT6 (Prop_A6LUT_SLICEM_I0_O)
                                                      0.100    29.195 f  i_carfield/i_cheshire_wrap/i_cheshire_ext_llc_cdc_src/i_cdc_fifo_gray_src_ar/gen_spill_reg.a_data_q[addr][15]_i_3__24/O
                         net (fo=1, routed)           0.011    29.206    i_carfield/i_cheshire_wrap/i_cheshire_ext_llc_cdc_src/i_cdc_fifo_gray_src_ar/gen_spill_reg.a_data_q[addr][15]_i_3__24_n_2
    SLICE_X4Y47          MUXF7 (Prop_F7MUX_AB_SLICEM_I1_O)
                                                      0.065    29.271 f  i_carfield/i_cheshire_wrap/i_cheshire_ext_llc_cdc_src/i_cdc_fifo_gray_src_ar/gen_spill_reg.a_data_q_reg[addr][15]_i_1__11/O
                         net (fo=1, routed)           0.031    29.302    i_carfield/i_hyperbus_wrap/i_hyper_cdc_dst/i_cdc_fifo_gray_dst_ar/i_spill_register/spill_register_flushable_i/gen_spill_reg.a_data_q_reg[addr][32]_0[15]
    SLICE_X4Y47          FDCE                                         f  i_carfield/i_hyperbus_wrap/i_hyper_cdc_dst/i_cdc_fifo_gray_dst_ar/i_spill_register/spill_register_flushable_i/gen_spill_reg.a_data_q_reg[addr][15]/D
  -------------------------------------------------------------------    -------------------

                         max delay                    0.000     0.000    
    E12                  IBUFCTRL                     0.000     0.000 r  u_ibufg_sys_clk/IBUFCTRL_INST/O
                         net (fo=1, routed)           0.333     0.333    i_xlnx_clk_wiz/inst/clk_in1
    MMCM_X1Y12           MMCME4_ADV (Prop_MMCM_CLKIN1_CLKOUT3)
                                                      0.630     0.963 r  i_xlnx_clk_wiz/inst/mmcme4_adv_inst/CLKOUT3
                         net (fo=1, routed)           0.225     1.188    i_xlnx_clk_wiz/inst/clk_10_xlnx_clk_wiz
    BUFGCE_X1Y311        BUFGCE (Prop_BUFCE_BUFGCE_I_O)
                                                      0.024     1.212 r  i_xlnx_clk_wiz/inst/clkout4_buf/O
                         net (fo=64, routed)          4.140     5.352    i_carfield/gen_domain_clock_mux[0].i_clk_mux/clks_i[2]
    SLR Crossing[2->1]   
    SLICE_X118Y302       LUT5 (Prop_G6LUT_SLICEL_I1_O)
                                                      0.057     5.409 r  i_carfield/gen_domain_clock_mux[0].i_clk_mux/clk_o_INST_0/O
                         net (fo=1, routed)           0.943     6.352    i_carfield/gen_domain_clock_mux[0].i_clk_mux/clk_o
    SLR Crossing[1->0]   
    BUFGCE_X1Y84         BUFGCE (Prop_BUFCE_BUFGCE_I_O)
                                                      0.024     6.376 r  i_carfield/gen_domain_clock_mux[0].i_clk_mux/clk_o_BUFG_inst/O
                         net (fo=115, routed)         2.627     9.003    i_carfield/gen_domain_clock_mux[0].i_clk_div/clk_o
    SLR Crossing[0->1]   
    SLICE_X61Y300        LUT5 (Prop_G6LUT_SLICEL_I3_O)
                                                      0.057     9.060 r  i_carfield/gen_domain_clock_mux[0].i_clk_div/n_1_1099782_BUFG_inst_i_1/O
                         net (fo=2, routed)           0.064     9.124    i_carfield/i_hyper_clk_div/n_1_1099782_BUFG_inst_n_2
    SLICE_X61Y300        LUT5 (Prop_E6LUT_SLICEL_I3_O)
                                                      0.082     9.206 r  i_carfield/i_hyper_clk_div/hyp_clk_BUFG_inst_i_1/O
                         net (fo=1, routed)           1.527    10.733    i_carfield/hyp_clk
    SLR Crossing[1->0]   
    BUFGCE_X0Y39         BUFGCE (Prop_BUFCE_BUFGCE_I_O)
                                                      0.024    10.757 r  i_carfield/hyp_clk_BUFG_inst/O
    X1Y2 (CLOCK_ROOT)    net (fo=1287, routed)        1.869    12.626    i_carfield/i_hyperbus_wrap/i_hyper_cdc_dst/i_cdc_fifo_gray_dst_ar/i_spill_register/spill_register_flushable_i/hyp_clk_BUFG
    SLICE_X4Y47          FDCE                                         r  i_carfield/i_hyperbus_wrap/i_hyper_cdc_dst/i_cdc_fifo_gray_dst_ar/i_spill_register/spill_register_flushable_i/gen_spill_reg.a_data_q_reg[addr][15]/C
                         clock pessimism             -0.706    11.920    
                         inter-SLR compensation      -1.749    10.171    
                         clock uncertainty           -0.226     9.945    
    SLICE_X4Y47          FDCE (Setup_BFF_SLICEM_C_D)
                                                      0.025     9.970    i_carfield/i_hyperbus_wrap/i_hyper_cdc_dst/i_cdc_fifo_gray_dst_ar/i_spill_register/spill_register_flushable_i/gen_spill_reg.a_data_q_reg[addr][15]
  -------------------------------------------------------------------
                         required time                          9.970    
                         arrival time                         -29.302    
  -------------------------------------------------------------------
                         slack                                -19.332    

Slack (VIOLATED) :        -19.324ns  (required time - arrival time)
  Source:                 i_carfield/i_cheshire_wrap/i_cheshire_ext_llc_cdc_src/i_cdc_fifo_gray_src_ar/gen_word[5].data_q_reg[5][addr][6]/C
                            (rising edge-triggered cell FDRE clocked by clk_50_xlnx_clk_wiz  {rise@0.000ns fall@10.000ns period=20.000ns})
  Destination:            i_carfield/i_hyperbus_wrap/i_hyper_cdc_dst/i_cdc_fifo_gray_dst_ar/i_spill_register/spill_register_flushable_i/gen_spill_reg.a_data_q_reg[addr][6]/D
                            (rising edge-triggered cell FDCE clocked by periph_domain_clk  {rise@0.000ns fall@50.000ns period=100.000ns})
  Path Group:             periph_domain_clk
  Path Type:              Setup (Max at Slow Process Corner)
  Requirement:            0.000ns  (MaxDelay Path 0.000ns)
  Data Path Delay:        24.065ns  (logic 0.235ns (0.977%)  route 23.830ns (99.023%))
  Logic Levels:           2  (LUT6=1 MUXF7=1)
  Clock Path Skew:        6.680ns (DCD - SCD + CPR)
    Destination Clock Delay (DCD):    12.553ns
    Source Clock Delay      (SCD):    5.167ns
    Clock Pessimism Removal (CPR):    -0.706ns
  Clock Uncertainty:      0.226ns  ((TSJ^2 + DJ^2)^1/2) / 2 + PE
    Total System Jitter     (TSJ):    0.071ns
    Discrete Jitter          (DJ):    0.199ns
    Phase Error              (PE):    0.120ns
  Inter-SLR Compensation: 1.738ns  ((DCD - CCD) * PF)
    Destination Clock Delay (DCD):    12.553ns
    Common Clock Delay      (CCD):    0.963ns
    Prorating Factor         (PF):    0.150
  Clock Net Delay (Source):      4.631ns (routing 2.719ns, distribution 1.912ns)
  Clock Net Delay (Destination): 1.796ns (routing 0.617ns, distribution 1.179ns)
  Timing Exception:       MaxDelay Path 0.000ns

    Location             Delay type                Incr(ns)  Path(ns)    Netlist Resource(s)
  -------------------------------------------------------------------    -------------------
                         (clock clk_50_xlnx_clk_wiz rise edge)
                                                      0.000     0.000 r  
    E12                  IBUFCTRL                     0.000     0.000 r  u_ibufg_sys_clk/IBUFCTRL_INST/O
                         net (fo=1, routed)           0.384     0.384    i_xlnx_clk_wiz/inst/clk_in1
    MMCM_X1Y12           MMCME4_ADV (Prop_MMCM_CLKIN1_CLKOUT1)
                                                     -0.127     0.257 r  i_xlnx_clk_wiz/inst/mmcme4_adv_inst/CLKOUT1
                         net (fo=1, routed)           0.251     0.508    i_xlnx_clk_wiz/inst/clk_50_xlnx_clk_wiz
    BUFGCE_X1Y298        BUFGCE (Prop_BUFCE_BUFGCE_I_O)
                                                      0.028     0.536 r  i_xlnx_clk_wiz/inst/clkout2_buf/O
    X2Y4 (CLOCK_ROOT)    net (fo=240101, routed)      4.631     5.167    i_carfield/i_cheshire_wrap/i_cheshire_ext_llc_cdc_src/i_cdc_fifo_gray_src_ar/host_clk_i
    SLR Crossing[2->0]   
    SLICE_X23Y43         FDRE                                         r  i_carfield/i_cheshire_wrap/i_cheshire_ext_llc_cdc_src/i_cdc_fifo_gray_src_ar/gen_word[5].data_q_reg[5][addr][6]/C
  -------------------------------------------------------------------    -------------------
    SLICE_X23Y43         FDRE (Prop_AFF_SLICEL_C_Q)
                                                      0.079     5.246 r  i_carfield/i_cheshire_wrap/i_cheshire_ext_llc_cdc_src/i_cdc_fifo_gray_src_ar/gen_word[5].data_q_reg[5][addr][6]/Q
                         net (fo=1, routed)          23.777    29.023    i_carfield/i_cheshire_wrap/i_cheshire_ext_llc_cdc_src/i_cdc_fifo_gray_src_ar/llc_ar_data[510]
    SLICE_X22Y41         LUT6 (Prop_C6LUT_SLICEM_I3_O)
                                                      0.088    29.111 r  i_carfield/i_cheshire_wrap/i_cheshire_ext_llc_cdc_src/i_cdc_fifo_gray_src_ar/gen_spill_reg.a_data_q[addr][6]_i_3__29/O
                         net (fo=1, routed)           0.021    29.132    i_carfield/i_cheshire_wrap/i_cheshire_ext_llc_cdc_src/i_cdc_fifo_gray_src_ar/gen_spill_reg.a_data_q[addr][6]_i_3__29_n_2
    SLICE_X22Y41         MUXF7 (Prop_F7MUX_CD_SLICEM_I1_O)
                                                      0.068    29.200 r  i_carfield/i_cheshire_wrap/i_cheshire_ext_llc_cdc_src/i_cdc_fifo_gray_src_ar/gen_spill_reg.a_data_q_reg[addr][6]_i_1__11/O
                         net (fo=1, routed)           0.032    29.232    i_carfield/i_hyperbus_wrap/i_hyper_cdc_dst/i_cdc_fifo_gray_dst_ar/i_spill_register/spill_register_flushable_i/gen_spill_reg.a_data_q_reg[addr][32]_0[6]
    SLICE_X22Y41         FDCE                                         r  i_carfield/i_hyperbus_wrap/i_hyper_cdc_dst/i_cdc_fifo_gray_dst_ar/i_spill_register/spill_register_flushable_i/gen_spill_reg.a_data_q_reg[addr][6]/D
  -------------------------------------------------------------------    -------------------

                         max delay                    0.000     0.000    
    E12                  IBUFCTRL                     0.000     0.000 r  u_ibufg_sys_clk/IBUFCTRL_INST/O
                         net (fo=1, routed)           0.333     0.333    i_xlnx_clk_wiz/inst/clk_in1
    MMCM_X1Y12           MMCME4_ADV (Prop_MMCM_CLKIN1_CLKOUT3)
                                                      0.630     0.963 r  i_xlnx_clk_wiz/inst/mmcme4_adv_inst/CLKOUT3
                         net (fo=1, routed)           0.225     1.188    i_xlnx_clk_wiz/inst/clk_10_xlnx_clk_wiz
    BUFGCE_X1Y311        BUFGCE (Prop_BUFCE_BUFGCE_I_O)
                                                      0.024     1.212 r  i_xlnx_clk_wiz/inst/clkout4_buf/O
                         net (fo=64, routed)          4.140     5.352    i_carfield/gen_domain_clock_mux[0].i_clk_mux/clks_i[2]
    SLR Crossing[2->1]   
    SLICE_X118Y302       LUT5 (Prop_G6LUT_SLICEL_I1_O)
                                                      0.057     5.409 r  i_carfield/gen_domain_clock_mux[0].i_clk_mux/clk_o_INST_0/O
                         net (fo=1, routed)           0.943     6.352    i_carfield/gen_domain_clock_mux[0].i_clk_mux/clk_o
    SLR Crossing[1->0]   
    BUFGCE_X1Y84         BUFGCE (Prop_BUFCE_BUFGCE_I_O)
                                                      0.024     6.376 r  i_carfield/gen_domain_clock_mux[0].i_clk_mux/clk_o_BUFG_inst/O
                         net (fo=115, routed)         2.627     9.003    i_carfield/gen_domain_clock_mux[0].i_clk_div/clk_o
    SLR Crossing[0->1]   
    SLICE_X61Y300        LUT5 (Prop_G6LUT_SLICEL_I3_O)
                                                      0.057     9.060 r  i_carfield/gen_domain_clock_mux[0].i_clk_div/n_1_1099782_BUFG_inst_i_1/O
                         net (fo=2, routed)           0.064     9.124    i_carfield/i_hyper_clk_div/n_1_1099782_BUFG_inst_n_2
    SLICE_X61Y300        LUT5 (Prop_E6LUT_SLICEL_I3_O)
                                                      0.082     9.206 r  i_carfield/i_hyper_clk_div/hyp_clk_BUFG_inst_i_1/O
                         net (fo=1, routed)           1.527    10.733    i_carfield/hyp_clk
    SLR Crossing[1->0]   
    BUFGCE_X0Y39         BUFGCE (Prop_BUFCE_BUFGCE_I_O)
                                                      0.024    10.757 r  i_carfield/hyp_clk_BUFG_inst/O
    X1Y2 (CLOCK_ROOT)    net (fo=1287, routed)        1.796    12.553    i_carfield/i_hyperbus_wrap/i_hyper_cdc_dst/i_cdc_fifo_gray_dst_ar/i_spill_register/spill_register_flushable_i/hyp_clk_BUFG
    SLICE_X22Y41         FDCE                                         r  i_carfield/i_hyperbus_wrap/i_hyper_cdc_dst/i_cdc_fifo_gray_dst_ar/i_spill_register/spill_register_flushable_i/gen_spill_reg.a_data_q_reg[addr][6]/C
                         clock pessimism             -0.706    11.847    
                         inter-SLR compensation      -1.738    10.108    
                         clock uncertainty           -0.226     9.883    
    SLICE_X22Y41         FDCE (Setup_DFF_SLICEM_C_D)
                                                      0.025     9.908    i_carfield/i_hyperbus_wrap/i_hyper_cdc_dst/i_cdc_fifo_gray_dst_ar/i_spill_register/spill_register_flushable_i/gen_spill_reg.a_data_q_reg[addr][6]
  -------------------------------------------------------------------
                         required time                          9.908    
                         arrival time                         -29.232    
  -------------------------------------------------------------------
                         slack                                -19.324    

Slack (VIOLATED) :        -19.324ns  (required time - arrival time)
  Source:                 i_carfield/i_cheshire_wrap/i_cheshire_ext_llc_cdc_src/i_cdc_fifo_gray_src_ar/gen_word[5].data_q_reg[5][addr][6]/C
                            (rising edge-triggered cell FDRE clocked by clk_50_xlnx_clk_wiz  {rise@0.000ns fall@10.000ns period=20.000ns})
  Destination:            i_carfield/i_hyperbus_wrap/i_hyper_cdc_dst/i_cdc_fifo_gray_dst_ar/i_spill_register/spill_register_flushable_i/gen_spill_reg.a_data_q_reg[addr][6]/D
                            (rising edge-triggered cell FDCE clocked by periph_domain_clk  {rise@0.000ns fall@50.000ns period=100.000ns})
  Path Group:             periph_domain_clk
  Path Type:              Setup (Max at Slow Process Corner)
  Requirement:            0.000ns  (MaxDelay Path 0.000ns)
  Data Path Delay:        24.065ns  (logic 0.235ns (0.977%)  route 23.830ns (99.023%))
  Logic Levels:           2  (LUT6=1 MUXF7=1)
  Clock Path Skew:        6.680ns (DCD - SCD + CPR)
    Destination Clock Delay (DCD):    12.553ns
    Source Clock Delay      (SCD):    5.167ns
    Clock Pessimism Removal (CPR):    -0.706ns
  Clock Uncertainty:      0.226ns  ((TSJ^2 + DJ^2)^1/2) / 2 + PE
    Total System Jitter     (TSJ):    0.071ns
    Discrete Jitter          (DJ):    0.199ns
    Phase Error              (PE):    0.120ns
  Inter-SLR Compensation: 1.738ns  ((DCD - CCD) * PF)
    Destination Clock Delay (DCD):    12.553ns
    Common Clock Delay      (CCD):    0.963ns
    Prorating Factor         (PF):    0.150
  Clock Net Delay (Source):      4.631ns (routing 2.719ns, distribution 1.912ns)
  Clock Net Delay (Destination): 1.796ns (routing 0.617ns, distribution 1.179ns)
  Timing Exception:       MaxDelay Path 0.000ns

    Location             Delay type                Incr(ns)  Path(ns)    Netlist Resource(s)
  -------------------------------------------------------------------    -------------------
                         (clock clk_50_xlnx_clk_wiz rise edge)
                                                      0.000     0.000 r  
    E12                  IBUFCTRL                     0.000     0.000 r  u_ibufg_sys_clk/IBUFCTRL_INST/O
                         net (fo=1, routed)           0.384     0.384    i_xlnx_clk_wiz/inst/clk_in1
    MMCM_X1Y12           MMCME4_ADV (Prop_MMCM_CLKIN1_CLKOUT1)
                                                     -0.127     0.257 r  i_xlnx_clk_wiz/inst/mmcme4_adv_inst/CLKOUT1
                         net (fo=1, routed)           0.251     0.508    i_xlnx_clk_wiz/inst/clk_50_xlnx_clk_wiz
    BUFGCE_X1Y298        BUFGCE (Prop_BUFCE_BUFGCE_I_O)
                                                      0.028     0.536 r  i_xlnx_clk_wiz/inst/clkout2_buf/O
    X2Y4 (CLOCK_ROOT)    net (fo=240101, routed)      4.631     5.167    i_carfield/i_cheshire_wrap/i_cheshire_ext_llc_cdc_src/i_cdc_fifo_gray_src_ar/host_clk_i
    SLR Crossing[2->0]   
    SLICE_X23Y43         FDRE                                         r  i_carfield/i_cheshire_wrap/i_cheshire_ext_llc_cdc_src/i_cdc_fifo_gray_src_ar/gen_word[5].data_q_reg[5][addr][6]/C
  -------------------------------------------------------------------    -------------------
    SLICE_X23Y43         FDRE (Prop_AFF_SLICEL_C_Q)
                                                      0.079     5.246 f  i_carfield/i_cheshire_wrap/i_cheshire_ext_llc_cdc_src/i_cdc_fifo_gray_src_ar/gen_word[5].data_q_reg[5][addr][6]/Q
                         net (fo=1, routed)          23.777    29.023    i_carfield/i_cheshire_wrap/i_cheshire_ext_llc_cdc_src/i_cdc_fifo_gray_src_ar/llc_ar_data[510]
    SLICE_X22Y41         LUT6 (Prop_C6LUT_SLICEM_I3_O)
                                                      0.088    29.111 f  i_carfield/i_cheshire_wrap/i_cheshire_ext_llc_cdc_src/i_cdc_fifo_gray_src_ar/gen_spill_reg.a_data_q[addr][6]_i_3__29/O
                         net (fo=1, routed)           0.021    29.132    i_carfield/i_cheshire_wrap/i_cheshire_ext_llc_cdc_src/i_cdc_fifo_gray_src_ar/gen_spill_reg.a_data_q[addr][6]_i_3__29_n_2
    SLICE_X22Y41         MUXF7 (Prop_F7MUX_CD_SLICEM_I1_O)
                                                      0.068    29.200 f  i_carfield/i_cheshire_wrap/i_cheshire_ext_llc_cdc_src/i_cdc_fifo_gray_src_ar/gen_spill_reg.a_data_q_reg[addr][6]_i_1__11/O
                         net (fo=1, routed)           0.032    29.232    i_carfield/i_hyperbus_wrap/i_hyper_cdc_dst/i_cdc_fifo_gray_dst_ar/i_spill_register/spill_register_flushable_i/gen_spill_reg.a_data_q_reg[addr][32]_0[6]
    SLICE_X22Y41         FDCE                                         f  i_carfield/i_hyperbus_wrap/i_hyper_cdc_dst/i_cdc_fifo_gray_dst_ar/i_spill_register/spill_register_flushable_i/gen_spill_reg.a_data_q_reg[addr][6]/D
  -------------------------------------------------------------------    -------------------

                         max delay                    0.000     0.000    
    E12                  IBUFCTRL                     0.000     0.000 r  u_ibufg_sys_clk/IBUFCTRL_INST/O
                         net (fo=1, routed)           0.333     0.333    i_xlnx_clk_wiz/inst/clk_in1
    MMCM_X1Y12           MMCME4_ADV (Prop_MMCM_CLKIN1_CLKOUT3)
                                                      0.630     0.963 r  i_xlnx_clk_wiz/inst/mmcme4_adv_inst/CLKOUT3
                         net (fo=1, routed)           0.225     1.188    i_xlnx_clk_wiz/inst/clk_10_xlnx_clk_wiz
    BUFGCE_X1Y311        BUFGCE (Prop_BUFCE_BUFGCE_I_O)
                                                      0.024     1.212 r  i_xlnx_clk_wiz/inst/clkout4_buf/O
                         net (fo=64, routed)          4.140     5.352    i_carfield/gen_domain_clock_mux[0].i_clk_mux/clks_i[2]
    SLR Crossing[2->1]   
    SLICE_X118Y302       LUT5 (Prop_G6LUT_SLICEL_I1_O)
                                                      0.057     5.409 r  i_carfield/gen_domain_clock_mux[0].i_clk_mux/clk_o_INST_0/O
                         net (fo=1, routed)           0.943     6.352    i_carfield/gen_domain_clock_mux[0].i_clk_mux/clk_o
    SLR Crossing[1->0]   
    BUFGCE_X1Y84         BUFGCE (Prop_BUFCE_BUFGCE_I_O)
                                                      0.024     6.376 r  i_carfield/gen_domain_clock_mux[0].i_clk_mux/clk_o_BUFG_inst/O
                         net (fo=115, routed)         2.627     9.003    i_carfield/gen_domain_clock_mux[0].i_clk_div/clk_o
    SLR Crossing[0->1]   
    SLICE_X61Y300        LUT5 (Prop_G6LUT_SLICEL_I3_O)
                                                      0.057     9.060 r  i_carfield/gen_domain_clock_mux[0].i_clk_div/n_1_1099782_BUFG_inst_i_1/O
                         net (fo=2, routed)           0.064     9.124    i_carfield/i_hyper_clk_div/n_1_1099782_BUFG_inst_n_2
    SLICE_X61Y300        LUT5 (Prop_E6LUT_SLICEL_I3_O)
                                                      0.082     9.206 r  i_carfield/i_hyper_clk_div/hyp_clk_BUFG_inst_i_1/O
                         net (fo=1, routed)           1.527    10.733    i_carfield/hyp_clk
    SLR Crossing[1->0]   
    BUFGCE_X0Y39         BUFGCE (Prop_BUFCE_BUFGCE_I_O)
                                                      0.024    10.757 r  i_carfield/hyp_clk_BUFG_inst/O
    X1Y2 (CLOCK_ROOT)    net (fo=1287, routed)        1.796    12.553    i_carfield/i_hyperbus_wrap/i_hyper_cdc_dst/i_cdc_fifo_gray_dst_ar/i_spill_register/spill_register_flushable_i/hyp_clk_BUFG
    SLICE_X22Y41         FDCE                                         r  i_carfield/i_hyperbus_wrap/i_hyper_cdc_dst/i_cdc_fifo_gray_dst_ar/i_spill_register/spill_register_flushable_i/gen_spill_reg.a_data_q_reg[addr][6]/C
                         clock pessimism             -0.706    11.847    
                         inter-SLR compensation      -1.738    10.108    
                         clock uncertainty           -0.226     9.883    
    SLICE_X22Y41         FDCE (Setup_DFF_SLICEM_C_D)
                                                      0.025     9.908    i_carfield/i_hyperbus_wrap/i_hyper_cdc_dst/i_cdc_fifo_gray_dst_ar/i_spill_register/spill_register_flushable_i/gen_spill_reg.a_data_q_reg[addr][6]
  -------------------------------------------------------------------
                         required time                          9.908    
                         arrival time                         -29.232    
  -------------------------------------------------------------------
                         slack                                -19.324    

Slack (VIOLATED) :        -19.315ns  (required time - arrival time)
  Source:                 i_carfield/i_cheshire_wrap/i_cheshire_ext_llc_cdc_src/i_cdc_fifo_gray_src_ar/gen_word[1].data_q_reg[1][addr][32]/C
                            (rising edge-triggered cell FDRE clocked by clk_50_xlnx_clk_wiz  {rise@0.000ns fall@10.000ns period=20.000ns})
  Destination:            i_carfield/i_hyperbus_wrap/i_hyper_cdc_dst/i_cdc_fifo_gray_dst_ar/i_spill_register/spill_register_flushable_i/gen_spill_reg.a_data_q_reg[addr][32]/D
                            (rising edge-triggered cell FDCE clocked by periph_domain_clk  {rise@0.000ns fall@50.000ns period=100.000ns})
  Path Group:             periph_domain_clk
  Path Type:              Setup (Max at Slow Process Corner)
  Requirement:            0.000ns  (MaxDelay Path 0.000ns)
  Data Path Delay:        24.039ns  (logic 0.233ns (0.969%)  route 23.806ns (99.031%))
  Logic Levels:           2  (LUT6=1 MUXF7=1)
  Clock Path Skew:        6.672ns (DCD - SCD + CPR)
    Destination Clock Delay (DCD):    12.611ns
    Source Clock Delay      (SCD):    5.233ns
    Clock Pessimism Removal (CPR):    -0.706ns
  Clock Uncertainty:      0.226ns  ((TSJ^2 + DJ^2)^1/2) / 2 + PE
    Total System Jitter     (TSJ):    0.071ns
    Discrete Jitter          (DJ):    0.199ns
    Phase Error              (PE):    0.120ns
  Inter-SLR Compensation: 1.747ns  ((DCD - CCD) * PF)
    Destination Clock Delay (DCD):    12.611ns
    Common Clock Delay      (CCD):    0.963ns
    Prorating Factor         (PF):    0.150
  Clock Net Delay (Source):      4.697ns (routing 2.719ns, distribution 1.978ns)
  Clock Net Delay (Destination): 1.854ns (routing 0.617ns, distribution 1.237ns)
  Timing Exception:       MaxDelay Path 0.000ns

    Location             Delay type                Incr(ns)  Path(ns)    Netlist Resource(s)
  -------------------------------------------------------------------    -------------------
                         (clock clk_50_xlnx_clk_wiz rise edge)
                                                      0.000     0.000 r  
    E12                  IBUFCTRL                     0.000     0.000 r  u_ibufg_sys_clk/IBUFCTRL_INST/O
                         net (fo=1, routed)           0.384     0.384    i_xlnx_clk_wiz/inst/clk_in1
    MMCM_X1Y12           MMCME4_ADV (Prop_MMCM_CLKIN1_CLKOUT1)
                                                     -0.127     0.257 r  i_xlnx_clk_wiz/inst/mmcme4_adv_inst/CLKOUT1
                         net (fo=1, routed)           0.251     0.508    i_xlnx_clk_wiz/inst/clk_50_xlnx_clk_wiz
    BUFGCE_X1Y298        BUFGCE (Prop_BUFCE_BUFGCE_I_O)
                                                      0.028     0.536 r  i_xlnx_clk_wiz/inst/clkout2_buf/O
    X2Y4 (CLOCK_ROOT)    net (fo=240101, routed)      4.697     5.233    i_carfield/i_cheshire_wrap/i_cheshire_ext_llc_cdc_src/i_cdc_fifo_gray_src_ar/host_clk_i
    SLR Crossing[2->0]   
    SLICE_X9Y36          FDRE                                         r  i_carfield/i_cheshire_wrap/i_cheshire_ext_llc_cdc_src/i_cdc_fifo_gray_src_ar/gen_word[1].data_q_reg[1][addr][32]/C
  -------------------------------------------------------------------    -------------------
    SLICE_X9Y36          FDRE (Prop_BFF2_SLICEL_C_Q)
                                                      0.080     5.313 r  i_carfield/i_cheshire_wrap/i_cheshire_ext_llc_cdc_src/i_cdc_fifo_gray_src_ar/gen_word[1].data_q_reg[1][addr][32]/Q
                         net (fo=1, routed)          23.767    29.080    i_carfield/i_cheshire_wrap/i_cheshire_ext_llc_cdc_src/i_cdc_fifo_gray_src_ar/llc_ar_data[164]
    SLICE_X9Y37          LUT6 (Prop_B6LUT_SLICEL_I3_O)
                                                      0.090    29.170 r  i_carfield/i_cheshire_wrap/i_cheshire_ext_llc_cdc_src/i_cdc_fifo_gray_src_ar/gen_spill_reg.a_data_q[addr][32]_i_2__46/O
                         net (fo=1, routed)           0.009    29.179    i_carfield/i_cheshire_wrap/i_cheshire_ext_llc_cdc_src/i_cdc_fifo_gray_src_ar/gen_spill_reg.a_data_q[addr][32]_i_2__46_n_2
    SLICE_X9Y37          MUXF7 (Prop_F7MUX_AB_SLICEL_I0_O)
                                                      0.063    29.242 r  i_carfield/i_cheshire_wrap/i_cheshire_ext_llc_cdc_src/i_cdc_fifo_gray_src_ar/gen_spill_reg.a_data_q_reg[addr][32]_i_1__9/O
                         net (fo=1, routed)           0.030    29.272    i_carfield/i_hyperbus_wrap/i_hyper_cdc_dst/i_cdc_fifo_gray_dst_ar/i_spill_register/spill_register_flushable_i/gen_spill_reg.a_data_q_reg[addr][32]_0[31]
    SLICE_X9Y37          FDCE                                         r  i_carfield/i_hyperbus_wrap/i_hyper_cdc_dst/i_cdc_fifo_gray_dst_ar/i_spill_register/spill_register_flushable_i/gen_spill_reg.a_data_q_reg[addr][32]/D
  -------------------------------------------------------------------    -------------------

                         max delay                    0.000     0.000    
    E12                  IBUFCTRL                     0.000     0.000 r  u_ibufg_sys_clk/IBUFCTRL_INST/O
                         net (fo=1, routed)           0.333     0.333    i_xlnx_clk_wiz/inst/clk_in1
    MMCM_X1Y12           MMCME4_ADV (Prop_MMCM_CLKIN1_CLKOUT3)
                                                      0.630     0.963 r  i_xlnx_clk_wiz/inst/mmcme4_adv_inst/CLKOUT3
                         net (fo=1, routed)           0.225     1.188    i_xlnx_clk_wiz/inst/clk_10_xlnx_clk_wiz
    BUFGCE_X1Y311        BUFGCE (Prop_BUFCE_BUFGCE_I_O)
                                                      0.024     1.212 r  i_xlnx_clk_wiz/inst/clkout4_buf/O
                         net (fo=64, routed)          4.140     5.352    i_carfield/gen_domain_clock_mux[0].i_clk_mux/clks_i[2]
    SLR Crossing[2->1]   
    SLICE_X118Y302       LUT5 (Prop_G6LUT_SLICEL_I1_O)
                                                      0.057     5.409 r  i_carfield/gen_domain_clock_mux[0].i_clk_mux/clk_o_INST_0/O
                         net (fo=1, routed)           0.943     6.352    i_carfield/gen_domain_clock_mux[0].i_clk_mux/clk_o
    SLR Crossing[1->0]   
    BUFGCE_X1Y84         BUFGCE (Prop_BUFCE_BUFGCE_I_O)
                                                      0.024     6.376 r  i_carfield/gen_domain_clock_mux[0].i_clk_mux/clk_o_BUFG_inst/O
                         net (fo=115, routed)         2.627     9.003    i_carfield/gen_domain_clock_mux[0].i_clk_div/clk_o
    SLR Crossing[0->1]   
    SLICE_X61Y300        LUT5 (Prop_G6LUT_SLICEL_I3_O)
                                                      0.057     9.060 r  i_carfield/gen_domain_clock_mux[0].i_clk_div/n_1_1099782_BUFG_inst_i_1/O
                         net (fo=2, routed)           0.064     9.124    i_carfield/i_hyper_clk_div/n_1_1099782_BUFG_inst_n_2
    SLICE_X61Y300        LUT5 (Prop_E6LUT_SLICEL_I3_O)
                                                      0.082     9.206 r  i_carfield/i_hyper_clk_div/hyp_clk_BUFG_inst_i_1/O
                         net (fo=1, routed)           1.527    10.733    i_carfield/hyp_clk
    SLR Crossing[1->0]   
    BUFGCE_X0Y39         BUFGCE (Prop_BUFCE_BUFGCE_I_O)
                                                      0.024    10.757 r  i_carfield/hyp_clk_BUFG_inst/O
    X1Y2 (CLOCK_ROOT)    net (fo=1287, routed)        1.854    12.611    i_carfield/i_hyperbus_wrap/i_hyper_cdc_dst/i_cdc_fifo_gray_dst_ar/i_spill_register/spill_register_flushable_i/hyp_clk_BUFG
    SLICE_X9Y37          FDCE                                         r  i_carfield/i_hyperbus_wrap/i_hyper_cdc_dst/i_cdc_fifo_gray_dst_ar/i_spill_register/spill_register_flushable_i/gen_spill_reg.a_data_q_reg[addr][32]/C
                         clock pessimism             -0.706    11.905    
                         inter-SLR compensation      -1.747    10.158    
                         clock uncertainty           -0.226     9.932    
    SLICE_X9Y37          FDCE (Setup_BFF_SLICEL_C_D)
                                                      0.025     9.957    i_carfield/i_hyperbus_wrap/i_hyper_cdc_dst/i_cdc_fifo_gray_dst_ar/i_spill_register/spill_register_flushable_i/gen_spill_reg.a_data_q_reg[addr][32]
  -------------------------------------------------------------------
                         required time                          9.957    
                         arrival time                         -29.272    
  -------------------------------------------------------------------
                         slack                                -19.315    

Slack (VIOLATED) :        -19.315ns  (required time - arrival time)
  Source:                 i_carfield/i_cheshire_wrap/i_cheshire_ext_llc_cdc_src/i_cdc_fifo_gray_src_ar/gen_word[1].data_q_reg[1][addr][32]/C
                            (rising edge-triggered cell FDRE clocked by clk_50_xlnx_clk_wiz  {rise@0.000ns fall@10.000ns period=20.000ns})
  Destination:            i_carfield/i_hyperbus_wrap/i_hyper_cdc_dst/i_cdc_fifo_gray_dst_ar/i_spill_register/spill_register_flushable_i/gen_spill_reg.a_data_q_reg[addr][32]/D
                            (rising edge-triggered cell FDCE clocked by periph_domain_clk  {rise@0.000ns fall@50.000ns period=100.000ns})
  Path Group:             periph_domain_clk
  Path Type:              Setup (Max at Slow Process Corner)
  Requirement:            0.000ns  (MaxDelay Path 0.000ns)
  Data Path Delay:        24.039ns  (logic 0.233ns (0.969%)  route 23.806ns (99.031%))
  Logic Levels:           2  (LUT6=1 MUXF7=1)
  Clock Path Skew:        6.672ns (DCD - SCD + CPR)
    Destination Clock Delay (DCD):    12.611ns
    Source Clock Delay      (SCD):    5.233ns
    Clock Pessimism Removal (CPR):    -0.706ns
  Clock Uncertainty:      0.226ns  ((TSJ^2 + DJ^2)^1/2) / 2 + PE
    Total System Jitter     (TSJ):    0.071ns
    Discrete Jitter          (DJ):    0.199ns
    Phase Error              (PE):    0.120ns
  Inter-SLR Compensation: 1.747ns  ((DCD - CCD) * PF)
    Destination Clock Delay (DCD):    12.611ns
    Common Clock Delay      (CCD):    0.963ns
    Prorating Factor         (PF):    0.150
  Clock Net Delay (Source):      4.697ns (routing 2.719ns, distribution 1.978ns)
  Clock Net Delay (Destination): 1.854ns (routing 0.617ns, distribution 1.237ns)
  Timing Exception:       MaxDelay Path 0.000ns

    Location             Delay type                Incr(ns)  Path(ns)    Netlist Resource(s)
  -------------------------------------------------------------------    -------------------
                         (clock clk_50_xlnx_clk_wiz rise edge)
                                                      0.000     0.000 r  
    E12                  IBUFCTRL                     0.000     0.000 r  u_ibufg_sys_clk/IBUFCTRL_INST/O
                         net (fo=1, routed)           0.384     0.384    i_xlnx_clk_wiz/inst/clk_in1
    MMCM_X1Y12           MMCME4_ADV (Prop_MMCM_CLKIN1_CLKOUT1)
                                                     -0.127     0.257 r  i_xlnx_clk_wiz/inst/mmcme4_adv_inst/CLKOUT1
                         net (fo=1, routed)           0.251     0.508    i_xlnx_clk_wiz/inst/clk_50_xlnx_clk_wiz
    BUFGCE_X1Y298        BUFGCE (Prop_BUFCE_BUFGCE_I_O)
                                                      0.028     0.536 r  i_xlnx_clk_wiz/inst/clkout2_buf/O
    X2Y4 (CLOCK_ROOT)    net (fo=240101, routed)      4.697     5.233    i_carfield/i_cheshire_wrap/i_cheshire_ext_llc_cdc_src/i_cdc_fifo_gray_src_ar/host_clk_i
    SLR Crossing[2->0]   
    SLICE_X9Y36          FDRE                                         r  i_carfield/i_cheshire_wrap/i_cheshire_ext_llc_cdc_src/i_cdc_fifo_gray_src_ar/gen_word[1].data_q_reg[1][addr][32]/C
  -------------------------------------------------------------------    -------------------
    SLICE_X9Y36          FDRE (Prop_BFF2_SLICEL_C_Q)
                                                      0.080     5.313 f  i_carfield/i_cheshire_wrap/i_cheshire_ext_llc_cdc_src/i_cdc_fifo_gray_src_ar/gen_word[1].data_q_reg[1][addr][32]/Q
                         net (fo=1, routed)          23.767    29.080    i_carfield/i_cheshire_wrap/i_cheshire_ext_llc_cdc_src/i_cdc_fifo_gray_src_ar/llc_ar_data[164]
    SLICE_X9Y37          LUT6 (Prop_B6LUT_SLICEL_I3_O)
                                                      0.090    29.170 f  i_carfield/i_cheshire_wrap/i_cheshire_ext_llc_cdc_src/i_cdc_fifo_gray_src_ar/gen_spill_reg.a_data_q[addr][32]_i_2__46/O
                         net (fo=1, routed)           0.009    29.179    i_carfield/i_cheshire_wrap/i_cheshire_ext_llc_cdc_src/i_cdc_fifo_gray_src_ar/gen_spill_reg.a_data_q[addr][32]_i_2__46_n_2
    SLICE_X9Y37          MUXF7 (Prop_F7MUX_AB_SLICEL_I0_O)
                                                      0.063    29.242 f  i_carfield/i_cheshire_wrap/i_cheshire_ext_llc_cdc_src/i_cdc_fifo_gray_src_ar/gen_spill_reg.a_data_q_reg[addr][32]_i_1__9/O
                         net (fo=1, routed)           0.030    29.272    i_carfield/i_hyperbus_wrap/i_hyper_cdc_dst/i_cdc_fifo_gray_dst_ar/i_spill_register/spill_register_flushable_i/gen_spill_reg.a_data_q_reg[addr][32]_0[31]
    SLICE_X9Y37          FDCE                                         f  i_carfield/i_hyperbus_wrap/i_hyper_cdc_dst/i_cdc_fifo_gray_dst_ar/i_spill_register/spill_register_flushable_i/gen_spill_reg.a_data_q_reg[addr][32]/D
  -------------------------------------------------------------------    -------------------

                         max delay                    0.000     0.000    
    E12                  IBUFCTRL                     0.000     0.000 r  u_ibufg_sys_clk/IBUFCTRL_INST/O
                         net (fo=1, routed)           0.333     0.333    i_xlnx_clk_wiz/inst/clk_in1
    MMCM_X1Y12           MMCME4_ADV (Prop_MMCM_CLKIN1_CLKOUT3)
                                                      0.630     0.963 r  i_xlnx_clk_wiz/inst/mmcme4_adv_inst/CLKOUT3
                         net (fo=1, routed)           0.225     1.188    i_xlnx_clk_wiz/inst/clk_10_xlnx_clk_wiz
    BUFGCE_X1Y311        BUFGCE (Prop_BUFCE_BUFGCE_I_O)
                                                      0.024     1.212 r  i_xlnx_clk_wiz/inst/clkout4_buf/O
                         net (fo=64, routed)          4.140     5.352    i_carfield/gen_domain_clock_mux[0].i_clk_mux/clks_i[2]
    SLR Crossing[2->1]   
    SLICE_X118Y302       LUT5 (Prop_G6LUT_SLICEL_I1_O)
                                                      0.057     5.409 r  i_carfield/gen_domain_clock_mux[0].i_clk_mux/clk_o_INST_0/O
                         net (fo=1, routed)           0.943     6.352    i_carfield/gen_domain_clock_mux[0].i_clk_mux/clk_o
    SLR Crossing[1->0]   
    BUFGCE_X1Y84         BUFGCE (Prop_BUFCE_BUFGCE_I_O)
                                                      0.024     6.376 r  i_carfield/gen_domain_clock_mux[0].i_clk_mux/clk_o_BUFG_inst/O
                         net (fo=115, routed)         2.627     9.003    i_carfield/gen_domain_clock_mux[0].i_clk_div/clk_o
    SLR Crossing[0->1]   
    SLICE_X61Y300        LUT5 (Prop_G6LUT_SLICEL_I3_O)
                                                      0.057     9.060 r  i_carfield/gen_domain_clock_mux[0].i_clk_div/n_1_1099782_BUFG_inst_i_1/O
                         net (fo=2, routed)           0.064     9.124    i_carfield/i_hyper_clk_div/n_1_1099782_BUFG_inst_n_2
    SLICE_X61Y300        LUT5 (Prop_E6LUT_SLICEL_I3_O)
                                                      0.082     9.206 r  i_carfield/i_hyper_clk_div/hyp_clk_BUFG_inst_i_1/O
                         net (fo=1, routed)           1.527    10.733    i_carfield/hyp_clk
    SLR Crossing[1->0]   
    BUFGCE_X0Y39         BUFGCE (Prop_BUFCE_BUFGCE_I_O)
                                                      0.024    10.757 r  i_carfield/hyp_clk_BUFG_inst/O
    X1Y2 (CLOCK_ROOT)    net (fo=1287, routed)        1.854    12.611    i_carfield/i_hyperbus_wrap/i_hyper_cdc_dst/i_cdc_fifo_gray_dst_ar/i_spill_register/spill_register_flushable_i/hyp_clk_BUFG
    SLICE_X9Y37          FDCE                                         r  i_carfield/i_hyperbus_wrap/i_hyper_cdc_dst/i_cdc_fifo_gray_dst_ar/i_spill_register/spill_register_flushable_i/gen_spill_reg.a_data_q_reg[addr][32]/C
                         clock pessimism             -0.706    11.905    
                         inter-SLR compensation      -1.747    10.158    
                         clock uncertainty           -0.226     9.932    
    SLICE_X9Y37          FDCE (Setup_BFF_SLICEL_C_D)
                                                      0.025     9.957    i_carfield/i_hyperbus_wrap/i_hyper_cdc_dst/i_cdc_fifo_gray_dst_ar/i_spill_register/spill_register_flushable_i/gen_spill_reg.a_data_q_reg[addr][32]
  -------------------------------------------------------------------
                         required time                          9.957    
                         arrival time                         -29.272    
  -------------------------------------------------------------------
                         slack                                -19.315    

Slack (VIOLATED) :        -19.314ns  (required time - arrival time)
  Source:                 i_carfield/i_cheshire_wrap/i_cheshire_ext_llc_cdc_src/i_cdc_fifo_gray_src_ar/gen_word[7].data_q_reg[7][len][4]/C
                            (rising edge-triggered cell FDRE clocked by clk_50_xlnx_clk_wiz  {rise@0.000ns fall@10.000ns period=20.000ns})
  Destination:            i_carfield/i_hyperbus_wrap/i_hyper_cdc_dst/i_cdc_fifo_gray_dst_ar/i_spill_register/spill_register_flushable_i/gen_spill_reg.a_data_q_reg[len][4]/D
                            (rising edge-triggered cell FDCE clocked by periph_domain_clk  {rise@0.000ns fall@50.000ns period=100.000ns})
  Path Group:             periph_domain_clk
  Path Type:              Setup (Max at Slow Process Corner)
  Requirement:            0.000ns  (MaxDelay Path 0.000ns)
  Data Path Delay:        24.022ns  (logic 0.178ns (0.741%)  route 23.844ns (99.259%))
  Logic Levels:           2  (LUT6=1 MUXF7=1)
  Clock Path Skew:        6.653ns (DCD - SCD + CPR)
    Destination Clock Delay (DCD):    12.591ns
    Source Clock Delay      (SCD):    5.232ns
    Clock Pessimism Removal (CPR):    -0.706ns
  Clock Uncertainty:      0.226ns  ((TSJ^2 + DJ^2)^1/2) / 2 + PE
    Total System Jitter     (TSJ):    0.071ns
    Discrete Jitter          (DJ):    0.199ns
    Phase Error              (PE):    0.120ns
  Inter-SLR Compensation: 1.744ns  ((DCD - CCD) * PF)
    Destination Clock Delay (DCD):    12.591ns
    Common Clock Delay      (CCD):    0.963ns
    Prorating Factor         (PF):    0.150
  Clock Net Delay (Source):      4.696ns (routing 2.719ns, distribution 1.977ns)
  Clock Net Delay (Destination): 1.834ns (routing 0.617ns, distribution 1.217ns)
  Timing Exception:       MaxDelay Path 0.000ns

    Location             Delay type                Incr(ns)  Path(ns)    Netlist Resource(s)
  -------------------------------------------------------------------    -------------------
                         (clock clk_50_xlnx_clk_wiz rise edge)
                                                      0.000     0.000 r  
    E12                  IBUFCTRL                     0.000     0.000 r  u_ibufg_sys_clk/IBUFCTRL_INST/O
                         net (fo=1, routed)           0.384     0.384    i_xlnx_clk_wiz/inst/clk_in1
    MMCM_X1Y12           MMCME4_ADV (Prop_MMCM_CLKIN1_CLKOUT1)
                                                     -0.127     0.257 r  i_xlnx_clk_wiz/inst/mmcme4_adv_inst/CLKOUT1
                         net (fo=1, routed)           0.251     0.508    i_xlnx_clk_wiz/inst/clk_50_xlnx_clk_wiz
    BUFGCE_X1Y298        BUFGCE (Prop_BUFCE_BUFGCE_I_O)
                                                      0.028     0.536 r  i_xlnx_clk_wiz/inst/clkout2_buf/O
    X2Y4 (CLOCK_ROOT)    net (fo=240101, routed)      4.696     5.232    i_carfield/i_cheshire_wrap/i_cheshire_ext_llc_cdc_src/i_cdc_fifo_gray_src_ar/host_clk_i
    SLR Crossing[2->0]   
    SLICE_X13Y39         FDRE                                         r  i_carfield/i_cheshire_wrap/i_cheshire_ext_llc_cdc_src/i_cdc_fifo_gray_src_ar/gen_word[7].data_q_reg[7][len][4]/C
  -------------------------------------------------------------------    -------------------
    SLICE_X13Y39         FDRE (Prop_FFF2_SLICEM_C_Q)
                                                      0.079     5.311 r  i_carfield/i_cheshire_wrap/i_cheshire_ext_llc_cdc_src/i_cdc_fifo_gray_src_ar/gen_word[7].data_q_reg[7][len][4]/Q
                         net (fo=1, routed)          23.805    29.116    i_carfield/i_cheshire_wrap/i_cheshire_ext_llc_cdc_src/i_cdc_fifo_gray_src_ar/llc_ar_data[686]
    SLICE_X12Y42         LUT6 (Prop_A6LUT_SLICEL_I0_O)
                                                      0.035    29.151 r  i_carfield/i_cheshire_wrap/i_cheshire_ext_llc_cdc_src/i_cdc_fifo_gray_src_ar/gen_spill_reg.a_data_q[len][4]_i_3__14/O
                         net (fo=1, routed)           0.009    29.160    i_carfield/i_cheshire_wrap/i_cheshire_ext_llc_cdc_src/i_cdc_fifo_gray_src_ar/gen_spill_reg.a_data_q[len][4]_i_3__14_n_2
    SLICE_X12Y42         MUXF7 (Prop_F7MUX_AB_SLICEL_I1_O)
                                                      0.064    29.224 r  i_carfield/i_cheshire_wrap/i_cheshire_ext_llc_cdc_src/i_cdc_fifo_gray_src_ar/gen_spill_reg.a_data_q_reg[len][4]_i_1__8/O
                         net (fo=1, routed)           0.030    29.254    i_carfield/i_hyperbus_wrap/i_hyper_cdc_dst/i_cdc_fifo_gray_dst_ar/i_spill_register/spill_register_flushable_i/gen_spill_reg.a_data_q_reg[len][7]_0[4]
    SLICE_X12Y42         FDCE                                         r  i_carfield/i_hyperbus_wrap/i_hyper_cdc_dst/i_cdc_fifo_gray_dst_ar/i_spill_register/spill_register_flushable_i/gen_spill_reg.a_data_q_reg[len][4]/D
  -------------------------------------------------------------------    -------------------

                         max delay                    0.000     0.000    
    E12                  IBUFCTRL                     0.000     0.000 r  u_ibufg_sys_clk/IBUFCTRL_INST/O
                         net (fo=1, routed)           0.333     0.333    i_xlnx_clk_wiz/inst/clk_in1
    MMCM_X1Y12           MMCME4_ADV (Prop_MMCM_CLKIN1_CLKOUT3)
                                                      0.630     0.963 r  i_xlnx_clk_wiz/inst/mmcme4_adv_inst/CLKOUT3
                         net (fo=1, routed)           0.225     1.188    i_xlnx_clk_wiz/inst/clk_10_xlnx_clk_wiz
    BUFGCE_X1Y311        BUFGCE (Prop_BUFCE_BUFGCE_I_O)
                                                      0.024     1.212 r  i_xlnx_clk_wiz/inst/clkout4_buf/O
                         net (fo=64, routed)          4.140     5.352    i_carfield/gen_domain_clock_mux[0].i_clk_mux/clks_i[2]
    SLR Crossing[2->1]   
    SLICE_X118Y302       LUT5 (Prop_G6LUT_SLICEL_I1_O)
                                                      0.057     5.409 r  i_carfield/gen_domain_clock_mux[0].i_clk_mux/clk_o_INST_0/O
                         net (fo=1, routed)           0.943     6.352    i_carfield/gen_domain_clock_mux[0].i_clk_mux/clk_o
    SLR Crossing[1->0]   
    BUFGCE_X1Y84         BUFGCE (Prop_BUFCE_BUFGCE_I_O)
                                                      0.024     6.376 r  i_carfield/gen_domain_clock_mux[0].i_clk_mux/clk_o_BUFG_inst/O
                         net (fo=115, routed)         2.627     9.003    i_carfield/gen_domain_clock_mux[0].i_clk_div/clk_o
    SLR Crossing[0->1]   
    SLICE_X61Y300        LUT5 (Prop_G6LUT_SLICEL_I3_O)
                                                      0.057     9.060 r  i_carfield/gen_domain_clock_mux[0].i_clk_div/n_1_1099782_BUFG_inst_i_1/O
                         net (fo=2, routed)           0.064     9.124    i_carfield/i_hyper_clk_div/n_1_1099782_BUFG_inst_n_2
    SLICE_X61Y300        LUT5 (Prop_E6LUT_SLICEL_I3_O)
                                                      0.082     9.206 r  i_carfield/i_hyper_clk_div/hyp_clk_BUFG_inst_i_1/O
                         net (fo=1, routed)           1.527    10.733    i_carfield/hyp_clk
    SLR Crossing[1->0]   
    BUFGCE_X0Y39         BUFGCE (Prop_BUFCE_BUFGCE_I_O)
                                                      0.024    10.757 r  i_carfield/hyp_clk_BUFG_inst/O
    X1Y2 (CLOCK_ROOT)    net (fo=1287, routed)        1.834    12.591    i_carfield/i_hyperbus_wrap/i_hyper_cdc_dst/i_cdc_fifo_gray_dst_ar/i_spill_register/spill_register_flushable_i/hyp_clk_BUFG
    SLICE_X12Y42         FDCE                                         r  i_carfield/i_hyperbus_wrap/i_hyper_cdc_dst/i_cdc_fifo_gray_dst_ar/i_spill_register/spill_register_flushable_i/gen_spill_reg.a_data_q_reg[len][4]/C
                         clock pessimism             -0.706    11.885    
                         inter-SLR compensation      -1.744    10.141    
                         clock uncertainty           -0.226     9.915    
    SLICE_X12Y42         FDCE (Setup_BFF_SLICEL_C_D)
                                                      0.025     9.940    i_carfield/i_hyperbus_wrap/i_hyper_cdc_dst/i_cdc_fifo_gray_dst_ar/i_spill_register/spill_register_flushable_i/gen_spill_reg.a_data_q_reg[len][4]
  -------------------------------------------------------------------
                         required time                          9.940    
                         arrival time                         -29.254    
  -------------------------------------------------------------------
                         slack                                -19.314    

Slack (VIOLATED) :        -19.314ns  (required time - arrival time)
  Source:                 i_carfield/i_cheshire_wrap/i_cheshire_ext_llc_cdc_src/i_cdc_fifo_gray_src_ar/gen_word[7].data_q_reg[7][len][4]/C
                            (rising edge-triggered cell FDRE clocked by clk_50_xlnx_clk_wiz  {rise@0.000ns fall@10.000ns period=20.000ns})
  Destination:            i_carfield/i_hyperbus_wrap/i_hyper_cdc_dst/i_cdc_fifo_gray_dst_ar/i_spill_register/spill_register_flushable_i/gen_spill_reg.a_data_q_reg[len][4]/D
                            (rising edge-triggered cell FDCE clocked by periph_domain_clk  {rise@0.000ns fall@50.000ns period=100.000ns})
  Path Group:             periph_domain_clk
  Path Type:              Setup (Max at Slow Process Corner)
  Requirement:            0.000ns  (MaxDelay Path 0.000ns)
  Data Path Delay:        24.022ns  (logic 0.178ns (0.741%)  route 23.844ns (99.259%))
  Logic Levels:           2  (LUT6=1 MUXF7=1)
  Clock Path Skew:        6.653ns (DCD - SCD + CPR)
    Destination Clock Delay (DCD):    12.591ns
    Source Clock Delay      (SCD):    5.232ns
    Clock Pessimism Removal (CPR):    -0.706ns
  Clock Uncertainty:      0.226ns  ((TSJ^2 + DJ^2)^1/2) / 2 + PE
    Total System Jitter     (TSJ):    0.071ns
    Discrete Jitter          (DJ):    0.199ns
    Phase Error              (PE):    0.120ns
  Inter-SLR Compensation: 1.744ns  ((DCD - CCD) * PF)
    Destination Clock Delay (DCD):    12.591ns
    Common Clock Delay      (CCD):    0.963ns
    Prorating Factor         (PF):    0.150
  Clock Net Delay (Source):      4.696ns (routing 2.719ns, distribution 1.977ns)
  Clock Net Delay (Destination): 1.834ns (routing 0.617ns, distribution 1.217ns)
  Timing Exception:       MaxDelay Path 0.000ns

    Location             Delay type                Incr(ns)  Path(ns)    Netlist Resource(s)
  -------------------------------------------------------------------    -------------------
                         (clock clk_50_xlnx_clk_wiz rise edge)
                                                      0.000     0.000 r  
    E12                  IBUFCTRL                     0.000     0.000 r  u_ibufg_sys_clk/IBUFCTRL_INST/O
                         net (fo=1, routed)           0.384     0.384    i_xlnx_clk_wiz/inst/clk_in1
    MMCM_X1Y12           MMCME4_ADV (Prop_MMCM_CLKIN1_CLKOUT1)
                                                     -0.127     0.257 r  i_xlnx_clk_wiz/inst/mmcme4_adv_inst/CLKOUT1
                         net (fo=1, routed)           0.251     0.508    i_xlnx_clk_wiz/inst/clk_50_xlnx_clk_wiz
    BUFGCE_X1Y298        BUFGCE (Prop_BUFCE_BUFGCE_I_O)
                                                      0.028     0.536 r  i_xlnx_clk_wiz/inst/clkout2_buf/O
    X2Y4 (CLOCK_ROOT)    net (fo=240101, routed)      4.696     5.232    i_carfield/i_cheshire_wrap/i_cheshire_ext_llc_cdc_src/i_cdc_fifo_gray_src_ar/host_clk_i
    SLR Crossing[2->0]   
    SLICE_X13Y39         FDRE                                         r  i_carfield/i_cheshire_wrap/i_cheshire_ext_llc_cdc_src/i_cdc_fifo_gray_src_ar/gen_word[7].data_q_reg[7][len][4]/C
  -------------------------------------------------------------------    -------------------
    SLICE_X13Y39         FDRE (Prop_FFF2_SLICEM_C_Q)
                                                      0.079     5.311 f  i_carfield/i_cheshire_wrap/i_cheshire_ext_llc_cdc_src/i_cdc_fifo_gray_src_ar/gen_word[7].data_q_reg[7][len][4]/Q
                         net (fo=1, routed)          23.805    29.116    i_carfield/i_cheshire_wrap/i_cheshire_ext_llc_cdc_src/i_cdc_fifo_gray_src_ar/llc_ar_data[686]
    SLICE_X12Y42         LUT6 (Prop_A6LUT_SLICEL_I0_O)
                                                      0.035    29.151 f  i_carfield/i_cheshire_wrap/i_cheshire_ext_llc_cdc_src/i_cdc_fifo_gray_src_ar/gen_spill_reg.a_data_q[len][4]_i_3__14/O
                         net (fo=1, routed)           0.009    29.160    i_carfield/i_cheshire_wrap/i_cheshire_ext_llc_cdc_src/i_cdc_fifo_gray_src_ar/gen_spill_reg.a_data_q[len][4]_i_3__14_n_2
    SLICE_X12Y42         MUXF7 (Prop_F7MUX_AB_SLICEL_I1_O)
                                                      0.064    29.224 f  i_carfield/i_cheshire_wrap/i_cheshire_ext_llc_cdc_src/i_cdc_fifo_gray_src_ar/gen_spill_reg.a_data_q_reg[len][4]_i_1__8/O
                         net (fo=1, routed)           0.030    29.254    i_carfield/i_hyperbus_wrap/i_hyper_cdc_dst/i_cdc_fifo_gray_dst_ar/i_spill_register/spill_register_flushable_i/gen_spill_reg.a_data_q_reg[len][7]_0[4]
    SLICE_X12Y42         FDCE                                         f  i_carfield/i_hyperbus_wrap/i_hyper_cdc_dst/i_cdc_fifo_gray_dst_ar/i_spill_register/spill_register_flushable_i/gen_spill_reg.a_data_q_reg[len][4]/D
  -------------------------------------------------------------------    -------------------

                         max delay                    0.000     0.000    
    E12                  IBUFCTRL                     0.000     0.000 r  u_ibufg_sys_clk/IBUFCTRL_INST/O
                         net (fo=1, routed)           0.333     0.333    i_xlnx_clk_wiz/inst/clk_in1
    MMCM_X1Y12           MMCME4_ADV (Prop_MMCM_CLKIN1_CLKOUT3)
                                                      0.630     0.963 r  i_xlnx_clk_wiz/inst/mmcme4_adv_inst/CLKOUT3
                         net (fo=1, routed)           0.225     1.188    i_xlnx_clk_wiz/inst/clk_10_xlnx_clk_wiz
    BUFGCE_X1Y311        BUFGCE (Prop_BUFCE_BUFGCE_I_O)
                                                      0.024     1.212 r  i_xlnx_clk_wiz/inst/clkout4_buf/O
                         net (fo=64, routed)          4.140     5.352    i_carfield/gen_domain_clock_mux[0].i_clk_mux/clks_i[2]
    SLR Crossing[2->1]   
    SLICE_X118Y302       LUT5 (Prop_G6LUT_SLICEL_I1_O)
                                                      0.057     5.409 r  i_carfield/gen_domain_clock_mux[0].i_clk_mux/clk_o_INST_0/O
                         net (fo=1, routed)           0.943     6.352    i_carfield/gen_domain_clock_mux[0].i_clk_mux/clk_o
    SLR Crossing[1->0]   
    BUFGCE_X1Y84         BUFGCE (Prop_BUFCE_BUFGCE_I_O)
                                                      0.024     6.376 r  i_carfield/gen_domain_clock_mux[0].i_clk_mux/clk_o_BUFG_inst/O
                         net (fo=115, routed)         2.627     9.003    i_carfield/gen_domain_clock_mux[0].i_clk_div/clk_o
    SLR Crossing[0->1]   
    SLICE_X61Y300        LUT5 (Prop_G6LUT_SLICEL_I3_O)
                                                      0.057     9.060 r  i_carfield/gen_domain_clock_mux[0].i_clk_div/n_1_1099782_BUFG_inst_i_1/O
                         net (fo=2, routed)           0.064     9.124    i_carfield/i_hyper_clk_div/n_1_1099782_BUFG_inst_n_2
    SLICE_X61Y300        LUT5 (Prop_E6LUT_SLICEL_I3_O)
                                                      0.082     9.206 r  i_carfield/i_hyper_clk_div/hyp_clk_BUFG_inst_i_1/O
                         net (fo=1, routed)           1.527    10.733    i_carfield/hyp_clk
    SLR Crossing[1->0]   
    BUFGCE_X0Y39         BUFGCE (Prop_BUFCE_BUFGCE_I_O)
                                                      0.024    10.757 r  i_carfield/hyp_clk_BUFG_inst/O
    X1Y2 (CLOCK_ROOT)    net (fo=1287, routed)        1.834    12.591    i_carfield/i_hyperbus_wrap/i_hyper_cdc_dst/i_cdc_fifo_gray_dst_ar/i_spill_register/spill_register_flushable_i/hyp_clk_BUFG
    SLICE_X12Y42         FDCE                                         r  i_carfield/i_hyperbus_wrap/i_hyper_cdc_dst/i_cdc_fifo_gray_dst_ar/i_spill_register/spill_register_flushable_i/gen_spill_reg.a_data_q_reg[len][4]/C
                         clock pessimism             -0.706    11.885    
                         inter-SLR compensation      -1.744    10.141    
                         clock uncertainty           -0.226     9.915    
    SLICE_X12Y42         FDCE (Setup_BFF_SLICEL_C_D)
                                                      0.025     9.940    i_carfield/i_hyperbus_wrap/i_hyper_cdc_dst/i_cdc_fifo_gray_dst_ar/i_spill_register/spill_register_flushable_i/gen_spill_reg.a_data_q_reg[len][4]
  -------------------------------------------------------------------
                         required time                          9.940    
                         arrival time                         -29.254    
  -------------------------------------------------------------------
                         slack                                -19.314    

Slack (VIOLATED) :        -19.303ns  (required time - arrival time)
  Source:                 i_carfield/i_cheshire_wrap/i_cheshire_ext_llc_cdc_src/i_cdc_fifo_gray_src_aw/gen_word[7].data_q_reg[7][addr][4]/C
                            (rising edge-triggered cell FDRE clocked by clk_50_xlnx_clk_wiz  {rise@0.000ns fall@10.000ns period=20.000ns})
  Destination:            i_carfield/i_hyperbus_wrap/i_hyper_cdc_dst/i_cdc_fifo_gray_dst_aw/i_spill_register/spill_register_flushable_i/gen_spill_reg.a_data_q_reg[addr][4]/D
                            (rising edge-triggered cell FDCE clocked by periph_domain_clk  {rise@0.000ns fall@50.000ns period=100.000ns})
  Path Group:             periph_domain_clk
  Path Type:              Setup (Max at Slow Process Corner)
  Requirement:            0.000ns  (MaxDelay Path 0.000ns)
  Data Path Delay:        24.023ns  (logic 0.184ns (0.766%)  route 23.839ns (99.234%))
  Logic Levels:           2  (LUT6=1 MUXF7=1)
  Clock Path Skew:        6.646ns (DCD - SCD + CPR)
    Destination Clock Delay (DCD):    12.464ns
    Source Clock Delay      (SCD):    5.112ns
    Clock Pessimism Removal (CPR):    -0.706ns
  Clock Uncertainty:      0.226ns  ((TSJ^2 + DJ^2)^1/2) / 2 + PE
    Total System Jitter     (TSJ):    0.071ns
    Discrete Jitter          (DJ):    0.199ns
    Phase Error              (PE):    0.120ns
  Inter-SLR Compensation: 1.725ns  ((DCD - CCD) * PF)
    Destination Clock Delay (DCD):    12.464ns
    Common Clock Delay      (CCD):    0.963ns
    Prorating Factor         (PF):    0.150
  Clock Net Delay (Source):      4.576ns (routing 2.719ns, distribution 1.857ns)
  Clock Net Delay (Destination): 1.707ns (routing 0.617ns, distribution 1.090ns)
  Timing Exception:       MaxDelay Path 0.000ns

    Location             Delay type                Incr(ns)  Path(ns)    Netlist Resource(s)
  -------------------------------------------------------------------    -------------------
                         (clock clk_50_xlnx_clk_wiz rise edge)
                                                      0.000     0.000 r  
    E12                  IBUFCTRL                     0.000     0.000 r  u_ibufg_sys_clk/IBUFCTRL_INST/O
                         net (fo=1, routed)           0.384     0.384    i_xlnx_clk_wiz/inst/clk_in1
    MMCM_X1Y12           MMCME4_ADV (Prop_MMCM_CLKIN1_CLKOUT1)
                                                     -0.127     0.257 r  i_xlnx_clk_wiz/inst/mmcme4_adv_inst/CLKOUT1
                         net (fo=1, routed)           0.251     0.508    i_xlnx_clk_wiz/inst/clk_50_xlnx_clk_wiz
    BUFGCE_X1Y298        BUFGCE (Prop_BUFCE_BUFGCE_I_O)
                                                      0.028     0.536 r  i_xlnx_clk_wiz/inst/clkout2_buf/O
    X2Y4 (CLOCK_ROOT)    net (fo=240101, routed)      4.576     5.112    i_carfield/i_cheshire_wrap/i_cheshire_ext_llc_cdc_src/i_cdc_fifo_gray_src_aw/host_clk_i
    SLR Crossing[2->0]   
    SLICE_X36Y54         FDRE                                         r  i_carfield/i_cheshire_wrap/i_cheshire_ext_llc_cdc_src/i_cdc_fifo_gray_src_aw/gen_word[7].data_q_reg[7][addr][4]/C
  -------------------------------------------------------------------    -------------------
    SLICE_X36Y54         FDRE (Prop_EFF2_SLICEM_C_Q)
                                                      0.079     5.191 r  i_carfield/i_cheshire_wrap/i_cheshire_ext_llc_cdc_src/i_cdc_fifo_gray_src_aw/gen_word[7].data_q_reg[7][addr][4]/Q
                         net (fo=1, routed)          23.786    28.977    i_carfield/i_cheshire_wrap/i_cheshire_ext_llc_cdc_src/i_cdc_fifo_gray_src_aw/llc_aw_data[742]
    SLICE_X38Y53         LUT6 (Prop_C6LUT_SLICEM_I0_O)
                                                      0.037    29.014 r  i_carfield/i_cheshire_wrap/i_cheshire_ext_llc_cdc_src/i_cdc_fifo_gray_src_aw/gen_spill_reg.a_data_q[addr][4]_i_3__27/O
                         net (fo=1, routed)           0.021    29.035    i_carfield/i_cheshire_wrap/i_cheshire_ext_llc_cdc_src/i_cdc_fifo_gray_src_aw/gen_spill_reg.a_data_q[addr][4]_i_3__27_n_2
    SLICE_X38Y53         MUXF7 (Prop_F7MUX_CD_SLICEM_I1_O)
                                                      0.068    29.103 r  i_carfield/i_cheshire_wrap/i_cheshire_ext_llc_cdc_src/i_cdc_fifo_gray_src_aw/gen_spill_reg.a_data_q_reg[addr][4]_i_1__10/O
                         net (fo=1, routed)           0.032    29.135    i_carfield/i_hyperbus_wrap/i_hyper_cdc_dst/i_cdc_fifo_gray_dst_aw/i_spill_register/spill_register_flushable_i/gen_spill_reg.a_data_q_reg[addr][32]_0[4]
    SLICE_X38Y53         FDCE                                         r  i_carfield/i_hyperbus_wrap/i_hyper_cdc_dst/i_cdc_fifo_gray_dst_aw/i_spill_register/spill_register_flushable_i/gen_spill_reg.a_data_q_reg[addr][4]/D
  -------------------------------------------------------------------    -------------------

                         max delay                    0.000     0.000    
    E12                  IBUFCTRL                     0.000     0.000 r  u_ibufg_sys_clk/IBUFCTRL_INST/O
                         net (fo=1, routed)           0.333     0.333    i_xlnx_clk_wiz/inst/clk_in1
    MMCM_X1Y12           MMCME4_ADV (Prop_MMCM_CLKIN1_CLKOUT3)
                                                      0.630     0.963 r  i_xlnx_clk_wiz/inst/mmcme4_adv_inst/CLKOUT3
                         net (fo=1, routed)           0.225     1.188    i_xlnx_clk_wiz/inst/clk_10_xlnx_clk_wiz
    BUFGCE_X1Y311        BUFGCE (Prop_BUFCE_BUFGCE_I_O)
                                                      0.024     1.212 r  i_xlnx_clk_wiz/inst/clkout4_buf/O
                         net (fo=64, routed)          4.140     5.352    i_carfield/gen_domain_clock_mux[0].i_clk_mux/clks_i[2]
    SLR Crossing[2->1]   
    SLICE_X118Y302       LUT5 (Prop_G6LUT_SLICEL_I1_O)
                                                      0.057     5.409 r  i_carfield/gen_domain_clock_mux[0].i_clk_mux/clk_o_INST_0/O
                         net (fo=1, routed)           0.943     6.352    i_carfield/gen_domain_clock_mux[0].i_clk_mux/clk_o
    SLR Crossing[1->0]   
    BUFGCE_X1Y84         BUFGCE (Prop_BUFCE_BUFGCE_I_O)
                                                      0.024     6.376 r  i_carfield/gen_domain_clock_mux[0].i_clk_mux/clk_o_BUFG_inst/O
                         net (fo=115, routed)         2.627     9.003    i_carfield/gen_domain_clock_mux[0].i_clk_div/clk_o
    SLR Crossing[0->1]   
    SLICE_X61Y300        LUT5 (Prop_G6LUT_SLICEL_I3_O)
                                                      0.057     9.060 r  i_carfield/gen_domain_clock_mux[0].i_clk_div/n_1_1099782_BUFG_inst_i_1/O
                         net (fo=2, routed)           0.064     9.124    i_carfield/i_hyper_clk_div/n_1_1099782_BUFG_inst_n_2
    SLICE_X61Y300        LUT5 (Prop_E6LUT_SLICEL_I3_O)
                                                      0.082     9.206 r  i_carfield/i_hyper_clk_div/hyp_clk_BUFG_inst_i_1/O
                         net (fo=1, routed)           1.527    10.733    i_carfield/hyp_clk
    SLR Crossing[1->0]   
    BUFGCE_X0Y39         BUFGCE (Prop_BUFCE_BUFGCE_I_O)
                                                      0.024    10.757 r  i_carfield/hyp_clk_BUFG_inst/O
    X1Y2 (CLOCK_ROOT)    net (fo=1287, routed)        1.707    12.464    i_carfield/i_hyperbus_wrap/i_hyper_cdc_dst/i_cdc_fifo_gray_dst_aw/i_spill_register/spill_register_flushable_i/hyp_clk_BUFG
    SLICE_X38Y53         FDCE                                         r  i_carfield/i_hyperbus_wrap/i_hyper_cdc_dst/i_cdc_fifo_gray_dst_aw/i_spill_register/spill_register_flushable_i/gen_spill_reg.a_data_q_reg[addr][4]/C
                         clock pessimism             -0.706    11.758    
                         inter-SLR compensation      -1.725    10.033    
                         clock uncertainty           -0.226     9.807    
    SLICE_X38Y53         FDCE (Setup_DFF_SLICEM_C_D)
                                                      0.025     9.832    i_carfield/i_hyperbus_wrap/i_hyper_cdc_dst/i_cdc_fifo_gray_dst_aw/i_spill_register/spill_register_flushable_i/gen_spill_reg.a_data_q_reg[addr][4]
  -------------------------------------------------------------------
                         required time                          9.832    
                         arrival time                         -29.135    
  -------------------------------------------------------------------
                         slack                                -19.303    

Slack (VIOLATED) :        -19.303ns  (required time - arrival time)
  Source:                 i_carfield/i_cheshire_wrap/i_cheshire_ext_llc_cdc_src/i_cdc_fifo_gray_src_aw/gen_word[7].data_q_reg[7][addr][4]/C
                            (rising edge-triggered cell FDRE clocked by clk_50_xlnx_clk_wiz  {rise@0.000ns fall@10.000ns period=20.000ns})
  Destination:            i_carfield/i_hyperbus_wrap/i_hyper_cdc_dst/i_cdc_fifo_gray_dst_aw/i_spill_register/spill_register_flushable_i/gen_spill_reg.a_data_q_reg[addr][4]/D
                            (rising edge-triggered cell FDCE clocked by periph_domain_clk  {rise@0.000ns fall@50.000ns period=100.000ns})
  Path Group:             periph_domain_clk
  Path Type:              Setup (Max at Slow Process Corner)
  Requirement:            0.000ns  (MaxDelay Path 0.000ns)
  Data Path Delay:        24.023ns  (logic 0.184ns (0.766%)  route 23.839ns (99.234%))
  Logic Levels:           2  (LUT6=1 MUXF7=1)
  Clock Path Skew:        6.646ns (DCD - SCD + CPR)
    Destination Clock Delay (DCD):    12.464ns
    Source Clock Delay      (SCD):    5.112ns
    Clock Pessimism Removal (CPR):    -0.706ns
  Clock Uncertainty:      0.226ns  ((TSJ^2 + DJ^2)^1/2) / 2 + PE
    Total System Jitter     (TSJ):    0.071ns
    Discrete Jitter          (DJ):    0.199ns
    Phase Error              (PE):    0.120ns
  Inter-SLR Compensation: 1.725ns  ((DCD - CCD) * PF)
    Destination Clock Delay (DCD):    12.464ns
    Common Clock Delay      (CCD):    0.963ns
    Prorating Factor         (PF):    0.150
  Clock Net Delay (Source):      4.576ns (routing 2.719ns, distribution 1.857ns)
  Clock Net Delay (Destination): 1.707ns (routing 0.617ns, distribution 1.090ns)
  Timing Exception:       MaxDelay Path 0.000ns

    Location             Delay type                Incr(ns)  Path(ns)    Netlist Resource(s)
  -------------------------------------------------------------------    -------------------
                         (clock clk_50_xlnx_clk_wiz rise edge)
                                                      0.000     0.000 r  
    E12                  IBUFCTRL                     0.000     0.000 r  u_ibufg_sys_clk/IBUFCTRL_INST/O
                         net (fo=1, routed)           0.384     0.384    i_xlnx_clk_wiz/inst/clk_in1
    MMCM_X1Y12           MMCME4_ADV (Prop_MMCM_CLKIN1_CLKOUT1)
                                                     -0.127     0.257 r  i_xlnx_clk_wiz/inst/mmcme4_adv_inst/CLKOUT1
                         net (fo=1, routed)           0.251     0.508    i_xlnx_clk_wiz/inst/clk_50_xlnx_clk_wiz
    BUFGCE_X1Y298        BUFGCE (Prop_BUFCE_BUFGCE_I_O)
                                                      0.028     0.536 r  i_xlnx_clk_wiz/inst/clkout2_buf/O
    X2Y4 (CLOCK_ROOT)    net (fo=240101, routed)      4.576     5.112    i_carfield/i_cheshire_wrap/i_cheshire_ext_llc_cdc_src/i_cdc_fifo_gray_src_aw/host_clk_i
    SLR Crossing[2->0]   
    SLICE_X36Y54         FDRE                                         r  i_carfield/i_cheshire_wrap/i_cheshire_ext_llc_cdc_src/i_cdc_fifo_gray_src_aw/gen_word[7].data_q_reg[7][addr][4]/C
  -------------------------------------------------------------------    -------------------
    SLICE_X36Y54         FDRE (Prop_EFF2_SLICEM_C_Q)
                                                      0.079     5.191 f  i_carfield/i_cheshire_wrap/i_cheshire_ext_llc_cdc_src/i_cdc_fifo_gray_src_aw/gen_word[7].data_q_reg[7][addr][4]/Q
                         net (fo=1, routed)          23.786    28.977    i_carfield/i_cheshire_wrap/i_cheshire_ext_llc_cdc_src/i_cdc_fifo_gray_src_aw/llc_aw_data[742]
    SLICE_X38Y53         LUT6 (Prop_C6LUT_SLICEM_I0_O)
                                                      0.037    29.014 f  i_carfield/i_cheshire_wrap/i_cheshire_ext_llc_cdc_src/i_cdc_fifo_gray_src_aw/gen_spill_reg.a_data_q[addr][4]_i_3__27/O
                         net (fo=1, routed)           0.021    29.035    i_carfield/i_cheshire_wrap/i_cheshire_ext_llc_cdc_src/i_cdc_fifo_gray_src_aw/gen_spill_reg.a_data_q[addr][4]_i_3__27_n_2
    SLICE_X38Y53         MUXF7 (Prop_F7MUX_CD_SLICEM_I1_O)
                                                      0.068    29.103 f  i_carfield/i_cheshire_wrap/i_cheshire_ext_llc_cdc_src/i_cdc_fifo_gray_src_aw/gen_spill_reg.a_data_q_reg[addr][4]_i_1__10/O
                         net (fo=1, routed)           0.032    29.135    i_carfield/i_hyperbus_wrap/i_hyper_cdc_dst/i_cdc_fifo_gray_dst_aw/i_spill_register/spill_register_flushable_i/gen_spill_reg.a_data_q_reg[addr][32]_0[4]
    SLICE_X38Y53         FDCE                                         f  i_carfield/i_hyperbus_wrap/i_hyper_cdc_dst/i_cdc_fifo_gray_dst_aw/i_spill_register/spill_register_flushable_i/gen_spill_reg.a_data_q_reg[addr][4]/D
  -------------------------------------------------------------------    -------------------

                         max delay                    0.000     0.000    
    E12                  IBUFCTRL                     0.000     0.000 r  u_ibufg_sys_clk/IBUFCTRL_INST/O
                         net (fo=1, routed)           0.333     0.333    i_xlnx_clk_wiz/inst/clk_in1
    MMCM_X1Y12           MMCME4_ADV (Prop_MMCM_CLKIN1_CLKOUT3)
                                                      0.630     0.963 r  i_xlnx_clk_wiz/inst/mmcme4_adv_inst/CLKOUT3
                         net (fo=1, routed)           0.225     1.188    i_xlnx_clk_wiz/inst/clk_10_xlnx_clk_wiz
    BUFGCE_X1Y311        BUFGCE (Prop_BUFCE_BUFGCE_I_O)
                                                      0.024     1.212 r  i_xlnx_clk_wiz/inst/clkout4_buf/O
                         net (fo=64, routed)          4.140     5.352    i_carfield/gen_domain_clock_mux[0].i_clk_mux/clks_i[2]
    SLR Crossing[2->1]   
    SLICE_X118Y302       LUT5 (Prop_G6LUT_SLICEL_I1_O)
                                                      0.057     5.409 r  i_carfield/gen_domain_clock_mux[0].i_clk_mux/clk_o_INST_0/O
                         net (fo=1, routed)           0.943     6.352    i_carfield/gen_domain_clock_mux[0].i_clk_mux/clk_o
    SLR Crossing[1->0]   
    BUFGCE_X1Y84         BUFGCE (Prop_BUFCE_BUFGCE_I_O)
                                                      0.024     6.376 r  i_carfield/gen_domain_clock_mux[0].i_clk_mux/clk_o_BUFG_inst/O
                         net (fo=115, routed)         2.627     9.003    i_carfield/gen_domain_clock_mux[0].i_clk_div/clk_o
    SLR Crossing[0->1]   
    SLICE_X61Y300        LUT5 (Prop_G6LUT_SLICEL_I3_O)
                                                      0.057     9.060 r  i_carfield/gen_domain_clock_mux[0].i_clk_div/n_1_1099782_BUFG_inst_i_1/O
                         net (fo=2, routed)           0.064     9.124    i_carfield/i_hyper_clk_div/n_1_1099782_BUFG_inst_n_2
    SLICE_X61Y300        LUT5 (Prop_E6LUT_SLICEL_I3_O)
                                                      0.082     9.206 r  i_carfield/i_hyper_clk_div/hyp_clk_BUFG_inst_i_1/O
                         net (fo=1, routed)           1.527    10.733    i_carfield/hyp_clk
    SLR Crossing[1->0]   
    BUFGCE_X0Y39         BUFGCE (Prop_BUFCE_BUFGCE_I_O)
                                                      0.024    10.757 r  i_carfield/hyp_clk_BUFG_inst/O
    X1Y2 (CLOCK_ROOT)    net (fo=1287, routed)        1.707    12.464    i_carfield/i_hyperbus_wrap/i_hyper_cdc_dst/i_cdc_fifo_gray_dst_aw/i_spill_register/spill_register_flushable_i/hyp_clk_BUFG
    SLICE_X38Y53         FDCE                                         r  i_carfield/i_hyperbus_wrap/i_hyper_cdc_dst/i_cdc_fifo_gray_dst_aw/i_spill_register/spill_register_flushable_i/gen_spill_reg.a_data_q_reg[addr][4]/C
                         clock pessimism             -0.706    11.758    
                         inter-SLR compensation      -1.725    10.033    
                         clock uncertainty           -0.226     9.807    
    SLICE_X38Y53         FDCE (Setup_DFF_SLICEM_C_D)
                                                      0.025     9.832    i_carfield/i_hyperbus_wrap/i_hyper_cdc_dst/i_cdc_fifo_gray_dst_aw/i_spill_register/spill_register_flushable_i/gen_spill_reg.a_data_q_reg[addr][4]
  -------------------------------------------------------------------
                         required time                          9.832    
                         arrival time                         -29.135    
  -------------------------------------------------------------------
                         slack                                -19.303    

Slack (VIOLATED) :        -19.299ns  (required time - arrival time)
  Source:                 i_carfield/i_cheshire_wrap/i_cheshire_ext_llc_cdc_src/i_cdc_fifo_gray_src_aw/gen_word[6].data_q_reg[6][len][1]/C
                            (rising edge-triggered cell FDRE clocked by clk_50_xlnx_clk_wiz  {rise@0.000ns fall@10.000ns period=20.000ns})
  Destination:            i_carfield/i_hyperbus_wrap/i_hyper_cdc_dst/i_cdc_fifo_gray_dst_aw/i_spill_register/spill_register_flushable_i/gen_spill_reg.a_data_q_reg[len][1]/D
                            (rising edge-triggered cell FDCE clocked by periph_domain_clk  {rise@0.000ns fall@50.000ns period=100.000ns})
  Path Group:             periph_domain_clk
  Path Type:              Setup (Max at Slow Process Corner)
  Requirement:            0.000ns  (MaxDelay Path 0.000ns)
  Data Path Delay:        24.042ns  (logic 0.232ns (0.965%)  route 23.810ns (99.035%))
  Logic Levels:           2  (LUT6=1 MUXF7=1)
  Clock Path Skew:        6.678ns (DCD - SCD + CPR)
    Destination Clock Delay (DCD):    12.528ns
    Source Clock Delay      (SCD):    5.144ns
    Clock Pessimism Removal (CPR):    -0.706ns
  Clock Uncertainty:      0.226ns  ((TSJ^2 + DJ^2)^1/2) / 2 + PE
    Total System Jitter     (TSJ):    0.071ns
    Discrete Jitter          (DJ):    0.199ns
    Phase Error              (PE):    0.120ns
  Inter-SLR Compensation: 1.735ns  ((DCD - CCD) * PF)
    Destination Clock Delay (DCD):    12.528ns
    Common Clock Delay      (CCD):    0.963ns
    Prorating Factor         (PF):    0.150
  Clock Net Delay (Source):      4.608ns (routing 2.719ns, distribution 1.889ns)
  Clock Net Delay (Destination): 1.771ns (routing 0.617ns, distribution 1.154ns)
  Timing Exception:       MaxDelay Path 0.000ns

    Location             Delay type                Incr(ns)  Path(ns)    Netlist Resource(s)
  -------------------------------------------------------------------    -------------------
                         (clock clk_50_xlnx_clk_wiz rise edge)
                                                      0.000     0.000 r  
    E12                  IBUFCTRL                     0.000     0.000 r  u_ibufg_sys_clk/IBUFCTRL_INST/O
                         net (fo=1, routed)           0.384     0.384    i_xlnx_clk_wiz/inst/clk_in1
    MMCM_X1Y12           MMCME4_ADV (Prop_MMCM_CLKIN1_CLKOUT1)
                                                     -0.127     0.257 r  i_xlnx_clk_wiz/inst/mmcme4_adv_inst/CLKOUT1
                         net (fo=1, routed)           0.251     0.508    i_xlnx_clk_wiz/inst/clk_50_xlnx_clk_wiz
    BUFGCE_X1Y298        BUFGCE (Prop_BUFCE_BUFGCE_I_O)
                                                      0.028     0.536 r  i_xlnx_clk_wiz/inst/clkout2_buf/O
    X2Y4 (CLOCK_ROOT)    net (fo=240101, routed)      4.608     5.144    i_carfield/i_cheshire_wrap/i_cheshire_ext_llc_cdc_src/i_cdc_fifo_gray_src_aw/host_clk_i
    SLR Crossing[2->0]   
    SLICE_X29Y41         FDRE                                         r  i_carfield/i_cheshire_wrap/i_cheshire_ext_llc_cdc_src/i_cdc_fifo_gray_src_aw/gen_word[6].data_q_reg[6][len][1]/C
  -------------------------------------------------------------------    -------------------
    SLICE_X29Y41         FDRE (Prop_CFF_SLICEL_C_Q)
                                                      0.079     5.223 r  i_carfield/i_cheshire_wrap/i_cheshire_ext_llc_cdc_src/i_cdc_fifo_gray_src_aw/gen_word[6].data_q_reg[6][len][1]/Q
                         net (fo=1, routed)          23.773    28.996    i_carfield/i_cheshire_wrap/i_cheshire_ext_llc_cdc_src/i_cdc_fifo_gray_src_aw/llc_aw_data[632]
    SLICE_X28Y41         LUT6 (Prop_E6LUT_SLICEL_I1_O)
                                                      0.090    29.086 r  i_carfield/i_cheshire_wrap/i_cheshire_ext_llc_cdc_src/i_cdc_fifo_gray_src_aw/gen_spill_reg.a_data_q[len][1]_i_3__8/O
                         net (fo=1, routed)           0.007    29.093    i_carfield/i_cheshire_wrap/i_cheshire_ext_llc_cdc_src/i_cdc_fifo_gray_src_aw/gen_spill_reg.a_data_q[len][1]_i_3__8_n_2
    SLICE_X28Y41         MUXF7 (Prop_F7MUX_EF_SLICEL_I1_O)
                                                      0.063    29.156 r  i_carfield/i_cheshire_wrap/i_cheshire_ext_llc_cdc_src/i_cdc_fifo_gray_src_aw/gen_spill_reg.a_data_q_reg[len][1]_i_1__7/O
                         net (fo=1, routed)           0.030    29.186    i_carfield/i_hyperbus_wrap/i_hyper_cdc_dst/i_cdc_fifo_gray_dst_aw/i_spill_register/spill_register_flushable_i/gen_spill_reg.a_data_q_reg[len][7]_0[1]
    SLICE_X28Y41         FDCE                                         r  i_carfield/i_hyperbus_wrap/i_hyper_cdc_dst/i_cdc_fifo_gray_dst_aw/i_spill_register/spill_register_flushable_i/gen_spill_reg.a_data_q_reg[len][1]/D
  -------------------------------------------------------------------    -------------------

                         max delay                    0.000     0.000    
    E12                  IBUFCTRL                     0.000     0.000 r  u_ibufg_sys_clk/IBUFCTRL_INST/O
                         net (fo=1, routed)           0.333     0.333    i_xlnx_clk_wiz/inst/clk_in1
    MMCM_X1Y12           MMCME4_ADV (Prop_MMCM_CLKIN1_CLKOUT3)
                                                      0.630     0.963 r  i_xlnx_clk_wiz/inst/mmcme4_adv_inst/CLKOUT3
                         net (fo=1, routed)           0.225     1.188    i_xlnx_clk_wiz/inst/clk_10_xlnx_clk_wiz
    BUFGCE_X1Y311        BUFGCE (Prop_BUFCE_BUFGCE_I_O)
                                                      0.024     1.212 r  i_xlnx_clk_wiz/inst/clkout4_buf/O
                         net (fo=64, routed)          4.140     5.352    i_carfield/gen_domain_clock_mux[0].i_clk_mux/clks_i[2]
    SLR Crossing[2->1]   
    SLICE_X118Y302       LUT5 (Prop_G6LUT_SLICEL_I1_O)
                                                      0.057     5.409 r  i_carfield/gen_domain_clock_mux[0].i_clk_mux/clk_o_INST_0/O
                         net (fo=1, routed)           0.943     6.352    i_carfield/gen_domain_clock_mux[0].i_clk_mux/clk_o
    SLR Crossing[1->0]   
    BUFGCE_X1Y84         BUFGCE (Prop_BUFCE_BUFGCE_I_O)
                                                      0.024     6.376 r  i_carfield/gen_domain_clock_mux[0].i_clk_mux/clk_o_BUFG_inst/O
                         net (fo=115, routed)         2.627     9.003    i_carfield/gen_domain_clock_mux[0].i_clk_div/clk_o
    SLR Crossing[0->1]   
    SLICE_X61Y300        LUT5 (Prop_G6LUT_SLICEL_I3_O)
                                                      0.057     9.060 r  i_carfield/gen_domain_clock_mux[0].i_clk_div/n_1_1099782_BUFG_inst_i_1/O
                         net (fo=2, routed)           0.064     9.124    i_carfield/i_hyper_clk_div/n_1_1099782_BUFG_inst_n_2
    SLICE_X61Y300        LUT5 (Prop_E6LUT_SLICEL_I3_O)
                                                      0.082     9.206 r  i_carfield/i_hyper_clk_div/hyp_clk_BUFG_inst_i_1/O
                         net (fo=1, routed)           1.527    10.733    i_carfield/hyp_clk
    SLR Crossing[1->0]   
    BUFGCE_X0Y39         BUFGCE (Prop_BUFCE_BUFGCE_I_O)
                                                      0.024    10.757 r  i_carfield/hyp_clk_BUFG_inst/O
    X1Y2 (CLOCK_ROOT)    net (fo=1287, routed)        1.771    12.528    i_carfield/i_hyperbus_wrap/i_hyper_cdc_dst/i_cdc_fifo_gray_dst_aw/i_spill_register/spill_register_flushable_i/hyp_clk_BUFG
    SLICE_X28Y41         FDCE                                         r  i_carfield/i_hyperbus_wrap/i_hyper_cdc_dst/i_cdc_fifo_gray_dst_aw/i_spill_register/spill_register_flushable_i/gen_spill_reg.a_data_q_reg[len][1]/C
                         clock pessimism             -0.706    11.822    
                         inter-SLR compensation      -1.735    10.087    
                         clock uncertainty           -0.226     9.862    
    SLICE_X28Y41         FDCE (Setup_FFF_SLICEL_C_D)
                                                      0.025     9.887    i_carfield/i_hyperbus_wrap/i_hyper_cdc_dst/i_cdc_fifo_gray_dst_aw/i_spill_register/spill_register_flushable_i/gen_spill_reg.a_data_q_reg[len][1]
  -------------------------------------------------------------------
                         required time                          9.887    
                         arrival time                         -29.186    
  -------------------------------------------------------------------
                         slack                                -19.299    

Slack (VIOLATED) :        -19.299ns  (required time - arrival time)
  Source:                 i_carfield/i_cheshire_wrap/i_cheshire_ext_llc_cdc_src/i_cdc_fifo_gray_src_aw/gen_word[6].data_q_reg[6][len][1]/C
                            (rising edge-triggered cell FDRE clocked by clk_50_xlnx_clk_wiz  {rise@0.000ns fall@10.000ns period=20.000ns})
  Destination:            i_carfield/i_hyperbus_wrap/i_hyper_cdc_dst/i_cdc_fifo_gray_dst_aw/i_spill_register/spill_register_flushable_i/gen_spill_reg.a_data_q_reg[len][1]/D
                            (rising edge-triggered cell FDCE clocked by periph_domain_clk  {rise@0.000ns fall@50.000ns period=100.000ns})
  Path Group:             periph_domain_clk
  Path Type:              Setup (Max at Slow Process Corner)
  Requirement:            0.000ns  (MaxDelay Path 0.000ns)
  Data Path Delay:        24.042ns  (logic 0.232ns (0.965%)  route 23.810ns (99.035%))
  Logic Levels:           2  (LUT6=1 MUXF7=1)
  Clock Path Skew:        6.678ns (DCD - SCD + CPR)
    Destination Clock Delay (DCD):    12.528ns
    Source Clock Delay      (SCD):    5.144ns
    Clock Pessimism Removal (CPR):    -0.706ns
  Clock Uncertainty:      0.226ns  ((TSJ^2 + DJ^2)^1/2) / 2 + PE
    Total System Jitter     (TSJ):    0.071ns
    Discrete Jitter          (DJ):    0.199ns
    Phase Error              (PE):    0.120ns
  Inter-SLR Compensation: 1.735ns  ((DCD - CCD) * PF)
    Destination Clock Delay (DCD):    12.528ns
    Common Clock Delay      (CCD):    0.963ns
    Prorating Factor         (PF):    0.150
  Clock Net Delay (Source):      4.608ns (routing 2.719ns, distribution 1.889ns)
  Clock Net Delay (Destination): 1.771ns (routing 0.617ns, distribution 1.154ns)
  Timing Exception:       MaxDelay Path 0.000ns

    Location             Delay type                Incr(ns)  Path(ns)    Netlist Resource(s)
  -------------------------------------------------------------------    -------------------
                         (clock clk_50_xlnx_clk_wiz rise edge)
                                                      0.000     0.000 r  
    E12                  IBUFCTRL                     0.000     0.000 r  u_ibufg_sys_clk/IBUFCTRL_INST/O
                         net (fo=1, routed)           0.384     0.384    i_xlnx_clk_wiz/inst/clk_in1
    MMCM_X1Y12           MMCME4_ADV (Prop_MMCM_CLKIN1_CLKOUT1)
                                                     -0.127     0.257 r  i_xlnx_clk_wiz/inst/mmcme4_adv_inst/CLKOUT1
                         net (fo=1, routed)           0.251     0.508    i_xlnx_clk_wiz/inst/clk_50_xlnx_clk_wiz
    BUFGCE_X1Y298        BUFGCE (Prop_BUFCE_BUFGCE_I_O)
                                                      0.028     0.536 r  i_xlnx_clk_wiz/inst/clkout2_buf/O
    X2Y4 (CLOCK_ROOT)    net (fo=240101, routed)      4.608     5.144    i_carfield/i_cheshire_wrap/i_cheshire_ext_llc_cdc_src/i_cdc_fifo_gray_src_aw/host_clk_i
    SLR Crossing[2->0]   
    SLICE_X29Y41         FDRE                                         r  i_carfield/i_cheshire_wrap/i_cheshire_ext_llc_cdc_src/i_cdc_fifo_gray_src_aw/gen_word[6].data_q_reg[6][len][1]/C
  -------------------------------------------------------------------    -------------------
    SLICE_X29Y41         FDRE (Prop_CFF_SLICEL_C_Q)
                                                      0.079     5.223 f  i_carfield/i_cheshire_wrap/i_cheshire_ext_llc_cdc_src/i_cdc_fifo_gray_src_aw/gen_word[6].data_q_reg[6][len][1]/Q
                         net (fo=1, routed)          23.773    28.996    i_carfield/i_cheshire_wrap/i_cheshire_ext_llc_cdc_src/i_cdc_fifo_gray_src_aw/llc_aw_data[632]
    SLICE_X28Y41         LUT6 (Prop_E6LUT_SLICEL_I1_O)
                                                      0.090    29.086 f  i_carfield/i_cheshire_wrap/i_cheshire_ext_llc_cdc_src/i_cdc_fifo_gray_src_aw/gen_spill_reg.a_data_q[len][1]_i_3__8/O
                         net (fo=1, routed)           0.007    29.093    i_carfield/i_cheshire_wrap/i_cheshire_ext_llc_cdc_src/i_cdc_fifo_gray_src_aw/gen_spill_reg.a_data_q[len][1]_i_3__8_n_2
    SLICE_X28Y41         MUXF7 (Prop_F7MUX_EF_SLICEL_I1_O)
                                                      0.063    29.156 f  i_carfield/i_cheshire_wrap/i_cheshire_ext_llc_cdc_src/i_cdc_fifo_gray_src_aw/gen_spill_reg.a_data_q_reg[len][1]_i_1__7/O
                         net (fo=1, routed)           0.030    29.186    i_carfield/i_hyperbus_wrap/i_hyper_cdc_dst/i_cdc_fifo_gray_dst_aw/i_spill_register/spill_register_flushable_i/gen_spill_reg.a_data_q_reg[len][7]_0[1]
    SLICE_X28Y41         FDCE                                         f  i_carfield/i_hyperbus_wrap/i_hyper_cdc_dst/i_cdc_fifo_gray_dst_aw/i_spill_register/spill_register_flushable_i/gen_spill_reg.a_data_q_reg[len][1]/D
  -------------------------------------------------------------------    -------------------

                         max delay                    0.000     0.000    
    E12                  IBUFCTRL                     0.000     0.000 r  u_ibufg_sys_clk/IBUFCTRL_INST/O
                         net (fo=1, routed)           0.333     0.333    i_xlnx_clk_wiz/inst/clk_in1
    MMCM_X1Y12           MMCME4_ADV (Prop_MMCM_CLKIN1_CLKOUT3)
                                                      0.630     0.963 r  i_xlnx_clk_wiz/inst/mmcme4_adv_inst/CLKOUT3
                         net (fo=1, routed)           0.225     1.188    i_xlnx_clk_wiz/inst/clk_10_xlnx_clk_wiz
    BUFGCE_X1Y311        BUFGCE (Prop_BUFCE_BUFGCE_I_O)
                                                      0.024     1.212 r  i_xlnx_clk_wiz/inst/clkout4_buf/O
                         net (fo=64, routed)          4.140     5.352    i_carfield/gen_domain_clock_mux[0].i_clk_mux/clks_i[2]
    SLR Crossing[2->1]   
    SLICE_X118Y302       LUT5 (Prop_G6LUT_SLICEL_I1_O)
                                                      0.057     5.409 r  i_carfield/gen_domain_clock_mux[0].i_clk_mux/clk_o_INST_0/O
                         net (fo=1, routed)           0.943     6.352    i_carfield/gen_domain_clock_mux[0].i_clk_mux/clk_o
    SLR Crossing[1->0]   
    BUFGCE_X1Y84         BUFGCE (Prop_BUFCE_BUFGCE_I_O)
                                                      0.024     6.376 r  i_carfield/gen_domain_clock_mux[0].i_clk_mux/clk_o_BUFG_inst/O
                         net (fo=115, routed)         2.627     9.003    i_carfield/gen_domain_clock_mux[0].i_clk_div/clk_o
    SLR Crossing[0->1]   
    SLICE_X61Y300        LUT5 (Prop_G6LUT_SLICEL_I3_O)
                                                      0.057     9.060 r  i_carfield/gen_domain_clock_mux[0].i_clk_div/n_1_1099782_BUFG_inst_i_1/O
                         net (fo=2, routed)           0.064     9.124    i_carfield/i_hyper_clk_div/n_1_1099782_BUFG_inst_n_2
    SLICE_X61Y300        LUT5 (Prop_E6LUT_SLICEL_I3_O)
                                                      0.082     9.206 r  i_carfield/i_hyper_clk_div/hyp_clk_BUFG_inst_i_1/O
                         net (fo=1, routed)           1.527    10.733    i_carfield/hyp_clk
    SLR Crossing[1->0]   
    BUFGCE_X0Y39         BUFGCE (Prop_BUFCE_BUFGCE_I_O)
                                                      0.024    10.757 r  i_carfield/hyp_clk_BUFG_inst/O
    X1Y2 (CLOCK_ROOT)    net (fo=1287, routed)        1.771    12.528    i_carfield/i_hyperbus_wrap/i_hyper_cdc_dst/i_cdc_fifo_gray_dst_aw/i_spill_register/spill_register_flushable_i/hyp_clk_BUFG
    SLICE_X28Y41         FDCE                                         r  i_carfield/i_hyperbus_wrap/i_hyper_cdc_dst/i_cdc_fifo_gray_dst_aw/i_spill_register/spill_register_flushable_i/gen_spill_reg.a_data_q_reg[len][1]/C
                         clock pessimism             -0.706    11.822    
                         inter-SLR compensation      -1.735    10.087    
                         clock uncertainty           -0.226     9.862    
    SLICE_X28Y41         FDCE (Setup_FFF_SLICEL_C_D)
                                                      0.025     9.887    i_carfield/i_hyperbus_wrap/i_hyper_cdc_dst/i_cdc_fifo_gray_dst_aw/i_spill_register/spill_register_flushable_i/gen_spill_reg.a_data_q_reg[len][1]
  -------------------------------------------------------------------
                         required time                          9.887    
                         arrival time                         -29.186    
  -------------------------------------------------------------------
                         slack                                -19.299    

Slack (VIOLATED) :        -19.293ns  (required time - arrival time)
  Source:                 i_carfield/i_cheshire_wrap/i_cheshire_ext_llc_cdc_src/i_cdc_fifo_gray_src_ar/gen_word[4].data_q_reg[4][addr][20]/C
                            (rising edge-triggered cell FDRE clocked by clk_50_xlnx_clk_wiz  {rise@0.000ns fall@10.000ns period=20.000ns})
  Destination:            i_carfield/i_hyperbus_wrap/i_hyper_cdc_dst/i_cdc_fifo_gray_dst_ar/i_spill_register/spill_register_flushable_i/gen_spill_reg.a_data_q_reg[addr][20]/D
                            (rising edge-triggered cell FDCE clocked by periph_domain_clk  {rise@0.000ns fall@50.000ns period=100.000ns})
  Path Group:             periph_domain_clk
  Path Type:              Setup (Max at Slow Process Corner)
  Requirement:            0.000ns  (MaxDelay Path 0.000ns)
  Data Path Delay:        24.027ns  (logic 0.268ns (1.115%)  route 23.759ns (98.885%))
  Logic Levels:           2  (LUT6=1 MUXF7=1)
  Clock Path Skew:        6.682ns (DCD - SCD + CPR)
    Destination Clock Delay (DCD):    12.613ns
    Source Clock Delay      (SCD):    5.225ns
    Clock Pessimism Removal (CPR):    -0.706ns
  Clock Uncertainty:      0.226ns  ((TSJ^2 + DJ^2)^1/2) / 2 + PE
    Total System Jitter     (TSJ):    0.071ns
    Discrete Jitter          (DJ):    0.199ns
    Phase Error              (PE):    0.120ns
  Inter-SLR Compensation: 1.747ns  ((DCD - CCD) * PF)
    Destination Clock Delay (DCD):    12.613ns
    Common Clock Delay      (CCD):    0.963ns
    Prorating Factor         (PF):    0.150
  Clock Net Delay (Source):      4.689ns (routing 2.719ns, distribution 1.970ns)
  Clock Net Delay (Destination): 1.856ns (routing 0.617ns, distribution 1.239ns)
  Timing Exception:       MaxDelay Path 0.000ns

    Location             Delay type                Incr(ns)  Path(ns)    Netlist Resource(s)
  -------------------------------------------------------------------    -------------------
                         (clock clk_50_xlnx_clk_wiz rise edge)
                                                      0.000     0.000 r  
    E12                  IBUFCTRL                     0.000     0.000 r  u_ibufg_sys_clk/IBUFCTRL_INST/O
                         net (fo=1, routed)           0.384     0.384    i_xlnx_clk_wiz/inst/clk_in1
    MMCM_X1Y12           MMCME4_ADV (Prop_MMCM_CLKIN1_CLKOUT1)
                                                     -0.127     0.257 r  i_xlnx_clk_wiz/inst/mmcme4_adv_inst/CLKOUT1
                         net (fo=1, routed)           0.251     0.508    i_xlnx_clk_wiz/inst/clk_50_xlnx_clk_wiz
    BUFGCE_X1Y298        BUFGCE (Prop_BUFCE_BUFGCE_I_O)
                                                      0.028     0.536 r  i_xlnx_clk_wiz/inst/clkout2_buf/O
    X2Y4 (CLOCK_ROOT)    net (fo=240101, routed)      4.689     5.225    i_carfield/i_cheshire_wrap/i_cheshire_ext_llc_cdc_src/i_cdc_fifo_gray_src_ar/host_clk_i
    SLR Crossing[2->0]   
    SLICE_X10Y44         FDRE                                         r  i_carfield/i_cheshire_wrap/i_cheshire_ext_llc_cdc_src/i_cdc_fifo_gray_src_ar/gen_word[4].data_q_reg[4][addr][20]/C
  -------------------------------------------------------------------    -------------------
    SLICE_X10Y44         FDRE (Prop_AFF2_SLICEL_C_Q)
                                                      0.081     5.306 r  i_carfield/i_cheshire_wrap/i_cheshire_ext_llc_cdc_src/i_cdc_fifo_gray_src_ar/gen_word[4].data_q_reg[4][addr][20]/Q
                         net (fo=1, routed)          23.718    29.024    i_carfield/i_cheshire_wrap/i_cheshire_ext_llc_cdc_src/i_cdc_fifo_gray_src_ar/llc_ar_data[431]
    SLICE_X10Y49         LUT6 (Prop_C6LUT_SLICEL_I5_O)
                                                      0.123    29.147 r  i_carfield/i_cheshire_wrap/i_cheshire_ext_llc_cdc_src/i_cdc_fifo_gray_src_ar/gen_spill_reg.a_data_q[addr][20]_i_3__29/O
                         net (fo=1, routed)           0.010    29.157    i_carfield/i_cheshire_wrap/i_cheshire_ext_llc_cdc_src/i_cdc_fifo_gray_src_ar/gen_spill_reg.a_data_q[addr][20]_i_3__29_n_2
    SLICE_X10Y49         MUXF7 (Prop_F7MUX_CD_SLICEL_I1_O)
                                                      0.064    29.221 r  i_carfield/i_cheshire_wrap/i_cheshire_ext_llc_cdc_src/i_cdc_fifo_gray_src_ar/gen_spill_reg.a_data_q_reg[addr][20]_i_1__11/O
                         net (fo=1, routed)           0.031    29.252    i_carfield/i_hyperbus_wrap/i_hyper_cdc_dst/i_cdc_fifo_gray_dst_ar/i_spill_register/spill_register_flushable_i/gen_spill_reg.a_data_q_reg[addr][32]_0[20]
    SLICE_X10Y49         FDCE                                         r  i_carfield/i_hyperbus_wrap/i_hyper_cdc_dst/i_cdc_fifo_gray_dst_ar/i_spill_register/spill_register_flushable_i/gen_spill_reg.a_data_q_reg[addr][20]/D
  -------------------------------------------------------------------    -------------------

                         max delay                    0.000     0.000    
    E12                  IBUFCTRL                     0.000     0.000 r  u_ibufg_sys_clk/IBUFCTRL_INST/O
                         net (fo=1, routed)           0.333     0.333    i_xlnx_clk_wiz/inst/clk_in1
    MMCM_X1Y12           MMCME4_ADV (Prop_MMCM_CLKIN1_CLKOUT3)
                                                      0.630     0.963 r  i_xlnx_clk_wiz/inst/mmcme4_adv_inst/CLKOUT3
                         net (fo=1, routed)           0.225     1.188    i_xlnx_clk_wiz/inst/clk_10_xlnx_clk_wiz
    BUFGCE_X1Y311        BUFGCE (Prop_BUFCE_BUFGCE_I_O)
                                                      0.024     1.212 r  i_xlnx_clk_wiz/inst/clkout4_buf/O
                         net (fo=64, routed)          4.140     5.352    i_carfield/gen_domain_clock_mux[0].i_clk_mux/clks_i[2]
    SLR Crossing[2->1]   
    SLICE_X118Y302       LUT5 (Prop_G6LUT_SLICEL_I1_O)
                                                      0.057     5.409 r  i_carfield/gen_domain_clock_mux[0].i_clk_mux/clk_o_INST_0/O
                         net (fo=1, routed)           0.943     6.352    i_carfield/gen_domain_clock_mux[0].i_clk_mux/clk_o
    SLR Crossing[1->0]   
    BUFGCE_X1Y84         BUFGCE (Prop_BUFCE_BUFGCE_I_O)
                                                      0.024     6.376 r  i_carfield/gen_domain_clock_mux[0].i_clk_mux/clk_o_BUFG_inst/O
                         net (fo=115, routed)         2.627     9.003    i_carfield/gen_domain_clock_mux[0].i_clk_div/clk_o
    SLR Crossing[0->1]   
    SLICE_X61Y300        LUT5 (Prop_G6LUT_SLICEL_I3_O)
                                                      0.057     9.060 r  i_carfield/gen_domain_clock_mux[0].i_clk_div/n_1_1099782_BUFG_inst_i_1/O
                         net (fo=2, routed)           0.064     9.124    i_carfield/i_hyper_clk_div/n_1_1099782_BUFG_inst_n_2
    SLICE_X61Y300        LUT5 (Prop_E6LUT_SLICEL_I3_O)
                                                      0.082     9.206 r  i_carfield/i_hyper_clk_div/hyp_clk_BUFG_inst_i_1/O
                         net (fo=1, routed)           1.527    10.733    i_carfield/hyp_clk
    SLR Crossing[1->0]   
    BUFGCE_X0Y39         BUFGCE (Prop_BUFCE_BUFGCE_I_O)
                                                      0.024    10.757 r  i_carfield/hyp_clk_BUFG_inst/O
    X1Y2 (CLOCK_ROOT)    net (fo=1287, routed)        1.856    12.613    i_carfield/i_hyperbus_wrap/i_hyper_cdc_dst/i_cdc_fifo_gray_dst_ar/i_spill_register/spill_register_flushable_i/hyp_clk_BUFG
    SLICE_X10Y49         FDCE                                         r  i_carfield/i_hyperbus_wrap/i_hyper_cdc_dst/i_cdc_fifo_gray_dst_ar/i_spill_register/spill_register_flushable_i/gen_spill_reg.a_data_q_reg[addr][20]/C
                         clock pessimism             -0.706    11.907    
                         inter-SLR compensation      -1.747    10.160    
                         clock uncertainty           -0.226     9.934    
    SLICE_X10Y49         FDCE (Setup_DFF_SLICEL_C_D)
                                                      0.025     9.959    i_carfield/i_hyperbus_wrap/i_hyper_cdc_dst/i_cdc_fifo_gray_dst_ar/i_spill_register/spill_register_flushable_i/gen_spill_reg.a_data_q_reg[addr][20]
  -------------------------------------------------------------------
                         required time                          9.959    
                         arrival time                         -29.252    
  -------------------------------------------------------------------
                         slack                                -19.293    

Slack (VIOLATED) :        -19.293ns  (required time - arrival time)
  Source:                 i_carfield/i_cheshire_wrap/i_cheshire_ext_llc_cdc_src/i_cdc_fifo_gray_src_ar/gen_word[4].data_q_reg[4][addr][20]/C
                            (rising edge-triggered cell FDRE clocked by clk_50_xlnx_clk_wiz  {rise@0.000ns fall@10.000ns period=20.000ns})
  Destination:            i_carfield/i_hyperbus_wrap/i_hyper_cdc_dst/i_cdc_fifo_gray_dst_ar/i_spill_register/spill_register_flushable_i/gen_spill_reg.a_data_q_reg[addr][20]/D
                            (rising edge-triggered cell FDCE clocked by periph_domain_clk  {rise@0.000ns fall@50.000ns period=100.000ns})
  Path Group:             periph_domain_clk
  Path Type:              Setup (Max at Slow Process Corner)
  Requirement:            0.000ns  (MaxDelay Path 0.000ns)
  Data Path Delay:        24.027ns  (logic 0.268ns (1.115%)  route 23.759ns (98.885%))
  Logic Levels:           2  (LUT6=1 MUXF7=1)
  Clock Path Skew:        6.682ns (DCD - SCD + CPR)
    Destination Clock Delay (DCD):    12.613ns
    Source Clock Delay      (SCD):    5.225ns
    Clock Pessimism Removal (CPR):    -0.706ns
  Clock Uncertainty:      0.226ns  ((TSJ^2 + DJ^2)^1/2) / 2 + PE
    Total System Jitter     (TSJ):    0.071ns
    Discrete Jitter          (DJ):    0.199ns
    Phase Error              (PE):    0.120ns
  Inter-SLR Compensation: 1.747ns  ((DCD - CCD) * PF)
    Destination Clock Delay (DCD):    12.613ns
    Common Clock Delay      (CCD):    0.963ns
    Prorating Factor         (PF):    0.150
  Clock Net Delay (Source):      4.689ns (routing 2.719ns, distribution 1.970ns)
  Clock Net Delay (Destination): 1.856ns (routing 0.617ns, distribution 1.239ns)
  Timing Exception:       MaxDelay Path 0.000ns

    Location             Delay type                Incr(ns)  Path(ns)    Netlist Resource(s)
  -------------------------------------------------------------------    -------------------
                         (clock clk_50_xlnx_clk_wiz rise edge)
                                                      0.000     0.000 r  
    E12                  IBUFCTRL                     0.000     0.000 r  u_ibufg_sys_clk/IBUFCTRL_INST/O
                         net (fo=1, routed)           0.384     0.384    i_xlnx_clk_wiz/inst/clk_in1
    MMCM_X1Y12           MMCME4_ADV (Prop_MMCM_CLKIN1_CLKOUT1)
                                                     -0.127     0.257 r  i_xlnx_clk_wiz/inst/mmcme4_adv_inst/CLKOUT1
                         net (fo=1, routed)           0.251     0.508    i_xlnx_clk_wiz/inst/clk_50_xlnx_clk_wiz
    BUFGCE_X1Y298        BUFGCE (Prop_BUFCE_BUFGCE_I_O)
                                                      0.028     0.536 r  i_xlnx_clk_wiz/inst/clkout2_buf/O
    X2Y4 (CLOCK_ROOT)    net (fo=240101, routed)      4.689     5.225    i_carfield/i_cheshire_wrap/i_cheshire_ext_llc_cdc_src/i_cdc_fifo_gray_src_ar/host_clk_i
    SLR Crossing[2->0]   
    SLICE_X10Y44         FDRE                                         r  i_carfield/i_cheshire_wrap/i_cheshire_ext_llc_cdc_src/i_cdc_fifo_gray_src_ar/gen_word[4].data_q_reg[4][addr][20]/C
  -------------------------------------------------------------------    -------------------
    SLICE_X10Y44         FDRE (Prop_AFF2_SLICEL_C_Q)
                                                      0.081     5.306 f  i_carfield/i_cheshire_wrap/i_cheshire_ext_llc_cdc_src/i_cdc_fifo_gray_src_ar/gen_word[4].data_q_reg[4][addr][20]/Q
                         net (fo=1, routed)          23.718    29.024    i_carfield/i_cheshire_wrap/i_cheshire_ext_llc_cdc_src/i_cdc_fifo_gray_src_ar/llc_ar_data[431]
    SLICE_X10Y49         LUT6 (Prop_C6LUT_SLICEL_I5_O)
                                                      0.123    29.147 f  i_carfield/i_cheshire_wrap/i_cheshire_ext_llc_cdc_src/i_cdc_fifo_gray_src_ar/gen_spill_reg.a_data_q[addr][20]_i_3__29/O
                         net (fo=1, routed)           0.010    29.157    i_carfield/i_cheshire_wrap/i_cheshire_ext_llc_cdc_src/i_cdc_fifo_gray_src_ar/gen_spill_reg.a_data_q[addr][20]_i_3__29_n_2
    SLICE_X10Y49         MUXF7 (Prop_F7MUX_CD_SLICEL_I1_O)
                                                      0.064    29.221 f  i_carfield/i_cheshire_wrap/i_cheshire_ext_llc_cdc_src/i_cdc_fifo_gray_src_ar/gen_spill_reg.a_data_q_reg[addr][20]_i_1__11/O
                         net (fo=1, routed)           0.031    29.252    i_carfield/i_hyperbus_wrap/i_hyper_cdc_dst/i_cdc_fifo_gray_dst_ar/i_spill_register/spill_register_flushable_i/gen_spill_reg.a_data_q_reg[addr][32]_0[20]
    SLICE_X10Y49         FDCE                                         f  i_carfield/i_hyperbus_wrap/i_hyper_cdc_dst/i_cdc_fifo_gray_dst_ar/i_spill_register/spill_register_flushable_i/gen_spill_reg.a_data_q_reg[addr][20]/D
  -------------------------------------------------------------------    -------------------

                         max delay                    0.000     0.000    
    E12                  IBUFCTRL                     0.000     0.000 r  u_ibufg_sys_clk/IBUFCTRL_INST/O
                         net (fo=1, routed)           0.333     0.333    i_xlnx_clk_wiz/inst/clk_in1
    MMCM_X1Y12           MMCME4_ADV (Prop_MMCM_CLKIN1_CLKOUT3)
                                                      0.630     0.963 r  i_xlnx_clk_wiz/inst/mmcme4_adv_inst/CLKOUT3
                         net (fo=1, routed)           0.225     1.188    i_xlnx_clk_wiz/inst/clk_10_xlnx_clk_wiz
    BUFGCE_X1Y311        BUFGCE (Prop_BUFCE_BUFGCE_I_O)
                                                      0.024     1.212 r  i_xlnx_clk_wiz/inst/clkout4_buf/O
                         net (fo=64, routed)          4.140     5.352    i_carfield/gen_domain_clock_mux[0].i_clk_mux/clks_i[2]
    SLR Crossing[2->1]   
    SLICE_X118Y302       LUT5 (Prop_G6LUT_SLICEL_I1_O)
                                                      0.057     5.409 r  i_carfield/gen_domain_clock_mux[0].i_clk_mux/clk_o_INST_0/O
                         net (fo=1, routed)           0.943     6.352    i_carfield/gen_domain_clock_mux[0].i_clk_mux/clk_o
    SLR Crossing[1->0]   
    BUFGCE_X1Y84         BUFGCE (Prop_BUFCE_BUFGCE_I_O)
                                                      0.024     6.376 r  i_carfield/gen_domain_clock_mux[0].i_clk_mux/clk_o_BUFG_inst/O
                         net (fo=115, routed)         2.627     9.003    i_carfield/gen_domain_clock_mux[0].i_clk_div/clk_o
    SLR Crossing[0->1]   
    SLICE_X61Y300        LUT5 (Prop_G6LUT_SLICEL_I3_O)
                                                      0.057     9.060 r  i_carfield/gen_domain_clock_mux[0].i_clk_div/n_1_1099782_BUFG_inst_i_1/O
                         net (fo=2, routed)           0.064     9.124    i_carfield/i_hyper_clk_div/n_1_1099782_BUFG_inst_n_2
    SLICE_X61Y300        LUT5 (Prop_E6LUT_SLICEL_I3_O)
                                                      0.082     9.206 r  i_carfield/i_hyper_clk_div/hyp_clk_BUFG_inst_i_1/O
                         net (fo=1, routed)           1.527    10.733    i_carfield/hyp_clk
    SLR Crossing[1->0]   
    BUFGCE_X0Y39         BUFGCE (Prop_BUFCE_BUFGCE_I_O)
                                                      0.024    10.757 r  i_carfield/hyp_clk_BUFG_inst/O
    X1Y2 (CLOCK_ROOT)    net (fo=1287, routed)        1.856    12.613    i_carfield/i_hyperbus_wrap/i_hyper_cdc_dst/i_cdc_fifo_gray_dst_ar/i_spill_register/spill_register_flushable_i/hyp_clk_BUFG
    SLICE_X10Y49         FDCE                                         r  i_carfield/i_hyperbus_wrap/i_hyper_cdc_dst/i_cdc_fifo_gray_dst_ar/i_spill_register/spill_register_flushable_i/gen_spill_reg.a_data_q_reg[addr][20]/C
                         clock pessimism             -0.706    11.907    
                         inter-SLR compensation      -1.747    10.160    
                         clock uncertainty           -0.226     9.934    
    SLICE_X10Y49         FDCE (Setup_DFF_SLICEL_C_D)
                                                      0.025     9.959    i_carfield/i_hyperbus_wrap/i_hyper_cdc_dst/i_cdc_fifo_gray_dst_ar/i_spill_register/spill_register_flushable_i/gen_spill_reg.a_data_q_reg[addr][20]
  -------------------------------------------------------------------
                         required time                          9.959    
                         arrival time                         -29.252    
  -------------------------------------------------------------------
                         slack                                -19.293    

Slack (VIOLATED) :        -19.292ns  (required time - arrival time)
  Source:                 i_carfield/i_cheshire_wrap/i_cheshire_ext_llc_cdc_src/i_cdc_fifo_gray_src_ar/gen_word[2].data_q_reg[2][addr][11]/C
                            (rising edge-triggered cell FDRE clocked by clk_50_xlnx_clk_wiz  {rise@0.000ns fall@10.000ns period=20.000ns})
  Destination:            i_carfield/i_hyperbus_wrap/i_hyper_cdc_dst/i_cdc_fifo_gray_dst_ar/i_spill_register/spill_register_flushable_i/gen_spill_reg.a_data_q_reg[addr][11]/D
                            (rising edge-triggered cell FDCE clocked by periph_domain_clk  {rise@0.000ns fall@50.000ns period=100.000ns})
  Path Group:             periph_domain_clk
  Path Type:              Setup (Max at Slow Process Corner)
  Requirement:            0.000ns  (MaxDelay Path 0.000ns)
  Data Path Delay:        24.031ns  (logic 0.264ns (1.099%)  route 23.767ns (98.901%))
  Logic Levels:           2  (LUT6=1 MUXF7=1)
  Clock Path Skew:        6.677ns (DCD - SCD + CPR)
    Destination Clock Delay (DCD):    12.546ns
    Source Clock Delay      (SCD):    5.163ns
    Clock Pessimism Removal (CPR):    -0.706ns
  Clock Uncertainty:      0.226ns  ((TSJ^2 + DJ^2)^1/2) / 2 + PE
    Total System Jitter     (TSJ):    0.071ns
    Discrete Jitter          (DJ):    0.199ns
    Phase Error              (PE):    0.120ns
  Inter-SLR Compensation: 1.737ns  ((DCD - CCD) * PF)
    Destination Clock Delay (DCD):    12.546ns
    Common Clock Delay      (CCD):    0.963ns
    Prorating Factor         (PF):    0.150
  Clock Net Delay (Source):      4.627ns (routing 2.719ns, distribution 1.908ns)
  Clock Net Delay (Destination): 1.789ns (routing 0.617ns, distribution 1.172ns)
  Timing Exception:       MaxDelay Path 0.000ns

    Location             Delay type                Incr(ns)  Path(ns)    Netlist Resource(s)
  -------------------------------------------------------------------    -------------------
                         (clock clk_50_xlnx_clk_wiz rise edge)
                                                      0.000     0.000 r  
    E12                  IBUFCTRL                     0.000     0.000 r  u_ibufg_sys_clk/IBUFCTRL_INST/O
                         net (fo=1, routed)           0.384     0.384    i_xlnx_clk_wiz/inst/clk_in1
    MMCM_X1Y12           MMCME4_ADV (Prop_MMCM_CLKIN1_CLKOUT1)
                                                     -0.127     0.257 r  i_xlnx_clk_wiz/inst/mmcme4_adv_inst/CLKOUT1
                         net (fo=1, routed)           0.251     0.508    i_xlnx_clk_wiz/inst/clk_50_xlnx_clk_wiz
    BUFGCE_X1Y298        BUFGCE (Prop_BUFCE_BUFGCE_I_O)
                                                      0.028     0.536 r  i_xlnx_clk_wiz/inst/clkout2_buf/O
    X2Y4 (CLOCK_ROOT)    net (fo=240101, routed)      4.627     5.163    i_carfield/i_cheshire_wrap/i_cheshire_ext_llc_cdc_src/i_cdc_fifo_gray_src_ar/host_clk_i
    SLR Crossing[2->0]   
    SLICE_X20Y35         FDRE                                         r  i_carfield/i_cheshire_wrap/i_cheshire_ext_llc_cdc_src/i_cdc_fifo_gray_src_ar/gen_word[2].data_q_reg[2][addr][11]/C
  -------------------------------------------------------------------    -------------------
    SLICE_X20Y35         FDRE (Prop_EFF_SLICEL_C_Q)
                                                      0.079     5.242 r  i_carfield/i_cheshire_wrap/i_cheshire_ext_llc_cdc_src/i_cdc_fifo_gray_src_ar/gen_word[2].data_q_reg[2][addr][11]/Q
                         net (fo=1, routed)          23.727    28.969    i_carfield/i_cheshire_wrap/i_cheshire_ext_llc_cdc_src/i_cdc_fifo_gray_src_ar/llc_ar_data[236]
    SLICE_X20Y36         LUT6 (Prop_D6LUT_SLICEL_I1_O)
                                                      0.122    29.091 r  i_carfield/i_cheshire_wrap/i_cheshire_ext_llc_cdc_src/i_cdc_fifo_gray_src_ar/gen_spill_reg.a_data_q[addr][11]_i_2__58/O
                         net (fo=1, routed)           0.009    29.100    i_carfield/i_cheshire_wrap/i_cheshire_ext_llc_cdc_src/i_cdc_fifo_gray_src_ar/gen_spill_reg.a_data_q[addr][11]_i_2__58_n_2
    SLICE_X20Y36         MUXF7 (Prop_F7MUX_CD_SLICEL_I0_O)
                                                      0.063    29.163 r  i_carfield/i_cheshire_wrap/i_cheshire_ext_llc_cdc_src/i_cdc_fifo_gray_src_ar/gen_spill_reg.a_data_q_reg[addr][11]_i_1__11/O
                         net (fo=1, routed)           0.031    29.194    i_carfield/i_hyperbus_wrap/i_hyper_cdc_dst/i_cdc_fifo_gray_dst_ar/i_spill_register/spill_register_flushable_i/gen_spill_reg.a_data_q_reg[addr][32]_0[11]
    SLICE_X20Y36         FDCE                                         r  i_carfield/i_hyperbus_wrap/i_hyper_cdc_dst/i_cdc_fifo_gray_dst_ar/i_spill_register/spill_register_flushable_i/gen_spill_reg.a_data_q_reg[addr][11]/D
  -------------------------------------------------------------------    -------------------

                         max delay                    0.000     0.000    
    E12                  IBUFCTRL                     0.000     0.000 r  u_ibufg_sys_clk/IBUFCTRL_INST/O
                         net (fo=1, routed)           0.333     0.333    i_xlnx_clk_wiz/inst/clk_in1
    MMCM_X1Y12           MMCME4_ADV (Prop_MMCM_CLKIN1_CLKOUT3)
                                                      0.630     0.963 r  i_xlnx_clk_wiz/inst/mmcme4_adv_inst/CLKOUT3
                         net (fo=1, routed)           0.225     1.188    i_xlnx_clk_wiz/inst/clk_10_xlnx_clk_wiz
    BUFGCE_X1Y311        BUFGCE (Prop_BUFCE_BUFGCE_I_O)
                                                      0.024     1.212 r  i_xlnx_clk_wiz/inst/clkout4_buf/O
                         net (fo=64, routed)          4.140     5.352    i_carfield/gen_domain_clock_mux[0].i_clk_mux/clks_i[2]
    SLR Crossing[2->1]   
    SLICE_X118Y302       LUT5 (Prop_G6LUT_SLICEL_I1_O)
                                                      0.057     5.409 r  i_carfield/gen_domain_clock_mux[0].i_clk_mux/clk_o_INST_0/O
                         net (fo=1, routed)           0.943     6.352    i_carfield/gen_domain_clock_mux[0].i_clk_mux/clk_o
    SLR Crossing[1->0]   
    BUFGCE_X1Y84         BUFGCE (Prop_BUFCE_BUFGCE_I_O)
                                                      0.024     6.376 r  i_carfield/gen_domain_clock_mux[0].i_clk_mux/clk_o_BUFG_inst/O
                         net (fo=115, routed)         2.627     9.003    i_carfield/gen_domain_clock_mux[0].i_clk_div/clk_o
    SLR Crossing[0->1]   
    SLICE_X61Y300        LUT5 (Prop_G6LUT_SLICEL_I3_O)
                                                      0.057     9.060 r  i_carfield/gen_domain_clock_mux[0].i_clk_div/n_1_1099782_BUFG_inst_i_1/O
                         net (fo=2, routed)           0.064     9.124    i_carfield/i_hyper_clk_div/n_1_1099782_BUFG_inst_n_2
    SLICE_X61Y300        LUT5 (Prop_E6LUT_SLICEL_I3_O)
                                                      0.082     9.206 r  i_carfield/i_hyper_clk_div/hyp_clk_BUFG_inst_i_1/O
                         net (fo=1, routed)           1.527    10.733    i_carfield/hyp_clk
    SLR Crossing[1->0]   
    BUFGCE_X0Y39         BUFGCE (Prop_BUFCE_BUFGCE_I_O)
                                                      0.024    10.757 r  i_carfield/hyp_clk_BUFG_inst/O
    X1Y2 (CLOCK_ROOT)    net (fo=1287, routed)        1.789    12.546    i_carfield/i_hyperbus_wrap/i_hyper_cdc_dst/i_cdc_fifo_gray_dst_ar/i_spill_register/spill_register_flushable_i/hyp_clk_BUFG
    SLICE_X20Y36         FDCE                                         r  i_carfield/i_hyperbus_wrap/i_hyper_cdc_dst/i_cdc_fifo_gray_dst_ar/i_spill_register/spill_register_flushable_i/gen_spill_reg.a_data_q_reg[addr][11]/C
                         clock pessimism             -0.706    11.840    
                         inter-SLR compensation      -1.737    10.103    
                         clock uncertainty           -0.226     9.877    
    SLICE_X20Y36         FDCE (Setup_DFF_SLICEL_C_D)
                                                      0.025     9.902    i_carfield/i_hyperbus_wrap/i_hyper_cdc_dst/i_cdc_fifo_gray_dst_ar/i_spill_register/spill_register_flushable_i/gen_spill_reg.a_data_q_reg[addr][11]
  -------------------------------------------------------------------
                         required time                          9.902    
                         arrival time                         -29.194    
  -------------------------------------------------------------------
                         slack                                -19.292    

Slack (VIOLATED) :        -19.292ns  (required time - arrival time)
  Source:                 i_carfield/i_cheshire_wrap/i_cheshire_ext_llc_cdc_src/i_cdc_fifo_gray_src_ar/gen_word[2].data_q_reg[2][addr][11]/C
                            (rising edge-triggered cell FDRE clocked by clk_50_xlnx_clk_wiz  {rise@0.000ns fall@10.000ns period=20.000ns})
  Destination:            i_carfield/i_hyperbus_wrap/i_hyper_cdc_dst/i_cdc_fifo_gray_dst_ar/i_spill_register/spill_register_flushable_i/gen_spill_reg.a_data_q_reg[addr][11]/D
                            (rising edge-triggered cell FDCE clocked by periph_domain_clk  {rise@0.000ns fall@50.000ns period=100.000ns})
  Path Group:             periph_domain_clk
  Path Type:              Setup (Max at Slow Process Corner)
  Requirement:            0.000ns  (MaxDelay Path 0.000ns)
  Data Path Delay:        24.031ns  (logic 0.264ns (1.099%)  route 23.767ns (98.901%))
  Logic Levels:           2  (LUT6=1 MUXF7=1)
  Clock Path Skew:        6.677ns (DCD - SCD + CPR)
    Destination Clock Delay (DCD):    12.546ns
    Source Clock Delay      (SCD):    5.163ns
    Clock Pessimism Removal (CPR):    -0.706ns
  Clock Uncertainty:      0.226ns  ((TSJ^2 + DJ^2)^1/2) / 2 + PE
    Total System Jitter     (TSJ):    0.071ns
    Discrete Jitter          (DJ):    0.199ns
    Phase Error              (PE):    0.120ns
  Inter-SLR Compensation: 1.737ns  ((DCD - CCD) * PF)
    Destination Clock Delay (DCD):    12.546ns
    Common Clock Delay      (CCD):    0.963ns
    Prorating Factor         (PF):    0.150
  Clock Net Delay (Source):      4.627ns (routing 2.719ns, distribution 1.908ns)
  Clock Net Delay (Destination): 1.789ns (routing 0.617ns, distribution 1.172ns)
  Timing Exception:       MaxDelay Path 0.000ns

    Location             Delay type                Incr(ns)  Path(ns)    Netlist Resource(s)
  -------------------------------------------------------------------    -------------------
                         (clock clk_50_xlnx_clk_wiz rise edge)
                                                      0.000     0.000 r  
    E12                  IBUFCTRL                     0.000     0.000 r  u_ibufg_sys_clk/IBUFCTRL_INST/O
                         net (fo=1, routed)           0.384     0.384    i_xlnx_clk_wiz/inst/clk_in1
    MMCM_X1Y12           MMCME4_ADV (Prop_MMCM_CLKIN1_CLKOUT1)
                                                     -0.127     0.257 r  i_xlnx_clk_wiz/inst/mmcme4_adv_inst/CLKOUT1
                         net (fo=1, routed)           0.251     0.508    i_xlnx_clk_wiz/inst/clk_50_xlnx_clk_wiz
    BUFGCE_X1Y298        BUFGCE (Prop_BUFCE_BUFGCE_I_O)
                                                      0.028     0.536 r  i_xlnx_clk_wiz/inst/clkout2_buf/O
    X2Y4 (CLOCK_ROOT)    net (fo=240101, routed)      4.627     5.163    i_carfield/i_cheshire_wrap/i_cheshire_ext_llc_cdc_src/i_cdc_fifo_gray_src_ar/host_clk_i
    SLR Crossing[2->0]   
    SLICE_X20Y35         FDRE                                         r  i_carfield/i_cheshire_wrap/i_cheshire_ext_llc_cdc_src/i_cdc_fifo_gray_src_ar/gen_word[2].data_q_reg[2][addr][11]/C
  -------------------------------------------------------------------    -------------------
    SLICE_X20Y35         FDRE (Prop_EFF_SLICEL_C_Q)
                                                      0.079     5.242 f  i_carfield/i_cheshire_wrap/i_cheshire_ext_llc_cdc_src/i_cdc_fifo_gray_src_ar/gen_word[2].data_q_reg[2][addr][11]/Q
                         net (fo=1, routed)          23.727    28.969    i_carfield/i_cheshire_wrap/i_cheshire_ext_llc_cdc_src/i_cdc_fifo_gray_src_ar/llc_ar_data[236]
    SLICE_X20Y36         LUT6 (Prop_D6LUT_SLICEL_I1_O)
                                                      0.122    29.091 f  i_carfield/i_cheshire_wrap/i_cheshire_ext_llc_cdc_src/i_cdc_fifo_gray_src_ar/gen_spill_reg.a_data_q[addr][11]_i_2__58/O
                         net (fo=1, routed)           0.009    29.100    i_carfield/i_cheshire_wrap/i_cheshire_ext_llc_cdc_src/i_cdc_fifo_gray_src_ar/gen_spill_reg.a_data_q[addr][11]_i_2__58_n_2
    SLICE_X20Y36         MUXF7 (Prop_F7MUX_CD_SLICEL_I0_O)
                                                      0.063    29.163 f  i_carfield/i_cheshire_wrap/i_cheshire_ext_llc_cdc_src/i_cdc_fifo_gray_src_ar/gen_spill_reg.a_data_q_reg[addr][11]_i_1__11/O
                         net (fo=1, routed)           0.031    29.194    i_carfield/i_hyperbus_wrap/i_hyper_cdc_dst/i_cdc_fifo_gray_dst_ar/i_spill_register/spill_register_flushable_i/gen_spill_reg.a_data_q_reg[addr][32]_0[11]
    SLICE_X20Y36         FDCE                                         f  i_carfield/i_hyperbus_wrap/i_hyper_cdc_dst/i_cdc_fifo_gray_dst_ar/i_spill_register/spill_register_flushable_i/gen_spill_reg.a_data_q_reg[addr][11]/D
  -------------------------------------------------------------------    -------------------

                         max delay                    0.000     0.000    
    E12                  IBUFCTRL                     0.000     0.000 r  u_ibufg_sys_clk/IBUFCTRL_INST/O
                         net (fo=1, routed)           0.333     0.333    i_xlnx_clk_wiz/inst/clk_in1
    MMCM_X1Y12           MMCME4_ADV (Prop_MMCM_CLKIN1_CLKOUT3)
                                                      0.630     0.963 r  i_xlnx_clk_wiz/inst/mmcme4_adv_inst/CLKOUT3
                         net (fo=1, routed)           0.225     1.188    i_xlnx_clk_wiz/inst/clk_10_xlnx_clk_wiz
    BUFGCE_X1Y311        BUFGCE (Prop_BUFCE_BUFGCE_I_O)
                                                      0.024     1.212 r  i_xlnx_clk_wiz/inst/clkout4_buf/O
                         net (fo=64, routed)          4.140     5.352    i_carfield/gen_domain_clock_mux[0].i_clk_mux/clks_i[2]
    SLR Crossing[2->1]   
    SLICE_X118Y302       LUT5 (Prop_G6LUT_SLICEL_I1_O)
                                                      0.057     5.409 r  i_carfield/gen_domain_clock_mux[0].i_clk_mux/clk_o_INST_0/O
                         net (fo=1, routed)           0.943     6.352    i_carfield/gen_domain_clock_mux[0].i_clk_mux/clk_o
    SLR Crossing[1->0]   
    BUFGCE_X1Y84         BUFGCE (Prop_BUFCE_BUFGCE_I_O)
                                                      0.024     6.376 r  i_carfield/gen_domain_clock_mux[0].i_clk_mux/clk_o_BUFG_inst/O
                         net (fo=115, routed)         2.627     9.003    i_carfield/gen_domain_clock_mux[0].i_clk_div/clk_o
    SLR Crossing[0->1]   
    SLICE_X61Y300        LUT5 (Prop_G6LUT_SLICEL_I3_O)
                                                      0.057     9.060 r  i_carfield/gen_domain_clock_mux[0].i_clk_div/n_1_1099782_BUFG_inst_i_1/O
                         net (fo=2, routed)           0.064     9.124    i_carfield/i_hyper_clk_div/n_1_1099782_BUFG_inst_n_2
    SLICE_X61Y300        LUT5 (Prop_E6LUT_SLICEL_I3_O)
                                                      0.082     9.206 r  i_carfield/i_hyper_clk_div/hyp_clk_BUFG_inst_i_1/O
                         net (fo=1, routed)           1.527    10.733    i_carfield/hyp_clk
    SLR Crossing[1->0]   
    BUFGCE_X0Y39         BUFGCE (Prop_BUFCE_BUFGCE_I_O)
                                                      0.024    10.757 r  i_carfield/hyp_clk_BUFG_inst/O
    X1Y2 (CLOCK_ROOT)    net (fo=1287, routed)        1.789    12.546    i_carfield/i_hyperbus_wrap/i_hyper_cdc_dst/i_cdc_fifo_gray_dst_ar/i_spill_register/spill_register_flushable_i/hyp_clk_BUFG
    SLICE_X20Y36         FDCE                                         r  i_carfield/i_hyperbus_wrap/i_hyper_cdc_dst/i_cdc_fifo_gray_dst_ar/i_spill_register/spill_register_flushable_i/gen_spill_reg.a_data_q_reg[addr][11]/C
                         clock pessimism             -0.706    11.840    
                         inter-SLR compensation      -1.737    10.103    
                         clock uncertainty           -0.226     9.877    
    SLICE_X20Y36         FDCE (Setup_DFF_SLICEL_C_D)
                                                      0.025     9.902    i_carfield/i_hyperbus_wrap/i_hyper_cdc_dst/i_cdc_fifo_gray_dst_ar/i_spill_register/spill_register_flushable_i/gen_spill_reg.a_data_q_reg[addr][11]
  -------------------------------------------------------------------
                         required time                          9.902    
                         arrival time                         -29.194    
  -------------------------------------------------------------------
                         slack                                -19.292    

Slack (VIOLATED) :        -19.258ns  (required time - arrival time)
  Source:                 i_carfield/i_cheshire_wrap/i_cheshire_ext_llc_cdc_src/i_cdc_fifo_gray_src_ar/gen_word[3].data_q_reg[3][size][1]/C
                            (rising edge-triggered cell FDRE clocked by clk_50_xlnx_clk_wiz  {rise@0.000ns fall@10.000ns period=20.000ns})
  Destination:            i_carfield/i_hyperbus_wrap/i_hyper_cdc_dst/i_cdc_fifo_gray_dst_ar/i_spill_register/spill_register_flushable_i/gen_spill_reg.a_data_q_reg[size][1]/D
                            (rising edge-triggered cell FDCE clocked by periph_domain_clk  {rise@0.000ns fall@50.000ns period=100.000ns})
  Path Group:             periph_domain_clk
  Path Type:              Setup (Max at Slow Process Corner)
  Requirement:            0.000ns  (MaxDelay Path 0.000ns)
  Data Path Delay:        23.964ns  (logic 0.236ns (0.985%)  route 23.728ns (99.015%))
  Logic Levels:           2  (LUT6=1 MUXF7=1)
  Clock Path Skew:        6.656ns (DCD - SCD + CPR)
    Destination Clock Delay (DCD):    12.625ns
    Source Clock Delay      (SCD):    5.263ns
    Clock Pessimism Removal (CPR):    -0.706ns
  Clock Uncertainty:      0.226ns  ((TSJ^2 + DJ^2)^1/2) / 2 + PE
    Total System Jitter     (TSJ):    0.071ns
    Discrete Jitter          (DJ):    0.199ns
    Phase Error              (PE):    0.120ns
  Inter-SLR Compensation: 1.749ns  ((DCD - CCD) * PF)
    Destination Clock Delay (DCD):    12.625ns
    Common Clock Delay      (CCD):    0.963ns
    Prorating Factor         (PF):    0.150
  Clock Net Delay (Source):      4.727ns (routing 2.719ns, distribution 2.008ns)
  Clock Net Delay (Destination): 1.868ns (routing 0.617ns, distribution 1.251ns)
  Timing Exception:       MaxDelay Path 0.000ns

    Location             Delay type                Incr(ns)  Path(ns)    Netlist Resource(s)
  -------------------------------------------------------------------    -------------------
                         (clock clk_50_xlnx_clk_wiz rise edge)
                                                      0.000     0.000 r  
    E12                  IBUFCTRL                     0.000     0.000 r  u_ibufg_sys_clk/IBUFCTRL_INST/O
                         net (fo=1, routed)           0.384     0.384    i_xlnx_clk_wiz/inst/clk_in1
    MMCM_X1Y12           MMCME4_ADV (Prop_MMCM_CLKIN1_CLKOUT1)
                                                     -0.127     0.257 r  i_xlnx_clk_wiz/inst/mmcme4_adv_inst/CLKOUT1
                         net (fo=1, routed)           0.251     0.508    i_xlnx_clk_wiz/inst/clk_50_xlnx_clk_wiz
    BUFGCE_X1Y298        BUFGCE (Prop_BUFCE_BUFGCE_I_O)
                                                      0.028     0.536 r  i_xlnx_clk_wiz/inst/clkout2_buf/O
    X2Y4 (CLOCK_ROOT)    net (fo=240101, routed)      4.727     5.263    i_carfield/i_cheshire_wrap/i_cheshire_ext_llc_cdc_src/i_cdc_fifo_gray_src_ar/host_clk_i
    SLR Crossing[2->0]   
    SLICE_X5Y46          FDRE                                         r  i_carfield/i_cheshire_wrap/i_cheshire_ext_llc_cdc_src/i_cdc_fifo_gray_src_ar/gen_word[3].data_q_reg[3][size][1]/C
  -------------------------------------------------------------------    -------------------
    SLICE_X5Y46          FDRE (Prop_GFF_SLICEL_C_Q)
                                                      0.079     5.342 r  i_carfield/i_cheshire_wrap/i_cheshire_ext_llc_cdc_src/i_cdc_fifo_gray_src_ar/gen_word[3].data_q_reg[3][size][1]/Q
                         net (fo=1, routed)          23.671    29.013    i_carfield/i_cheshire_wrap/i_cheshire_ext_llc_cdc_src/i_cdc_fifo_gray_src_ar/llc_ar_data[308]
    SLICE_X4Y45          LUT6 (Prop_D6LUT_SLICEM_I0_O)
                                                      0.088    29.101 r  i_carfield/i_cheshire_wrap/i_cheshire_ext_llc_cdc_src/i_cdc_fifo_gray_src_ar/gen_spill_reg.a_data_q[size][1]_i_2__50/O
                         net (fo=1, routed)           0.025    29.126    i_carfield/i_cheshire_wrap/i_cheshire_ext_llc_cdc_src/i_cdc_fifo_gray_src_ar/gen_spill_reg.a_data_q[size][1]_i_2__50_n_2
    SLICE_X4Y45          MUXF7 (Prop_F7MUX_CD_SLICEM_I0_O)
                                                      0.069    29.195 r  i_carfield/i_cheshire_wrap/i_cheshire_ext_llc_cdc_src/i_cdc_fifo_gray_src_ar/gen_spill_reg.a_data_q_reg[size][1]_i_1__10/O
                         net (fo=1, routed)           0.032    29.227    i_carfield/i_hyperbus_wrap/i_hyper_cdc_dst/i_cdc_fifo_gray_dst_ar/i_spill_register/spill_register_flushable_i/gen_spill_reg.a_data_q_reg[size][2]_1[1]
    SLICE_X4Y45          FDCE                                         r  i_carfield/i_hyperbus_wrap/i_hyper_cdc_dst/i_cdc_fifo_gray_dst_ar/i_spill_register/spill_register_flushable_i/gen_spill_reg.a_data_q_reg[size][1]/D
  -------------------------------------------------------------------    -------------------

                         max delay                    0.000     0.000    
    E12                  IBUFCTRL                     0.000     0.000 r  u_ibufg_sys_clk/IBUFCTRL_INST/O
                         net (fo=1, routed)           0.333     0.333    i_xlnx_clk_wiz/inst/clk_in1
    MMCM_X1Y12           MMCME4_ADV (Prop_MMCM_CLKIN1_CLKOUT3)
                                                      0.630     0.963 r  i_xlnx_clk_wiz/inst/mmcme4_adv_inst/CLKOUT3
                         net (fo=1, routed)           0.225     1.188    i_xlnx_clk_wiz/inst/clk_10_xlnx_clk_wiz
    BUFGCE_X1Y311        BUFGCE (Prop_BUFCE_BUFGCE_I_O)
                                                      0.024     1.212 r  i_xlnx_clk_wiz/inst/clkout4_buf/O
                         net (fo=64, routed)          4.140     5.352    i_carfield/gen_domain_clock_mux[0].i_clk_mux/clks_i[2]
    SLR Crossing[2->1]   
    SLICE_X118Y302       LUT5 (Prop_G6LUT_SLICEL_I1_O)
                                                      0.057     5.409 r  i_carfield/gen_domain_clock_mux[0].i_clk_mux/clk_o_INST_0/O
                         net (fo=1, routed)           0.943     6.352    i_carfield/gen_domain_clock_mux[0].i_clk_mux/clk_o
    SLR Crossing[1->0]   
    BUFGCE_X1Y84         BUFGCE (Prop_BUFCE_BUFGCE_I_O)
                                                      0.024     6.376 r  i_carfield/gen_domain_clock_mux[0].i_clk_mux/clk_o_BUFG_inst/O
                         net (fo=115, routed)         2.627     9.003    i_carfield/gen_domain_clock_mux[0].i_clk_div/clk_o
    SLR Crossing[0->1]   
    SLICE_X61Y300        LUT5 (Prop_G6LUT_SLICEL_I3_O)
                                                      0.057     9.060 r  i_carfield/gen_domain_clock_mux[0].i_clk_div/n_1_1099782_BUFG_inst_i_1/O
                         net (fo=2, routed)           0.064     9.124    i_carfield/i_hyper_clk_div/n_1_1099782_BUFG_inst_n_2
    SLICE_X61Y300        LUT5 (Prop_E6LUT_SLICEL_I3_O)
                                                      0.082     9.206 r  i_carfield/i_hyper_clk_div/hyp_clk_BUFG_inst_i_1/O
                         net (fo=1, routed)           1.527    10.733    i_carfield/hyp_clk
    SLR Crossing[1->0]   
    BUFGCE_X0Y39         BUFGCE (Prop_BUFCE_BUFGCE_I_O)
                                                      0.024    10.757 r  i_carfield/hyp_clk_BUFG_inst/O
    X1Y2 (CLOCK_ROOT)    net (fo=1287, routed)        1.868    12.625    i_carfield/i_hyperbus_wrap/i_hyper_cdc_dst/i_cdc_fifo_gray_dst_ar/i_spill_register/spill_register_flushable_i/hyp_clk_BUFG
    SLICE_X4Y45          FDCE                                         r  i_carfield/i_hyperbus_wrap/i_hyper_cdc_dst/i_cdc_fifo_gray_dst_ar/i_spill_register/spill_register_flushable_i/gen_spill_reg.a_data_q_reg[size][1]/C
                         clock pessimism             -0.706    11.919    
                         inter-SLR compensation      -1.749    10.170    
                         clock uncertainty           -0.226     9.944    
    SLICE_X4Y45          FDCE (Setup_DFF_SLICEM_C_D)
                                                      0.025     9.969    i_carfield/i_hyperbus_wrap/i_hyper_cdc_dst/i_cdc_fifo_gray_dst_ar/i_spill_register/spill_register_flushable_i/gen_spill_reg.a_data_q_reg[size][1]
  -------------------------------------------------------------------
                         required time                          9.969    
                         arrival time                         -29.227    
  -------------------------------------------------------------------
                         slack                                -19.258    

Slack (VIOLATED) :        -19.258ns  (required time - arrival time)
  Source:                 i_carfield/i_cheshire_wrap/i_cheshire_ext_llc_cdc_src/i_cdc_fifo_gray_src_ar/gen_word[3].data_q_reg[3][size][1]/C
                            (rising edge-triggered cell FDRE clocked by clk_50_xlnx_clk_wiz  {rise@0.000ns fall@10.000ns period=20.000ns})
  Destination:            i_carfield/i_hyperbus_wrap/i_hyper_cdc_dst/i_cdc_fifo_gray_dst_ar/i_spill_register/spill_register_flushable_i/gen_spill_reg.a_data_q_reg[size][1]/D
                            (rising edge-triggered cell FDCE clocked by periph_domain_clk  {rise@0.000ns fall@50.000ns period=100.000ns})
  Path Group:             periph_domain_clk
  Path Type:              Setup (Max at Slow Process Corner)
  Requirement:            0.000ns  (MaxDelay Path 0.000ns)
  Data Path Delay:        23.964ns  (logic 0.236ns (0.985%)  route 23.728ns (99.015%))
  Logic Levels:           2  (LUT6=1 MUXF7=1)
  Clock Path Skew:        6.656ns (DCD - SCD + CPR)
    Destination Clock Delay (DCD):    12.625ns
    Source Clock Delay      (SCD):    5.263ns
    Clock Pessimism Removal (CPR):    -0.706ns
  Clock Uncertainty:      0.226ns  ((TSJ^2 + DJ^2)^1/2) / 2 + PE
    Total System Jitter     (TSJ):    0.071ns
    Discrete Jitter          (DJ):    0.199ns
    Phase Error              (PE):    0.120ns
  Inter-SLR Compensation: 1.749ns  ((DCD - CCD) * PF)
    Destination Clock Delay (DCD):    12.625ns
    Common Clock Delay      (CCD):    0.963ns
    Prorating Factor         (PF):    0.150
  Clock Net Delay (Source):      4.727ns (routing 2.719ns, distribution 2.008ns)
  Clock Net Delay (Destination): 1.868ns (routing 0.617ns, distribution 1.251ns)
  Timing Exception:       MaxDelay Path 0.000ns

    Location             Delay type                Incr(ns)  Path(ns)    Netlist Resource(s)
  -------------------------------------------------------------------    -------------------
                         (clock clk_50_xlnx_clk_wiz rise edge)
                                                      0.000     0.000 r  
    E12                  IBUFCTRL                     0.000     0.000 r  u_ibufg_sys_clk/IBUFCTRL_INST/O
                         net (fo=1, routed)           0.384     0.384    i_xlnx_clk_wiz/inst/clk_in1
    MMCM_X1Y12           MMCME4_ADV (Prop_MMCM_CLKIN1_CLKOUT1)
                                                     -0.127     0.257 r  i_xlnx_clk_wiz/inst/mmcme4_adv_inst/CLKOUT1
                         net (fo=1, routed)           0.251     0.508    i_xlnx_clk_wiz/inst/clk_50_xlnx_clk_wiz
    BUFGCE_X1Y298        BUFGCE (Prop_BUFCE_BUFGCE_I_O)
                                                      0.028     0.536 r  i_xlnx_clk_wiz/inst/clkout2_buf/O
    X2Y4 (CLOCK_ROOT)    net (fo=240101, routed)      4.727     5.263    i_carfield/i_cheshire_wrap/i_cheshire_ext_llc_cdc_src/i_cdc_fifo_gray_src_ar/host_clk_i
    SLR Crossing[2->0]   
    SLICE_X5Y46          FDRE                                         r  i_carfield/i_cheshire_wrap/i_cheshire_ext_llc_cdc_src/i_cdc_fifo_gray_src_ar/gen_word[3].data_q_reg[3][size][1]/C
  -------------------------------------------------------------------    -------------------
    SLICE_X5Y46          FDRE (Prop_GFF_SLICEL_C_Q)
                                                      0.079     5.342 f  i_carfield/i_cheshire_wrap/i_cheshire_ext_llc_cdc_src/i_cdc_fifo_gray_src_ar/gen_word[3].data_q_reg[3][size][1]/Q
                         net (fo=1, routed)          23.671    29.013    i_carfield/i_cheshire_wrap/i_cheshire_ext_llc_cdc_src/i_cdc_fifo_gray_src_ar/llc_ar_data[308]
    SLICE_X4Y45          LUT6 (Prop_D6LUT_SLICEM_I0_O)
                                                      0.088    29.101 f  i_carfield/i_cheshire_wrap/i_cheshire_ext_llc_cdc_src/i_cdc_fifo_gray_src_ar/gen_spill_reg.a_data_q[size][1]_i_2__50/O
                         net (fo=1, routed)           0.025    29.126    i_carfield/i_cheshire_wrap/i_cheshire_ext_llc_cdc_src/i_cdc_fifo_gray_src_ar/gen_spill_reg.a_data_q[size][1]_i_2__50_n_2
    SLICE_X4Y45          MUXF7 (Prop_F7MUX_CD_SLICEM_I0_O)
                                                      0.069    29.195 f  i_carfield/i_cheshire_wrap/i_cheshire_ext_llc_cdc_src/i_cdc_fifo_gray_src_ar/gen_spill_reg.a_data_q_reg[size][1]_i_1__10/O
                         net (fo=1, routed)           0.032    29.227    i_carfield/i_hyperbus_wrap/i_hyper_cdc_dst/i_cdc_fifo_gray_dst_ar/i_spill_register/spill_register_flushable_i/gen_spill_reg.a_data_q_reg[size][2]_1[1]
    SLICE_X4Y45          FDCE                                         f  i_carfield/i_hyperbus_wrap/i_hyper_cdc_dst/i_cdc_fifo_gray_dst_ar/i_spill_register/spill_register_flushable_i/gen_spill_reg.a_data_q_reg[size][1]/D
  -------------------------------------------------------------------    -------------------

                         max delay                    0.000     0.000    
    E12                  IBUFCTRL                     0.000     0.000 r  u_ibufg_sys_clk/IBUFCTRL_INST/O
                         net (fo=1, routed)           0.333     0.333    i_xlnx_clk_wiz/inst/clk_in1
    MMCM_X1Y12           MMCME4_ADV (Prop_MMCM_CLKIN1_CLKOUT3)
                                                      0.630     0.963 r  i_xlnx_clk_wiz/inst/mmcme4_adv_inst/CLKOUT3
                         net (fo=1, routed)           0.225     1.188    i_xlnx_clk_wiz/inst/clk_10_xlnx_clk_wiz
    BUFGCE_X1Y311        BUFGCE (Prop_BUFCE_BUFGCE_I_O)
                                                      0.024     1.212 r  i_xlnx_clk_wiz/inst/clkout4_buf/O
                         net (fo=64, routed)          4.140     5.352    i_carfield/gen_domain_clock_mux[0].i_clk_mux/clks_i[2]
    SLR Crossing[2->1]   
    SLICE_X118Y302       LUT5 (Prop_G6LUT_SLICEL_I1_O)
                                                      0.057     5.409 r  i_carfield/gen_domain_clock_mux[0].i_clk_mux/clk_o_INST_0/O
                         net (fo=1, routed)           0.943     6.352    i_carfield/gen_domain_clock_mux[0].i_clk_mux/clk_o
    SLR Crossing[1->0]   
    BUFGCE_X1Y84         BUFGCE (Prop_BUFCE_BUFGCE_I_O)
                                                      0.024     6.376 r  i_carfield/gen_domain_clock_mux[0].i_clk_mux/clk_o_BUFG_inst/O
                         net (fo=115, routed)         2.627     9.003    i_carfield/gen_domain_clock_mux[0].i_clk_div/clk_o
    SLR Crossing[0->1]   
    SLICE_X61Y300        LUT5 (Prop_G6LUT_SLICEL_I3_O)
                                                      0.057     9.060 r  i_carfield/gen_domain_clock_mux[0].i_clk_div/n_1_1099782_BUFG_inst_i_1/O
                         net (fo=2, routed)           0.064     9.124    i_carfield/i_hyper_clk_div/n_1_1099782_BUFG_inst_n_2
    SLICE_X61Y300        LUT5 (Prop_E6LUT_SLICEL_I3_O)
                                                      0.082     9.206 r  i_carfield/i_hyper_clk_div/hyp_clk_BUFG_inst_i_1/O
                         net (fo=1, routed)           1.527    10.733    i_carfield/hyp_clk
    SLR Crossing[1->0]   
    BUFGCE_X0Y39         BUFGCE (Prop_BUFCE_BUFGCE_I_O)
                                                      0.024    10.757 r  i_carfield/hyp_clk_BUFG_inst/O
    X1Y2 (CLOCK_ROOT)    net (fo=1287, routed)        1.868    12.625    i_carfield/i_hyperbus_wrap/i_hyper_cdc_dst/i_cdc_fifo_gray_dst_ar/i_spill_register/spill_register_flushable_i/hyp_clk_BUFG
    SLICE_X4Y45          FDCE                                         r  i_carfield/i_hyperbus_wrap/i_hyper_cdc_dst/i_cdc_fifo_gray_dst_ar/i_spill_register/spill_register_flushable_i/gen_spill_reg.a_data_q_reg[size][1]/C
                         clock pessimism             -0.706    11.919    
                         inter-SLR compensation      -1.749    10.170    
                         clock uncertainty           -0.226     9.944    
    SLICE_X4Y45          FDCE (Setup_DFF_SLICEM_C_D)
                                                      0.025     9.969    i_carfield/i_hyperbus_wrap/i_hyper_cdc_dst/i_cdc_fifo_gray_dst_ar/i_spill_register/spill_register_flushable_i/gen_spill_reg.a_data_q_reg[size][1]
  -------------------------------------------------------------------
                         required time                          9.969    
                         arrival time                         -29.227    
  -------------------------------------------------------------------
                         slack                                -19.258    

Slack (VIOLATED) :        -19.239ns  (required time - arrival time)
  Source:                 i_carfield/i_cheshire_wrap/i_cheshire_ext_llc_cdc_src/i_cdc_fifo_gray_src_aw/gen_word[0].data_q_reg[0][id][4]/C
                            (rising edge-triggered cell FDRE clocked by clk_50_xlnx_clk_wiz  {rise@0.000ns fall@10.000ns period=20.000ns})
  Destination:            i_carfield/i_hyperbus_wrap/i_hyper_cdc_dst/i_cdc_fifo_gray_dst_aw/i_spill_register/spill_register_flushable_i/gen_spill_reg.a_data_q_reg[id][4]/D
                            (rising edge-triggered cell FDCE clocked by periph_domain_clk  {rise@0.000ns fall@50.000ns period=100.000ns})
  Path Group:             periph_domain_clk
  Path Type:              Setup (Max at Slow Process Corner)
  Requirement:            0.000ns  (MaxDelay Path 0.000ns)
  Data Path Delay:        23.995ns  (logic 0.194ns (0.809%)  route 23.801ns (99.192%))
  Logic Levels:           2  (LUT6=1 MUXF7=1)
  Clock Path Skew:        6.681ns (DCD - SCD + CPR)
    Destination Clock Delay (DCD):    12.457ns
    Source Clock Delay      (SCD):    5.070ns
    Clock Pessimism Removal (CPR):    -0.706ns
  Clock Uncertainty:      0.226ns  ((TSJ^2 + DJ^2)^1/2) / 2 + PE
    Total System Jitter     (TSJ):    0.071ns
    Discrete Jitter          (DJ):    0.199ns
    Phase Error              (PE):    0.120ns
  Inter-SLR Compensation: 1.724ns  ((DCD - CCD) * PF)
    Destination Clock Delay (DCD):    12.457ns
    Common Clock Delay      (CCD):    0.963ns
    Prorating Factor         (PF):    0.150
  Clock Net Delay (Source):      4.534ns (routing 2.719ns, distribution 1.815ns)
  Clock Net Delay (Destination): 1.700ns (routing 0.617ns, distribution 1.083ns)
  Timing Exception:       MaxDelay Path 0.000ns

    Location             Delay type                Incr(ns)  Path(ns)    Netlist Resource(s)
  -------------------------------------------------------------------    -------------------
                         (clock clk_50_xlnx_clk_wiz rise edge)
                                                      0.000     0.000 r  
    E12                  IBUFCTRL                     0.000     0.000 r  u_ibufg_sys_clk/IBUFCTRL_INST/O
                         net (fo=1, routed)           0.384     0.384    i_xlnx_clk_wiz/inst/clk_in1
    MMCM_X1Y12           MMCME4_ADV (Prop_MMCM_CLKIN1_CLKOUT1)
                                                     -0.127     0.257 r  i_xlnx_clk_wiz/inst/mmcme4_adv_inst/CLKOUT1
                         net (fo=1, routed)           0.251     0.508    i_xlnx_clk_wiz/inst/clk_50_xlnx_clk_wiz
    BUFGCE_X1Y298        BUFGCE (Prop_BUFCE_BUFGCE_I_O)
                                                      0.028     0.536 r  i_xlnx_clk_wiz/inst/clkout2_buf/O
    X2Y4 (CLOCK_ROOT)    net (fo=240101, routed)      4.534     5.070    i_carfield/i_cheshire_wrap/i_cheshire_ext_llc_cdc_src/i_cdc_fifo_gray_src_aw/host_clk_i
    SLR Crossing[2->0]   
    SLICE_X38Y46         FDRE                                         r  i_carfield/i_cheshire_wrap/i_cheshire_ext_llc_cdc_src/i_cdc_fifo_gray_src_aw/gen_word[0].data_q_reg[0][id][4]/C
  -------------------------------------------------------------------    -------------------
    SLICE_X38Y46         FDRE (Prop_AFF2_SLICEM_C_Q)
                                                      0.080     5.150 r  i_carfield/i_cheshire_wrap/i_cheshire_ext_llc_cdc_src/i_cdc_fifo_gray_src_aw/gen_word[0].data_q_reg[0][id][4]/Q
                         net (fo=1, routed)          23.762    28.912    i_carfield/i_cheshire_wrap/i_cheshire_ext_llc_cdc_src/i_cdc_fifo_gray_src_aw/llc_aw_data[97]
    SLICE_X37Y45         LUT6 (Prop_B6LUT_SLICEL_I5_O)
                                                      0.051    28.963 r  i_carfield/i_cheshire_wrap/i_cheshire_ext_llc_cdc_src/i_cdc_fifo_gray_src_aw/gen_spill_reg.a_data_q[id][4]_i_2__79/O
                         net (fo=1, routed)           0.009    28.972    i_carfield/i_cheshire_wrap/i_cheshire_ext_llc_cdc_src/i_cdc_fifo_gray_src_aw/gen_spill_reg.a_data_q[id][4]_i_2__79_n_2
    SLICE_X37Y45         MUXF7 (Prop_F7MUX_AB_SLICEL_I0_O)
                                                      0.063    29.035 r  i_carfield/i_cheshire_wrap/i_cheshire_ext_llc_cdc_src/i_cdc_fifo_gray_src_aw/gen_spill_reg.a_data_q_reg[id][4]_i_1__5/O
                         net (fo=1, routed)           0.030    29.065    i_carfield/i_hyperbus_wrap/i_hyper_cdc_dst/i_cdc_fifo_gray_dst_aw/i_spill_register/spill_register_flushable_i/gen_spill_reg.a_data_q_reg[id][5]_0[4]
    SLICE_X37Y45         FDCE                                         r  i_carfield/i_hyperbus_wrap/i_hyper_cdc_dst/i_cdc_fifo_gray_dst_aw/i_spill_register/spill_register_flushable_i/gen_spill_reg.a_data_q_reg[id][4]/D
  -------------------------------------------------------------------    -------------------

                         max delay                    0.000     0.000    
    E12                  IBUFCTRL                     0.000     0.000 r  u_ibufg_sys_clk/IBUFCTRL_INST/O
                         net (fo=1, routed)           0.333     0.333    i_xlnx_clk_wiz/inst/clk_in1
    MMCM_X1Y12           MMCME4_ADV (Prop_MMCM_CLKIN1_CLKOUT3)
                                                      0.630     0.963 r  i_xlnx_clk_wiz/inst/mmcme4_adv_inst/CLKOUT3
                         net (fo=1, routed)           0.225     1.188    i_xlnx_clk_wiz/inst/clk_10_xlnx_clk_wiz
    BUFGCE_X1Y311        BUFGCE (Prop_BUFCE_BUFGCE_I_O)
                                                      0.024     1.212 r  i_xlnx_clk_wiz/inst/clkout4_buf/O
                         net (fo=64, routed)          4.140     5.352    i_carfield/gen_domain_clock_mux[0].i_clk_mux/clks_i[2]
    SLR Crossing[2->1]   
    SLICE_X118Y302       LUT5 (Prop_G6LUT_SLICEL_I1_O)
                                                      0.057     5.409 r  i_carfield/gen_domain_clock_mux[0].i_clk_mux/clk_o_INST_0/O
                         net (fo=1, routed)           0.943     6.352    i_carfield/gen_domain_clock_mux[0].i_clk_mux/clk_o
    SLR Crossing[1->0]   
    BUFGCE_X1Y84         BUFGCE (Prop_BUFCE_BUFGCE_I_O)
                                                      0.024     6.376 r  i_carfield/gen_domain_clock_mux[0].i_clk_mux/clk_o_BUFG_inst/O
                         net (fo=115, routed)         2.627     9.003    i_carfield/gen_domain_clock_mux[0].i_clk_div/clk_o
    SLR Crossing[0->1]   
    SLICE_X61Y300        LUT5 (Prop_G6LUT_SLICEL_I3_O)
                                                      0.057     9.060 r  i_carfield/gen_domain_clock_mux[0].i_clk_div/n_1_1099782_BUFG_inst_i_1/O
                         net (fo=2, routed)           0.064     9.124    i_carfield/i_hyper_clk_div/n_1_1099782_BUFG_inst_n_2
    SLICE_X61Y300        LUT5 (Prop_E6LUT_SLICEL_I3_O)
                                                      0.082     9.206 r  i_carfield/i_hyper_clk_div/hyp_clk_BUFG_inst_i_1/O
                         net (fo=1, routed)           1.527    10.733    i_carfield/hyp_clk
    SLR Crossing[1->0]   
    BUFGCE_X0Y39         BUFGCE (Prop_BUFCE_BUFGCE_I_O)
                                                      0.024    10.757 r  i_carfield/hyp_clk_BUFG_inst/O
    X1Y2 (CLOCK_ROOT)    net (fo=1287, routed)        1.700    12.457    i_carfield/i_hyperbus_wrap/i_hyper_cdc_dst/i_cdc_fifo_gray_dst_aw/i_spill_register/spill_register_flushable_i/hyp_clk_BUFG
    SLICE_X37Y45         FDCE                                         r  i_carfield/i_hyperbus_wrap/i_hyper_cdc_dst/i_cdc_fifo_gray_dst_aw/i_spill_register/spill_register_flushable_i/gen_spill_reg.a_data_q_reg[id][4]/C
                         clock pessimism             -0.706    11.751    
                         inter-SLR compensation      -1.724    10.027    
                         clock uncertainty           -0.226     9.801    
    SLICE_X37Y45         FDCE (Setup_BFF_SLICEL_C_D)
                                                      0.025     9.826    i_carfield/i_hyperbus_wrap/i_hyper_cdc_dst/i_cdc_fifo_gray_dst_aw/i_spill_register/spill_register_flushable_i/gen_spill_reg.a_data_q_reg[id][4]
  -------------------------------------------------------------------
                         required time                          9.826    
                         arrival time                         -29.065    
  -------------------------------------------------------------------
                         slack                                -19.239    

Slack (VIOLATED) :        -19.239ns  (required time - arrival time)
  Source:                 i_carfield/i_cheshire_wrap/i_cheshire_ext_llc_cdc_src/i_cdc_fifo_gray_src_aw/gen_word[0].data_q_reg[0][id][4]/C
                            (rising edge-triggered cell FDRE clocked by clk_50_xlnx_clk_wiz  {rise@0.000ns fall@10.000ns period=20.000ns})
  Destination:            i_carfield/i_hyperbus_wrap/i_hyper_cdc_dst/i_cdc_fifo_gray_dst_aw/i_spill_register/spill_register_flushable_i/gen_spill_reg.a_data_q_reg[id][4]/D
                            (rising edge-triggered cell FDCE clocked by periph_domain_clk  {rise@0.000ns fall@50.000ns period=100.000ns})
  Path Group:             periph_domain_clk
  Path Type:              Setup (Max at Slow Process Corner)
  Requirement:            0.000ns  (MaxDelay Path 0.000ns)
  Data Path Delay:        23.995ns  (logic 0.194ns (0.809%)  route 23.801ns (99.192%))
  Logic Levels:           2  (LUT6=1 MUXF7=1)
  Clock Path Skew:        6.681ns (DCD - SCD + CPR)
    Destination Clock Delay (DCD):    12.457ns
    Source Clock Delay      (SCD):    5.070ns
    Clock Pessimism Removal (CPR):    -0.706ns
  Clock Uncertainty:      0.226ns  ((TSJ^2 + DJ^2)^1/2) / 2 + PE
    Total System Jitter     (TSJ):    0.071ns
    Discrete Jitter          (DJ):    0.199ns
    Phase Error              (PE):    0.120ns
  Inter-SLR Compensation: 1.724ns  ((DCD - CCD) * PF)
    Destination Clock Delay (DCD):    12.457ns
    Common Clock Delay      (CCD):    0.963ns
    Prorating Factor         (PF):    0.150
  Clock Net Delay (Source):      4.534ns (routing 2.719ns, distribution 1.815ns)
  Clock Net Delay (Destination): 1.700ns (routing 0.617ns, distribution 1.083ns)
  Timing Exception:       MaxDelay Path 0.000ns

    Location             Delay type                Incr(ns)  Path(ns)    Netlist Resource(s)
  -------------------------------------------------------------------    -------------------
                         (clock clk_50_xlnx_clk_wiz rise edge)
                                                      0.000     0.000 r  
    E12                  IBUFCTRL                     0.000     0.000 r  u_ibufg_sys_clk/IBUFCTRL_INST/O
                         net (fo=1, routed)           0.384     0.384    i_xlnx_clk_wiz/inst/clk_in1
    MMCM_X1Y12           MMCME4_ADV (Prop_MMCM_CLKIN1_CLKOUT1)
                                                     -0.127     0.257 r  i_xlnx_clk_wiz/inst/mmcme4_adv_inst/CLKOUT1
                         net (fo=1, routed)           0.251     0.508    i_xlnx_clk_wiz/inst/clk_50_xlnx_clk_wiz
    BUFGCE_X1Y298        BUFGCE (Prop_BUFCE_BUFGCE_I_O)
                                                      0.028     0.536 r  i_xlnx_clk_wiz/inst/clkout2_buf/O
    X2Y4 (CLOCK_ROOT)    net (fo=240101, routed)      4.534     5.070    i_carfield/i_cheshire_wrap/i_cheshire_ext_llc_cdc_src/i_cdc_fifo_gray_src_aw/host_clk_i
    SLR Crossing[2->0]   
    SLICE_X38Y46         FDRE                                         r  i_carfield/i_cheshire_wrap/i_cheshire_ext_llc_cdc_src/i_cdc_fifo_gray_src_aw/gen_word[0].data_q_reg[0][id][4]/C
  -------------------------------------------------------------------    -------------------
    SLICE_X38Y46         FDRE (Prop_AFF2_SLICEM_C_Q)
                                                      0.080     5.150 f  i_carfield/i_cheshire_wrap/i_cheshire_ext_llc_cdc_src/i_cdc_fifo_gray_src_aw/gen_word[0].data_q_reg[0][id][4]/Q
                         net (fo=1, routed)          23.762    28.912    i_carfield/i_cheshire_wrap/i_cheshire_ext_llc_cdc_src/i_cdc_fifo_gray_src_aw/llc_aw_data[97]
    SLICE_X37Y45         LUT6 (Prop_B6LUT_SLICEL_I5_O)
                                                      0.051    28.963 f  i_carfield/i_cheshire_wrap/i_cheshire_ext_llc_cdc_src/i_cdc_fifo_gray_src_aw/gen_spill_reg.a_data_q[id][4]_i_2__79/O
                         net (fo=1, routed)           0.009    28.972    i_carfield/i_cheshire_wrap/i_cheshire_ext_llc_cdc_src/i_cdc_fifo_gray_src_aw/gen_spill_reg.a_data_q[id][4]_i_2__79_n_2
    SLICE_X37Y45         MUXF7 (Prop_F7MUX_AB_SLICEL_I0_O)
                                                      0.063    29.035 f  i_carfield/i_cheshire_wrap/i_cheshire_ext_llc_cdc_src/i_cdc_fifo_gray_src_aw/gen_spill_reg.a_data_q_reg[id][4]_i_1__5/O
                         net (fo=1, routed)           0.030    29.065    i_carfield/i_hyperbus_wrap/i_hyper_cdc_dst/i_cdc_fifo_gray_dst_aw/i_spill_register/spill_register_flushable_i/gen_spill_reg.a_data_q_reg[id][5]_0[4]
    SLICE_X37Y45         FDCE                                         f  i_carfield/i_hyperbus_wrap/i_hyper_cdc_dst/i_cdc_fifo_gray_dst_aw/i_spill_register/spill_register_flushable_i/gen_spill_reg.a_data_q_reg[id][4]/D
  -------------------------------------------------------------------    -------------------

                         max delay                    0.000     0.000    
    E12                  IBUFCTRL                     0.000     0.000 r  u_ibufg_sys_clk/IBUFCTRL_INST/O
                         net (fo=1, routed)           0.333     0.333    i_xlnx_clk_wiz/inst/clk_in1
    MMCM_X1Y12           MMCME4_ADV (Prop_MMCM_CLKIN1_CLKOUT3)
                                                      0.630     0.963 r  i_xlnx_clk_wiz/inst/mmcme4_adv_inst/CLKOUT3
                         net (fo=1, routed)           0.225     1.188    i_xlnx_clk_wiz/inst/clk_10_xlnx_clk_wiz
    BUFGCE_X1Y311        BUFGCE (Prop_BUFCE_BUFGCE_I_O)
                                                      0.024     1.212 r  i_xlnx_clk_wiz/inst/clkout4_buf/O
                         net (fo=64, routed)          4.140     5.352    i_carfield/gen_domain_clock_mux[0].i_clk_mux/clks_i[2]
    SLR Crossing[2->1]   
    SLICE_X118Y302       LUT5 (Prop_G6LUT_SLICEL_I1_O)
                                                      0.057     5.409 r  i_carfield/gen_domain_clock_mux[0].i_clk_mux/clk_o_INST_0/O
                         net (fo=1, routed)           0.943     6.352    i_carfield/gen_domain_clock_mux[0].i_clk_mux/clk_o
    SLR Crossing[1->0]   
    BUFGCE_X1Y84         BUFGCE (Prop_BUFCE_BUFGCE_I_O)
                                                      0.024     6.376 r  i_carfield/gen_domain_clock_mux[0].i_clk_mux/clk_o_BUFG_inst/O
                         net (fo=115, routed)         2.627     9.003    i_carfield/gen_domain_clock_mux[0].i_clk_div/clk_o
    SLR Crossing[0->1]   
    SLICE_X61Y300        LUT5 (Prop_G6LUT_SLICEL_I3_O)
                                                      0.057     9.060 r  i_carfield/gen_domain_clock_mux[0].i_clk_div/n_1_1099782_BUFG_inst_i_1/O
                         net (fo=2, routed)           0.064     9.124    i_carfield/i_hyper_clk_div/n_1_1099782_BUFG_inst_n_2
    SLICE_X61Y300        LUT5 (Prop_E6LUT_SLICEL_I3_O)
                                                      0.082     9.206 r  i_carfield/i_hyper_clk_div/hyp_clk_BUFG_inst_i_1/O
                         net (fo=1, routed)           1.527    10.733    i_carfield/hyp_clk
    SLR Crossing[1->0]   
    BUFGCE_X0Y39         BUFGCE (Prop_BUFCE_BUFGCE_I_O)
                                                      0.024    10.757 r  i_carfield/hyp_clk_BUFG_inst/O
    X1Y2 (CLOCK_ROOT)    net (fo=1287, routed)        1.700    12.457    i_carfield/i_hyperbus_wrap/i_hyper_cdc_dst/i_cdc_fifo_gray_dst_aw/i_spill_register/spill_register_flushable_i/hyp_clk_BUFG
    SLICE_X37Y45         FDCE                                         r  i_carfield/i_hyperbus_wrap/i_hyper_cdc_dst/i_cdc_fifo_gray_dst_aw/i_spill_register/spill_register_flushable_i/gen_spill_reg.a_data_q_reg[id][4]/C
                         clock pessimism             -0.706    11.751    
                         inter-SLR compensation      -1.724    10.027    
                         clock uncertainty           -0.226     9.801    
    SLICE_X37Y45         FDCE (Setup_BFF_SLICEL_C_D)
                                                      0.025     9.826    i_carfield/i_hyperbus_wrap/i_hyper_cdc_dst/i_cdc_fifo_gray_dst_aw/i_spill_register/spill_register_flushable_i/gen_spill_reg.a_data_q_reg[id][4]
  -------------------------------------------------------------------
                         required time                          9.826    
                         arrival time                         -29.065    
  -------------------------------------------------------------------
                         slack                                -19.239    

Slack (VIOLATED) :        -19.238ns  (required time - arrival time)
  Source:                 i_carfield/i_cheshire_wrap/i_cheshire_ext_llc_cdc_src/i_cdc_fifo_gray_src_ar/gen_word[3].data_q_reg[3][addr][26]/C
                            (rising edge-triggered cell FDRE clocked by clk_50_xlnx_clk_wiz  {rise@0.000ns fall@10.000ns period=20.000ns})
  Destination:            i_carfield/i_hyperbus_wrap/i_hyper_cdc_dst/i_cdc_fifo_gray_dst_ar/i_spill_register/spill_register_flushable_i/gen_spill_reg.a_data_q_reg[addr][26]/D
                            (rising edge-triggered cell FDCE clocked by periph_domain_clk  {rise@0.000ns fall@50.000ns period=100.000ns})
  Path Group:             periph_domain_clk
  Path Type:              Setup (Max at Slow Process Corner)
  Requirement:            0.000ns  (MaxDelay Path 0.000ns)
  Data Path Delay:        23.956ns  (logic 0.264ns (1.102%)  route 23.692ns (98.898%))
  Logic Levels:           2  (LUT6=1 MUXF7=1)
  Clock Path Skew:        6.663ns (DCD - SCD + CPR)
    Destination Clock Delay (DCD):    12.593ns
    Source Clock Delay      (SCD):    5.224ns
    Clock Pessimism Removal (CPR):    -0.706ns
  Clock Uncertainty:      0.226ns  ((TSJ^2 + DJ^2)^1/2) / 2 + PE
    Total System Jitter     (TSJ):    0.071ns
    Discrete Jitter          (DJ):    0.199ns
    Phase Error              (PE):    0.120ns
  Inter-SLR Compensation: 1.745ns  ((DCD - CCD) * PF)
    Destination Clock Delay (DCD):    12.593ns
    Common Clock Delay      (CCD):    0.963ns
    Prorating Factor         (PF):    0.150
  Clock Net Delay (Source):      4.688ns (routing 2.719ns, distribution 1.969ns)
  Clock Net Delay (Destination): 1.836ns (routing 0.617ns, distribution 1.219ns)
  Timing Exception:       MaxDelay Path 0.000ns

    Location             Delay type                Incr(ns)  Path(ns)    Netlist Resource(s)
  -------------------------------------------------------------------    -------------------
                         (clock clk_50_xlnx_clk_wiz rise edge)
                                                      0.000     0.000 r  
    E12                  IBUFCTRL                     0.000     0.000 r  u_ibufg_sys_clk/IBUFCTRL_INST/O
                         net (fo=1, routed)           0.384     0.384    i_xlnx_clk_wiz/inst/clk_in1
    MMCM_X1Y12           MMCME4_ADV (Prop_MMCM_CLKIN1_CLKOUT1)
                                                     -0.127     0.257 r  i_xlnx_clk_wiz/inst/mmcme4_adv_inst/CLKOUT1
                         net (fo=1, routed)           0.251     0.508    i_xlnx_clk_wiz/inst/clk_50_xlnx_clk_wiz
    BUFGCE_X1Y298        BUFGCE (Prop_BUFCE_BUFGCE_I_O)
                                                      0.028     0.536 r  i_xlnx_clk_wiz/inst/clkout2_buf/O
    X2Y4 (CLOCK_ROOT)    net (fo=240101, routed)      4.688     5.224    i_carfield/i_cheshire_wrap/i_cheshire_ext_llc_cdc_src/i_cdc_fifo_gray_src_ar/host_clk_i
    SLR Crossing[2->0]   
    SLICE_X13Y42         FDRE                                         r  i_carfield/i_cheshire_wrap/i_cheshire_ext_llc_cdc_src/i_cdc_fifo_gray_src_ar/gen_word[3].data_q_reg[3][addr][26]/C
  -------------------------------------------------------------------    -------------------
    SLICE_X13Y42         FDRE (Prop_FFF_SLICEM_C_Q)
                                                      0.076     5.300 r  i_carfield/i_cheshire_wrap/i_cheshire_ext_llc_cdc_src/i_cdc_fifo_gray_src_ar/gen_word[3].data_q_reg[3][addr][26]/Q
                         net (fo=1, routed)          23.651    28.951    i_carfield/i_cheshire_wrap/i_cheshire_ext_llc_cdc_src/i_cdc_fifo_gray_src_ar/llc_ar_data[344]
    SLICE_X12Y42         LUT6 (Prop_H6LUT_SLICEL_I0_O)
                                                      0.124    29.075 r  i_carfield/i_cheshire_wrap/i_cheshire_ext_llc_cdc_src/i_cdc_fifo_gray_src_ar/gen_spill_reg.a_data_q[addr][26]_i_2__46/O
                         net (fo=1, routed)           0.010    29.085    i_carfield/i_cheshire_wrap/i_cheshire_ext_llc_cdc_src/i_cdc_fifo_gray_src_ar/gen_spill_reg.a_data_q[addr][26]_i_2__46_n_2
    SLICE_X12Y42         MUXF7 (Prop_F7MUX_GH_SLICEL_I0_O)
                                                      0.064    29.149 r  i_carfield/i_cheshire_wrap/i_cheshire_ext_llc_cdc_src/i_cdc_fifo_gray_src_ar/gen_spill_reg.a_data_q_reg[addr][26]_i_1__11/O
                         net (fo=1, routed)           0.031    29.180    i_carfield/i_hyperbus_wrap/i_hyper_cdc_dst/i_cdc_fifo_gray_dst_ar/i_spill_register/spill_register_flushable_i/gen_spill_reg.a_data_q_reg[addr][32]_0[26]
    SLICE_X12Y42         FDCE                                         r  i_carfield/i_hyperbus_wrap/i_hyper_cdc_dst/i_cdc_fifo_gray_dst_ar/i_spill_register/spill_register_flushable_i/gen_spill_reg.a_data_q_reg[addr][26]/D
  -------------------------------------------------------------------    -------------------

                         max delay                    0.000     0.000    
    E12                  IBUFCTRL                     0.000     0.000 r  u_ibufg_sys_clk/IBUFCTRL_INST/O
                         net (fo=1, routed)           0.333     0.333    i_xlnx_clk_wiz/inst/clk_in1
    MMCM_X1Y12           MMCME4_ADV (Prop_MMCM_CLKIN1_CLKOUT3)
                                                      0.630     0.963 r  i_xlnx_clk_wiz/inst/mmcme4_adv_inst/CLKOUT3
                         net (fo=1, routed)           0.225     1.188    i_xlnx_clk_wiz/inst/clk_10_xlnx_clk_wiz
    BUFGCE_X1Y311        BUFGCE (Prop_BUFCE_BUFGCE_I_O)
                                                      0.024     1.212 r  i_xlnx_clk_wiz/inst/clkout4_buf/O
                         net (fo=64, routed)          4.140     5.352    i_carfield/gen_domain_clock_mux[0].i_clk_mux/clks_i[2]
    SLR Crossing[2->1]   
    SLICE_X118Y302       LUT5 (Prop_G6LUT_SLICEL_I1_O)
                                                      0.057     5.409 r  i_carfield/gen_domain_clock_mux[0].i_clk_mux/clk_o_INST_0/O
                         net (fo=1, routed)           0.943     6.352    i_carfield/gen_domain_clock_mux[0].i_clk_mux/clk_o
    SLR Crossing[1->0]   
    BUFGCE_X1Y84         BUFGCE (Prop_BUFCE_BUFGCE_I_O)
                                                      0.024     6.376 r  i_carfield/gen_domain_clock_mux[0].i_clk_mux/clk_o_BUFG_inst/O
                         net (fo=115, routed)         2.627     9.003    i_carfield/gen_domain_clock_mux[0].i_clk_div/clk_o
    SLR Crossing[0->1]   
    SLICE_X61Y300        LUT5 (Prop_G6LUT_SLICEL_I3_O)
                                                      0.057     9.060 r  i_carfield/gen_domain_clock_mux[0].i_clk_div/n_1_1099782_BUFG_inst_i_1/O
                         net (fo=2, routed)           0.064     9.124    i_carfield/i_hyper_clk_div/n_1_1099782_BUFG_inst_n_2
    SLICE_X61Y300        LUT5 (Prop_E6LUT_SLICEL_I3_O)
                                                      0.082     9.206 r  i_carfield/i_hyper_clk_div/hyp_clk_BUFG_inst_i_1/O
                         net (fo=1, routed)           1.527    10.733    i_carfield/hyp_clk
    SLR Crossing[1->0]   
    BUFGCE_X0Y39         BUFGCE (Prop_BUFCE_BUFGCE_I_O)
                                                      0.024    10.757 r  i_carfield/hyp_clk_BUFG_inst/O
    X1Y2 (CLOCK_ROOT)    net (fo=1287, routed)        1.836    12.593    i_carfield/i_hyperbus_wrap/i_hyper_cdc_dst/i_cdc_fifo_gray_dst_ar/i_spill_register/spill_register_flushable_i/hyp_clk_BUFG
    SLICE_X12Y42         FDCE                                         r  i_carfield/i_hyperbus_wrap/i_hyper_cdc_dst/i_cdc_fifo_gray_dst_ar/i_spill_register/spill_register_flushable_i/gen_spill_reg.a_data_q_reg[addr][26]/C
                         clock pessimism             -0.706    11.887    
                         inter-SLR compensation      -1.745    10.142    
                         clock uncertainty           -0.226     9.917    
    SLICE_X12Y42         FDCE (Setup_HFF_SLICEL_C_D)
                                                      0.025     9.942    i_carfield/i_hyperbus_wrap/i_hyper_cdc_dst/i_cdc_fifo_gray_dst_ar/i_spill_register/spill_register_flushable_i/gen_spill_reg.a_data_q_reg[addr][26]
  -------------------------------------------------------------------
                         required time                          9.942    
                         arrival time                         -29.180    
  -------------------------------------------------------------------
                         slack                                -19.238    

Slack (VIOLATED) :        -19.238ns  (required time - arrival time)
  Source:                 i_carfield/i_cheshire_wrap/i_cheshire_ext_llc_cdc_src/i_cdc_fifo_gray_src_ar/gen_word[3].data_q_reg[3][addr][26]/C
                            (rising edge-triggered cell FDRE clocked by clk_50_xlnx_clk_wiz  {rise@0.000ns fall@10.000ns period=20.000ns})
  Destination:            i_carfield/i_hyperbus_wrap/i_hyper_cdc_dst/i_cdc_fifo_gray_dst_ar/i_spill_register/spill_register_flushable_i/gen_spill_reg.a_data_q_reg[addr][26]/D
                            (rising edge-triggered cell FDCE clocked by periph_domain_clk  {rise@0.000ns fall@50.000ns period=100.000ns})
  Path Group:             periph_domain_clk
  Path Type:              Setup (Max at Slow Process Corner)
  Requirement:            0.000ns  (MaxDelay Path 0.000ns)
  Data Path Delay:        23.956ns  (logic 0.264ns (1.102%)  route 23.692ns (98.898%))
  Logic Levels:           2  (LUT6=1 MUXF7=1)
  Clock Path Skew:        6.663ns (DCD - SCD + CPR)
    Destination Clock Delay (DCD):    12.593ns
    Source Clock Delay      (SCD):    5.224ns
    Clock Pessimism Removal (CPR):    -0.706ns
  Clock Uncertainty:      0.226ns  ((TSJ^2 + DJ^2)^1/2) / 2 + PE
    Total System Jitter     (TSJ):    0.071ns
    Discrete Jitter          (DJ):    0.199ns
    Phase Error              (PE):    0.120ns
  Inter-SLR Compensation: 1.745ns  ((DCD - CCD) * PF)
    Destination Clock Delay (DCD):    12.593ns
    Common Clock Delay      (CCD):    0.963ns
    Prorating Factor         (PF):    0.150
  Clock Net Delay (Source):      4.688ns (routing 2.719ns, distribution 1.969ns)
  Clock Net Delay (Destination): 1.836ns (routing 0.617ns, distribution 1.219ns)
  Timing Exception:       MaxDelay Path 0.000ns

    Location             Delay type                Incr(ns)  Path(ns)    Netlist Resource(s)
  -------------------------------------------------------------------    -------------------
                         (clock clk_50_xlnx_clk_wiz rise edge)
                                                      0.000     0.000 r  
    E12                  IBUFCTRL                     0.000     0.000 r  u_ibufg_sys_clk/IBUFCTRL_INST/O
                         net (fo=1, routed)           0.384     0.384    i_xlnx_clk_wiz/inst/clk_in1
    MMCM_X1Y12           MMCME4_ADV (Prop_MMCM_CLKIN1_CLKOUT1)
                                                     -0.127     0.257 r  i_xlnx_clk_wiz/inst/mmcme4_adv_inst/CLKOUT1
                         net (fo=1, routed)           0.251     0.508    i_xlnx_clk_wiz/inst/clk_50_xlnx_clk_wiz
    BUFGCE_X1Y298        BUFGCE (Prop_BUFCE_BUFGCE_I_O)
                                                      0.028     0.536 r  i_xlnx_clk_wiz/inst/clkout2_buf/O
    X2Y4 (CLOCK_ROOT)    net (fo=240101, routed)      4.688     5.224    i_carfield/i_cheshire_wrap/i_cheshire_ext_llc_cdc_src/i_cdc_fifo_gray_src_ar/host_clk_i
    SLR Crossing[2->0]   
    SLICE_X13Y42         FDRE                                         r  i_carfield/i_cheshire_wrap/i_cheshire_ext_llc_cdc_src/i_cdc_fifo_gray_src_ar/gen_word[3].data_q_reg[3][addr][26]/C
  -------------------------------------------------------------------    -------------------
    SLICE_X13Y42         FDRE (Prop_FFF_SLICEM_C_Q)
                                                      0.076     5.300 f  i_carfield/i_cheshire_wrap/i_cheshire_ext_llc_cdc_src/i_cdc_fifo_gray_src_ar/gen_word[3].data_q_reg[3][addr][26]/Q
                         net (fo=1, routed)          23.651    28.951    i_carfield/i_cheshire_wrap/i_cheshire_ext_llc_cdc_src/i_cdc_fifo_gray_src_ar/llc_ar_data[344]
    SLICE_X12Y42         LUT6 (Prop_H6LUT_SLICEL_I0_O)
                                                      0.124    29.075 f  i_carfield/i_cheshire_wrap/i_cheshire_ext_llc_cdc_src/i_cdc_fifo_gray_src_ar/gen_spill_reg.a_data_q[addr][26]_i_2__46/O
                         net (fo=1, routed)           0.010    29.085    i_carfield/i_cheshire_wrap/i_cheshire_ext_llc_cdc_src/i_cdc_fifo_gray_src_ar/gen_spill_reg.a_data_q[addr][26]_i_2__46_n_2
    SLICE_X12Y42         MUXF7 (Prop_F7MUX_GH_SLICEL_I0_O)
                                                      0.064    29.149 f  i_carfield/i_cheshire_wrap/i_cheshire_ext_llc_cdc_src/i_cdc_fifo_gray_src_ar/gen_spill_reg.a_data_q_reg[addr][26]_i_1__11/O
                         net (fo=1, routed)           0.031    29.180    i_carfield/i_hyperbus_wrap/i_hyper_cdc_dst/i_cdc_fifo_gray_dst_ar/i_spill_register/spill_register_flushable_i/gen_spill_reg.a_data_q_reg[addr][32]_0[26]
    SLICE_X12Y42         FDCE                                         f  i_carfield/i_hyperbus_wrap/i_hyper_cdc_dst/i_cdc_fifo_gray_dst_ar/i_spill_register/spill_register_flushable_i/gen_spill_reg.a_data_q_reg[addr][26]/D
  -------------------------------------------------------------------    -------------------

                         max delay                    0.000     0.000    
    E12                  IBUFCTRL                     0.000     0.000 r  u_ibufg_sys_clk/IBUFCTRL_INST/O
                         net (fo=1, routed)           0.333     0.333    i_xlnx_clk_wiz/inst/clk_in1
    MMCM_X1Y12           MMCME4_ADV (Prop_MMCM_CLKIN1_CLKOUT3)
                                                      0.630     0.963 r  i_xlnx_clk_wiz/inst/mmcme4_adv_inst/CLKOUT3
                         net (fo=1, routed)           0.225     1.188    i_xlnx_clk_wiz/inst/clk_10_xlnx_clk_wiz
    BUFGCE_X1Y311        BUFGCE (Prop_BUFCE_BUFGCE_I_O)
                                                      0.024     1.212 r  i_xlnx_clk_wiz/inst/clkout4_buf/O
                         net (fo=64, routed)          4.140     5.352    i_carfield/gen_domain_clock_mux[0].i_clk_mux/clks_i[2]
    SLR Crossing[2->1]   
    SLICE_X118Y302       LUT5 (Prop_G6LUT_SLICEL_I1_O)
                                                      0.057     5.409 r  i_carfield/gen_domain_clock_mux[0].i_clk_mux/clk_o_INST_0/O
                         net (fo=1, routed)           0.943     6.352    i_carfield/gen_domain_clock_mux[0].i_clk_mux/clk_o
    SLR Crossing[1->0]   
    BUFGCE_X1Y84         BUFGCE (Prop_BUFCE_BUFGCE_I_O)
                                                      0.024     6.376 r  i_carfield/gen_domain_clock_mux[0].i_clk_mux/clk_o_BUFG_inst/O
                         net (fo=115, routed)         2.627     9.003    i_carfield/gen_domain_clock_mux[0].i_clk_div/clk_o
    SLR Crossing[0->1]   
    SLICE_X61Y300        LUT5 (Prop_G6LUT_SLICEL_I3_O)
                                                      0.057     9.060 r  i_carfield/gen_domain_clock_mux[0].i_clk_div/n_1_1099782_BUFG_inst_i_1/O
                         net (fo=2, routed)           0.064     9.124    i_carfield/i_hyper_clk_div/n_1_1099782_BUFG_inst_n_2
    SLICE_X61Y300        LUT5 (Prop_E6LUT_SLICEL_I3_O)
                                                      0.082     9.206 r  i_carfield/i_hyper_clk_div/hyp_clk_BUFG_inst_i_1/O
                         net (fo=1, routed)           1.527    10.733    i_carfield/hyp_clk
    SLR Crossing[1->0]   
    BUFGCE_X0Y39         BUFGCE (Prop_BUFCE_BUFGCE_I_O)
                                                      0.024    10.757 r  i_carfield/hyp_clk_BUFG_inst/O
    X1Y2 (CLOCK_ROOT)    net (fo=1287, routed)        1.836    12.593    i_carfield/i_hyperbus_wrap/i_hyper_cdc_dst/i_cdc_fifo_gray_dst_ar/i_spill_register/spill_register_flushable_i/hyp_clk_BUFG
    SLICE_X12Y42         FDCE                                         r  i_carfield/i_hyperbus_wrap/i_hyper_cdc_dst/i_cdc_fifo_gray_dst_ar/i_spill_register/spill_register_flushable_i/gen_spill_reg.a_data_q_reg[addr][26]/C
                         clock pessimism             -0.706    11.887    
                         inter-SLR compensation      -1.745    10.142    
                         clock uncertainty           -0.226     9.917    
    SLICE_X12Y42         FDCE (Setup_HFF_SLICEL_C_D)
                                                      0.025     9.942    i_carfield/i_hyperbus_wrap/i_hyper_cdc_dst/i_cdc_fifo_gray_dst_ar/i_spill_register/spill_register_flushable_i/gen_spill_reg.a_data_q_reg[addr][26]
  -------------------------------------------------------------------
                         required time                          9.942    
                         arrival time                         -29.180    
  -------------------------------------------------------------------
                         slack                                -19.238    

Slack (VIOLATED) :        -19.231ns  (required time - arrival time)
  Source:                 i_carfield/i_cheshire_wrap/i_cheshire_ext_llc_cdc_src/i_cdc_fifo_gray_src_aw/gen_word[1].data_q_reg[1][addr][4]/C
                            (rising edge-triggered cell FDRE clocked by clk_50_xlnx_clk_wiz  {rise@0.000ns fall@10.000ns period=20.000ns})
  Destination:            i_carfield/i_hyperbus_wrap/i_hyper_cdc_dst/i_cdc_fifo_gray_dst_aw/i_spill_register/spill_register_flushable_i/gen_spill_reg.a_data_q_reg[addr][4]/D
                            (rising edge-triggered cell FDCE clocked by periph_domain_clk  {rise@0.000ns fall@50.000ns period=100.000ns})
  Path Group:             periph_domain_clk
  Path Type:              Setup (Max at Slow Process Corner)
  Requirement:            0.000ns  (MaxDelay Path 0.000ns)
  Data Path Delay:        23.956ns  (logic 0.295ns (1.231%)  route 23.661ns (98.769%))
  Logic Levels:           2  (LUT6=1 MUXF7=1)
  Clock Path Skew:        6.651ns (DCD - SCD + CPR)
    Destination Clock Delay (DCD):    12.464ns
    Source Clock Delay      (SCD):    5.107ns
    Clock Pessimism Removal (CPR):    -0.706ns
  Clock Uncertainty:      0.226ns  ((TSJ^2 + DJ^2)^1/2) / 2 + PE
    Total System Jitter     (TSJ):    0.071ns
    Discrete Jitter          (DJ):    0.199ns
    Phase Error              (PE):    0.120ns
  Inter-SLR Compensation: 1.725ns  ((DCD - CCD) * PF)
    Destination Clock Delay (DCD):    12.464ns
    Common Clock Delay      (CCD):    0.963ns
    Prorating Factor         (PF):    0.150
  Clock Net Delay (Source):      4.571ns (routing 2.719ns, distribution 1.852ns)
  Clock Net Delay (Destination): 1.707ns (routing 0.617ns, distribution 1.090ns)
  Timing Exception:       MaxDelay Path 0.000ns

    Location             Delay type                Incr(ns)  Path(ns)    Netlist Resource(s)
  -------------------------------------------------------------------    -------------------
                         (clock clk_50_xlnx_clk_wiz rise edge)
                                                      0.000     0.000 r  
    E12                  IBUFCTRL                     0.000     0.000 r  u_ibufg_sys_clk/IBUFCTRL_INST/O
                         net (fo=1, routed)           0.384     0.384    i_xlnx_clk_wiz/inst/clk_in1
    MMCM_X1Y12           MMCME4_ADV (Prop_MMCM_CLKIN1_CLKOUT1)
                                                     -0.127     0.257 r  i_xlnx_clk_wiz/inst/mmcme4_adv_inst/CLKOUT1
                         net (fo=1, routed)           0.251     0.508    i_xlnx_clk_wiz/inst/clk_50_xlnx_clk_wiz
    BUFGCE_X1Y298        BUFGCE (Prop_BUFCE_BUFGCE_I_O)
                                                      0.028     0.536 r  i_xlnx_clk_wiz/inst/clkout2_buf/O
    X2Y4 (CLOCK_ROOT)    net (fo=240101, routed)      4.571     5.107    i_carfield/i_cheshire_wrap/i_cheshire_ext_llc_cdc_src/i_cdc_fifo_gray_src_aw/host_clk_i
    SLR Crossing[2->0]   
    SLICE_X37Y54         FDRE                                         r  i_carfield/i_cheshire_wrap/i_cheshire_ext_llc_cdc_src/i_cdc_fifo_gray_src_aw/gen_word[1].data_q_reg[1][addr][4]/C
  -------------------------------------------------------------------    -------------------
    SLICE_X37Y54         FDRE (Prop_EFF2_SLICEL_C_Q)
                                                      0.081     5.188 r  i_carfield/i_cheshire_wrap/i_cheshire_ext_llc_cdc_src/i_cdc_fifo_gray_src_aw/gen_word[1].data_q_reg[1][addr][4]/Q
                         net (fo=1, routed)          23.604    28.792    i_carfield/i_cheshire_wrap/i_cheshire_ext_llc_cdc_src/i_cdc_fifo_gray_src_aw/llc_aw_data[148]
    SLICE_X38Y53         LUT6 (Prop_D6LUT_SLICEM_I3_O)
                                                      0.145    28.937 r  i_carfield/i_cheshire_wrap/i_cheshire_ext_llc_cdc_src/i_cdc_fifo_gray_src_aw/gen_spill_reg.a_data_q[addr][4]_i_2__57/O
                         net (fo=1, routed)           0.025    28.962    i_carfield/i_cheshire_wrap/i_cheshire_ext_llc_cdc_src/i_cdc_fifo_gray_src_aw/gen_spill_reg.a_data_q[addr][4]_i_2__57_n_2
    SLICE_X38Y53         MUXF7 (Prop_F7MUX_CD_SLICEM_I0_O)
                                                      0.069    29.031 r  i_carfield/i_cheshire_wrap/i_cheshire_ext_llc_cdc_src/i_cdc_fifo_gray_src_aw/gen_spill_reg.a_data_q_reg[addr][4]_i_1__10/O
                         net (fo=1, routed)           0.032    29.063    i_carfield/i_hyperbus_wrap/i_hyper_cdc_dst/i_cdc_fifo_gray_dst_aw/i_spill_register/spill_register_flushable_i/gen_spill_reg.a_data_q_reg[addr][32]_0[4]
    SLICE_X38Y53         FDCE                                         r  i_carfield/i_hyperbus_wrap/i_hyper_cdc_dst/i_cdc_fifo_gray_dst_aw/i_spill_register/spill_register_flushable_i/gen_spill_reg.a_data_q_reg[addr][4]/D
  -------------------------------------------------------------------    -------------------

                         max delay                    0.000     0.000    
    E12                  IBUFCTRL                     0.000     0.000 r  u_ibufg_sys_clk/IBUFCTRL_INST/O
                         net (fo=1, routed)           0.333     0.333    i_xlnx_clk_wiz/inst/clk_in1
    MMCM_X1Y12           MMCME4_ADV (Prop_MMCM_CLKIN1_CLKOUT3)
                                                      0.630     0.963 r  i_xlnx_clk_wiz/inst/mmcme4_adv_inst/CLKOUT3
                         net (fo=1, routed)           0.225     1.188    i_xlnx_clk_wiz/inst/clk_10_xlnx_clk_wiz
    BUFGCE_X1Y311        BUFGCE (Prop_BUFCE_BUFGCE_I_O)
                                                      0.024     1.212 r  i_xlnx_clk_wiz/inst/clkout4_buf/O
                         net (fo=64, routed)          4.140     5.352    i_carfield/gen_domain_clock_mux[0].i_clk_mux/clks_i[2]
    SLR Crossing[2->1]   
    SLICE_X118Y302       LUT5 (Prop_G6LUT_SLICEL_I1_O)
                                                      0.057     5.409 r  i_carfield/gen_domain_clock_mux[0].i_clk_mux/clk_o_INST_0/O
                         net (fo=1, routed)           0.943     6.352    i_carfield/gen_domain_clock_mux[0].i_clk_mux/clk_o
    SLR Crossing[1->0]   
    BUFGCE_X1Y84         BUFGCE (Prop_BUFCE_BUFGCE_I_O)
                                                      0.024     6.376 r  i_carfield/gen_domain_clock_mux[0].i_clk_mux/clk_o_BUFG_inst/O
                         net (fo=115, routed)         2.627     9.003    i_carfield/gen_domain_clock_mux[0].i_clk_div/clk_o
    SLR Crossing[0->1]   
    SLICE_X61Y300        LUT5 (Prop_G6LUT_SLICEL_I3_O)
                                                      0.057     9.060 r  i_carfield/gen_domain_clock_mux[0].i_clk_div/n_1_1099782_BUFG_inst_i_1/O
                         net (fo=2, routed)           0.064     9.124    i_carfield/i_hyper_clk_div/n_1_1099782_BUFG_inst_n_2
    SLICE_X61Y300        LUT5 (Prop_E6LUT_SLICEL_I3_O)
                                                      0.082     9.206 r  i_carfield/i_hyper_clk_div/hyp_clk_BUFG_inst_i_1/O
                         net (fo=1, routed)           1.527    10.733    i_carfield/hyp_clk
    SLR Crossing[1->0]   
    BUFGCE_X0Y39         BUFGCE (Prop_BUFCE_BUFGCE_I_O)
                                                      0.024    10.757 r  i_carfield/hyp_clk_BUFG_inst/O
    X1Y2 (CLOCK_ROOT)    net (fo=1287, routed)        1.707    12.464    i_carfield/i_hyperbus_wrap/i_hyper_cdc_dst/i_cdc_fifo_gray_dst_aw/i_spill_register/spill_register_flushable_i/hyp_clk_BUFG
    SLICE_X38Y53         FDCE                                         r  i_carfield/i_hyperbus_wrap/i_hyper_cdc_dst/i_cdc_fifo_gray_dst_aw/i_spill_register/spill_register_flushable_i/gen_spill_reg.a_data_q_reg[addr][4]/C
                         clock pessimism             -0.706    11.758    
                         inter-SLR compensation      -1.725    10.033    
                         clock uncertainty           -0.226     9.807    
    SLICE_X38Y53         FDCE (Setup_DFF_SLICEM_C_D)
                                                      0.025     9.832    i_carfield/i_hyperbus_wrap/i_hyper_cdc_dst/i_cdc_fifo_gray_dst_aw/i_spill_register/spill_register_flushable_i/gen_spill_reg.a_data_q_reg[addr][4]
  -------------------------------------------------------------------
                         required time                          9.832    
                         arrival time                         -29.063    
  -------------------------------------------------------------------
                         slack                                -19.231    

Slack (VIOLATED) :        -19.231ns  (required time - arrival time)
  Source:                 i_carfield/i_cheshire_wrap/i_cheshire_ext_llc_cdc_src/i_cdc_fifo_gray_src_aw/gen_word[1].data_q_reg[1][addr][4]/C
                            (rising edge-triggered cell FDRE clocked by clk_50_xlnx_clk_wiz  {rise@0.000ns fall@10.000ns period=20.000ns})
  Destination:            i_carfield/i_hyperbus_wrap/i_hyper_cdc_dst/i_cdc_fifo_gray_dst_aw/i_spill_register/spill_register_flushable_i/gen_spill_reg.a_data_q_reg[addr][4]/D
                            (rising edge-triggered cell FDCE clocked by periph_domain_clk  {rise@0.000ns fall@50.000ns period=100.000ns})
  Path Group:             periph_domain_clk
  Path Type:              Setup (Max at Slow Process Corner)
  Requirement:            0.000ns  (MaxDelay Path 0.000ns)
  Data Path Delay:        23.956ns  (logic 0.295ns (1.231%)  route 23.661ns (98.769%))
  Logic Levels:           2  (LUT6=1 MUXF7=1)
  Clock Path Skew:        6.651ns (DCD - SCD + CPR)
    Destination Clock Delay (DCD):    12.464ns
    Source Clock Delay      (SCD):    5.107ns
    Clock Pessimism Removal (CPR):    -0.706ns
  Clock Uncertainty:      0.226ns  ((TSJ^2 + DJ^2)^1/2) / 2 + PE
    Total System Jitter     (TSJ):    0.071ns
    Discrete Jitter          (DJ):    0.199ns
    Phase Error              (PE):    0.120ns
  Inter-SLR Compensation: 1.725ns  ((DCD - CCD) * PF)
    Destination Clock Delay (DCD):    12.464ns
    Common Clock Delay      (CCD):    0.963ns
    Prorating Factor         (PF):    0.150
  Clock Net Delay (Source):      4.571ns (routing 2.719ns, distribution 1.852ns)
  Clock Net Delay (Destination): 1.707ns (routing 0.617ns, distribution 1.090ns)
  Timing Exception:       MaxDelay Path 0.000ns

    Location             Delay type                Incr(ns)  Path(ns)    Netlist Resource(s)
  -------------------------------------------------------------------    -------------------
                         (clock clk_50_xlnx_clk_wiz rise edge)
                                                      0.000     0.000 r  
    E12                  IBUFCTRL                     0.000     0.000 r  u_ibufg_sys_clk/IBUFCTRL_INST/O
                         net (fo=1, routed)           0.384     0.384    i_xlnx_clk_wiz/inst/clk_in1
    MMCM_X1Y12           MMCME4_ADV (Prop_MMCM_CLKIN1_CLKOUT1)
                                                     -0.127     0.257 r  i_xlnx_clk_wiz/inst/mmcme4_adv_inst/CLKOUT1
                         net (fo=1, routed)           0.251     0.508    i_xlnx_clk_wiz/inst/clk_50_xlnx_clk_wiz
    BUFGCE_X1Y298        BUFGCE (Prop_BUFCE_BUFGCE_I_O)
                                                      0.028     0.536 r  i_xlnx_clk_wiz/inst/clkout2_buf/O
    X2Y4 (CLOCK_ROOT)    net (fo=240101, routed)      4.571     5.107    i_carfield/i_cheshire_wrap/i_cheshire_ext_llc_cdc_src/i_cdc_fifo_gray_src_aw/host_clk_i
    SLR Crossing[2->0]   
    SLICE_X37Y54         FDRE                                         r  i_carfield/i_cheshire_wrap/i_cheshire_ext_llc_cdc_src/i_cdc_fifo_gray_src_aw/gen_word[1].data_q_reg[1][addr][4]/C
  -------------------------------------------------------------------    -------------------
    SLICE_X37Y54         FDRE (Prop_EFF2_SLICEL_C_Q)
                                                      0.081     5.188 f  i_carfield/i_cheshire_wrap/i_cheshire_ext_llc_cdc_src/i_cdc_fifo_gray_src_aw/gen_word[1].data_q_reg[1][addr][4]/Q
                         net (fo=1, routed)          23.604    28.792    i_carfield/i_cheshire_wrap/i_cheshire_ext_llc_cdc_src/i_cdc_fifo_gray_src_aw/llc_aw_data[148]
    SLICE_X38Y53         LUT6 (Prop_D6LUT_SLICEM_I3_O)
                                                      0.145    28.937 f  i_carfield/i_cheshire_wrap/i_cheshire_ext_llc_cdc_src/i_cdc_fifo_gray_src_aw/gen_spill_reg.a_data_q[addr][4]_i_2__57/O
                         net (fo=1, routed)           0.025    28.962    i_carfield/i_cheshire_wrap/i_cheshire_ext_llc_cdc_src/i_cdc_fifo_gray_src_aw/gen_spill_reg.a_data_q[addr][4]_i_2__57_n_2
    SLICE_X38Y53         MUXF7 (Prop_F7MUX_CD_SLICEM_I0_O)
                                                      0.069    29.031 f  i_carfield/i_cheshire_wrap/i_cheshire_ext_llc_cdc_src/i_cdc_fifo_gray_src_aw/gen_spill_reg.a_data_q_reg[addr][4]_i_1__10/O
                         net (fo=1, routed)           0.032    29.063    i_carfield/i_hyperbus_wrap/i_hyper_cdc_dst/i_cdc_fifo_gray_dst_aw/i_spill_register/spill_register_flushable_i/gen_spill_reg.a_data_q_reg[addr][32]_0[4]
    SLICE_X38Y53         FDCE                                         f  i_carfield/i_hyperbus_wrap/i_hyper_cdc_dst/i_cdc_fifo_gray_dst_aw/i_spill_register/spill_register_flushable_i/gen_spill_reg.a_data_q_reg[addr][4]/D
  -------------------------------------------------------------------    -------------------

                         max delay                    0.000     0.000    
    E12                  IBUFCTRL                     0.000     0.000 r  u_ibufg_sys_clk/IBUFCTRL_INST/O
                         net (fo=1, routed)           0.333     0.333    i_xlnx_clk_wiz/inst/clk_in1
    MMCM_X1Y12           MMCME4_ADV (Prop_MMCM_CLKIN1_CLKOUT3)
                                                      0.630     0.963 r  i_xlnx_clk_wiz/inst/mmcme4_adv_inst/CLKOUT3
                         net (fo=1, routed)           0.225     1.188    i_xlnx_clk_wiz/inst/clk_10_xlnx_clk_wiz
    BUFGCE_X1Y311        BUFGCE (Prop_BUFCE_BUFGCE_I_O)
                                                      0.024     1.212 r  i_xlnx_clk_wiz/inst/clkout4_buf/O
                         net (fo=64, routed)          4.140     5.352    i_carfield/gen_domain_clock_mux[0].i_clk_mux/clks_i[2]
    SLR Crossing[2->1]   
    SLICE_X118Y302       LUT5 (Prop_G6LUT_SLICEL_I1_O)
                                                      0.057     5.409 r  i_carfield/gen_domain_clock_mux[0].i_clk_mux/clk_o_INST_0/O
                         net (fo=1, routed)           0.943     6.352    i_carfield/gen_domain_clock_mux[0].i_clk_mux/clk_o
    SLR Crossing[1->0]   
    BUFGCE_X1Y84         BUFGCE (Prop_BUFCE_BUFGCE_I_O)
                                                      0.024     6.376 r  i_carfield/gen_domain_clock_mux[0].i_clk_mux/clk_o_BUFG_inst/O
                         net (fo=115, routed)         2.627     9.003    i_carfield/gen_domain_clock_mux[0].i_clk_div/clk_o
    SLR Crossing[0->1]   
    SLICE_X61Y300        LUT5 (Prop_G6LUT_SLICEL_I3_O)
                                                      0.057     9.060 r  i_carfield/gen_domain_clock_mux[0].i_clk_div/n_1_1099782_BUFG_inst_i_1/O
                         net (fo=2, routed)           0.064     9.124    i_carfield/i_hyper_clk_div/n_1_1099782_BUFG_inst_n_2
    SLICE_X61Y300        LUT5 (Prop_E6LUT_SLICEL_I3_O)
                                                      0.082     9.206 r  i_carfield/i_hyper_clk_div/hyp_clk_BUFG_inst_i_1/O
                         net (fo=1, routed)           1.527    10.733    i_carfield/hyp_clk
    SLR Crossing[1->0]   
    BUFGCE_X0Y39         BUFGCE (Prop_BUFCE_BUFGCE_I_O)
                                                      0.024    10.757 r  i_carfield/hyp_clk_BUFG_inst/O
    X1Y2 (CLOCK_ROOT)    net (fo=1287, routed)        1.707    12.464    i_carfield/i_hyperbus_wrap/i_hyper_cdc_dst/i_cdc_fifo_gray_dst_aw/i_spill_register/spill_register_flushable_i/hyp_clk_BUFG
    SLICE_X38Y53         FDCE                                         r  i_carfield/i_hyperbus_wrap/i_hyper_cdc_dst/i_cdc_fifo_gray_dst_aw/i_spill_register/spill_register_flushable_i/gen_spill_reg.a_data_q_reg[addr][4]/C
                         clock pessimism             -0.706    11.758    
                         inter-SLR compensation      -1.725    10.033    
                         clock uncertainty           -0.226     9.807    
    SLICE_X38Y53         FDCE (Setup_DFF_SLICEM_C_D)
                                                      0.025     9.832    i_carfield/i_hyperbus_wrap/i_hyper_cdc_dst/i_cdc_fifo_gray_dst_aw/i_spill_register/spill_register_flushable_i/gen_spill_reg.a_data_q_reg[addr][4]
  -------------------------------------------------------------------
                         required time                          9.832    
                         arrival time                         -29.063    
  -------------------------------------------------------------------
                         slack                                -19.231    

Slack (VIOLATED) :        -19.227ns  (required time - arrival time)
  Source:                 i_carfield/i_cheshire_wrap/i_cheshire_ext_llc_cdc_src/i_cdc_fifo_gray_src_aw/gen_word[6].data_q_reg[6][addr][20]/C
                            (rising edge-triggered cell FDRE clocked by clk_50_xlnx_clk_wiz  {rise@0.000ns fall@10.000ns period=20.000ns})
  Destination:            i_carfield/i_hyperbus_wrap/i_hyper_cdc_dst/i_cdc_fifo_gray_dst_aw/i_spill_register/spill_register_flushable_i/gen_spill_reg.a_data_q_reg[addr][20]/D
                            (rising edge-triggered cell FDCE clocked by periph_domain_clk  {rise@0.000ns fall@50.000ns period=100.000ns})
  Path Group:             periph_domain_clk
  Path Type:              Setup (Max at Slow Process Corner)
  Requirement:            0.000ns  (MaxDelay Path 0.000ns)
  Data Path Delay:        23.955ns  (logic 0.196ns (0.818%)  route 23.759ns (99.182%))
  Logic Levels:           2  (LUT6=1 MUXF7=1)
  Clock Path Skew:        6.653ns (DCD - SCD + CPR)
    Destination Clock Delay (DCD):    12.459ns
    Source Clock Delay      (SCD):    5.100ns
    Clock Pessimism Removal (CPR):    -0.706ns
  Clock Uncertainty:      0.226ns  ((TSJ^2 + DJ^2)^1/2) / 2 + PE
    Total System Jitter     (TSJ):    0.071ns
    Discrete Jitter          (DJ):    0.199ns
    Phase Error              (PE):    0.120ns
  Inter-SLR Compensation: 1.724ns  ((DCD - CCD) * PF)
    Destination Clock Delay (DCD):    12.459ns
    Common Clock Delay      (CCD):    0.963ns
    Prorating Factor         (PF):    0.150
  Clock Net Delay (Source):      4.564ns (routing 2.719ns, distribution 1.845ns)
  Clock Net Delay (Destination): 1.702ns (routing 0.617ns, distribution 1.085ns)
  Timing Exception:       MaxDelay Path 0.000ns

    Location             Delay type                Incr(ns)  Path(ns)    Netlist Resource(s)
  -------------------------------------------------------------------    -------------------
                         (clock clk_50_xlnx_clk_wiz rise edge)
                                                      0.000     0.000 r  
    E12                  IBUFCTRL                     0.000     0.000 r  u_ibufg_sys_clk/IBUFCTRL_INST/O
                         net (fo=1, routed)           0.384     0.384    i_xlnx_clk_wiz/inst/clk_in1
    MMCM_X1Y12           MMCME4_ADV (Prop_MMCM_CLKIN1_CLKOUT1)
                                                     -0.127     0.257 r  i_xlnx_clk_wiz/inst/mmcme4_adv_inst/CLKOUT1
                         net (fo=1, routed)           0.251     0.508    i_xlnx_clk_wiz/inst/clk_50_xlnx_clk_wiz
    BUFGCE_X1Y298        BUFGCE (Prop_BUFCE_BUFGCE_I_O)
                                                      0.028     0.536 r  i_xlnx_clk_wiz/inst/clkout2_buf/O
    X2Y4 (CLOCK_ROOT)    net (fo=240101, routed)      4.564     5.100    i_carfield/i_cheshire_wrap/i_cheshire_ext_llc_cdc_src/i_cdc_fifo_gray_src_aw/host_clk_i
    SLR Crossing[2->0]   
    SLICE_X36Y49         FDRE                                         r  i_carfield/i_cheshire_wrap/i_cheshire_ext_llc_cdc_src/i_cdc_fifo_gray_src_aw/gen_word[6].data_q_reg[6][addr][20]/C
  -------------------------------------------------------------------    -------------------
    SLICE_X36Y49         FDRE (Prop_AFF_SLICEM_C_Q)
                                                      0.077     5.177 r  i_carfield/i_cheshire_wrap/i_cheshire_ext_llc_cdc_src/i_cdc_fifo_gray_src_aw/gen_word[6].data_q_reg[6][addr][20]/Q
                         net (fo=1, routed)          23.710    28.887    i_carfield/i_cheshire_wrap/i_cheshire_ext_llc_cdc_src/i_cdc_fifo_gray_src_aw/llc_aw_data[659]
    SLICE_X35Y49         LUT6 (Prop_G6LUT_SLICEM_I1_O)
                                                      0.052    28.939 r  i_carfield/i_cheshire_wrap/i_cheshire_ext_llc_cdc_src/i_cdc_fifo_gray_src_aw/gen_spill_reg.a_data_q[addr][20]_i_3__28/O
                         net (fo=1, routed)           0.017    28.956    i_carfield/i_cheshire_wrap/i_cheshire_ext_llc_cdc_src/i_cdc_fifo_gray_src_aw/gen_spill_reg.a_data_q[addr][20]_i_3__28_n_2
    SLICE_X35Y49         MUXF7 (Prop_F7MUX_GH_SLICEM_I1_O)
                                                      0.067    29.023 r  i_carfield/i_cheshire_wrap/i_cheshire_ext_llc_cdc_src/i_cdc_fifo_gray_src_aw/gen_spill_reg.a_data_q_reg[addr][20]_i_1__10/O
                         net (fo=1, routed)           0.032    29.055    i_carfield/i_hyperbus_wrap/i_hyper_cdc_dst/i_cdc_fifo_gray_dst_aw/i_spill_register/spill_register_flushable_i/gen_spill_reg.a_data_q_reg[addr][32]_0[20]
    SLICE_X35Y49         FDCE                                         r  i_carfield/i_hyperbus_wrap/i_hyper_cdc_dst/i_cdc_fifo_gray_dst_aw/i_spill_register/spill_register_flushable_i/gen_spill_reg.a_data_q_reg[addr][20]/D
  -------------------------------------------------------------------    -------------------

                         max delay                    0.000     0.000    
    E12                  IBUFCTRL                     0.000     0.000 r  u_ibufg_sys_clk/IBUFCTRL_INST/O
                         net (fo=1, routed)           0.333     0.333    i_xlnx_clk_wiz/inst/clk_in1
    MMCM_X1Y12           MMCME4_ADV (Prop_MMCM_CLKIN1_CLKOUT3)
                                                      0.630     0.963 r  i_xlnx_clk_wiz/inst/mmcme4_adv_inst/CLKOUT3
                         net (fo=1, routed)           0.225     1.188    i_xlnx_clk_wiz/inst/clk_10_xlnx_clk_wiz
    BUFGCE_X1Y311        BUFGCE (Prop_BUFCE_BUFGCE_I_O)
                                                      0.024     1.212 r  i_xlnx_clk_wiz/inst/clkout4_buf/O
                         net (fo=64, routed)          4.140     5.352    i_carfield/gen_domain_clock_mux[0].i_clk_mux/clks_i[2]
    SLR Crossing[2->1]   
    SLICE_X118Y302       LUT5 (Prop_G6LUT_SLICEL_I1_O)
                                                      0.057     5.409 r  i_carfield/gen_domain_clock_mux[0].i_clk_mux/clk_o_INST_0/O
                         net (fo=1, routed)           0.943     6.352    i_carfield/gen_domain_clock_mux[0].i_clk_mux/clk_o
    SLR Crossing[1->0]   
    BUFGCE_X1Y84         BUFGCE (Prop_BUFCE_BUFGCE_I_O)
                                                      0.024     6.376 r  i_carfield/gen_domain_clock_mux[0].i_clk_mux/clk_o_BUFG_inst/O
                         net (fo=115, routed)         2.627     9.003    i_carfield/gen_domain_clock_mux[0].i_clk_div/clk_o
    SLR Crossing[0->1]   
    SLICE_X61Y300        LUT5 (Prop_G6LUT_SLICEL_I3_O)
                                                      0.057     9.060 r  i_carfield/gen_domain_clock_mux[0].i_clk_div/n_1_1099782_BUFG_inst_i_1/O
                         net (fo=2, routed)           0.064     9.124    i_carfield/i_hyper_clk_div/n_1_1099782_BUFG_inst_n_2
    SLICE_X61Y300        LUT5 (Prop_E6LUT_SLICEL_I3_O)
                                                      0.082     9.206 r  i_carfield/i_hyper_clk_div/hyp_clk_BUFG_inst_i_1/O
                         net (fo=1, routed)           1.527    10.733    i_carfield/hyp_clk
    SLR Crossing[1->0]   
    BUFGCE_X0Y39         BUFGCE (Prop_BUFCE_BUFGCE_I_O)
                                                      0.024    10.757 r  i_carfield/hyp_clk_BUFG_inst/O
    X1Y2 (CLOCK_ROOT)    net (fo=1287, routed)        1.702    12.459    i_carfield/i_hyperbus_wrap/i_hyper_cdc_dst/i_cdc_fifo_gray_dst_aw/i_spill_register/spill_register_flushable_i/hyp_clk_BUFG
    SLICE_X35Y49         FDCE                                         r  i_carfield/i_hyperbus_wrap/i_hyper_cdc_dst/i_cdc_fifo_gray_dst_aw/i_spill_register/spill_register_flushable_i/gen_spill_reg.a_data_q_reg[addr][20]/C
                         clock pessimism             -0.706    11.753    
                         inter-SLR compensation      -1.724    10.029    
                         clock uncertainty           -0.226     9.803    
    SLICE_X35Y49         FDCE (Setup_HFF_SLICEM_C_D)
                                                      0.025     9.828    i_carfield/i_hyperbus_wrap/i_hyper_cdc_dst/i_cdc_fifo_gray_dst_aw/i_spill_register/spill_register_flushable_i/gen_spill_reg.a_data_q_reg[addr][20]
  -------------------------------------------------------------------
                         required time                          9.828    
                         arrival time                         -29.055    
  -------------------------------------------------------------------
                         slack                                -19.227    

Slack (VIOLATED) :        -19.227ns  (required time - arrival time)
  Source:                 i_carfield/i_cheshire_wrap/i_cheshire_ext_llc_cdc_src/i_cdc_fifo_gray_src_aw/gen_word[6].data_q_reg[6][addr][20]/C
                            (rising edge-triggered cell FDRE clocked by clk_50_xlnx_clk_wiz  {rise@0.000ns fall@10.000ns period=20.000ns})
  Destination:            i_carfield/i_hyperbus_wrap/i_hyper_cdc_dst/i_cdc_fifo_gray_dst_aw/i_spill_register/spill_register_flushable_i/gen_spill_reg.a_data_q_reg[addr][20]/D
                            (rising edge-triggered cell FDCE clocked by periph_domain_clk  {rise@0.000ns fall@50.000ns period=100.000ns})
  Path Group:             periph_domain_clk
  Path Type:              Setup (Max at Slow Process Corner)
  Requirement:            0.000ns  (MaxDelay Path 0.000ns)
  Data Path Delay:        23.955ns  (logic 0.196ns (0.818%)  route 23.759ns (99.182%))
  Logic Levels:           2  (LUT6=1 MUXF7=1)
  Clock Path Skew:        6.653ns (DCD - SCD + CPR)
    Destination Clock Delay (DCD):    12.459ns
    Source Clock Delay      (SCD):    5.100ns
    Clock Pessimism Removal (CPR):    -0.706ns
  Clock Uncertainty:      0.226ns  ((TSJ^2 + DJ^2)^1/2) / 2 + PE
    Total System Jitter     (TSJ):    0.071ns
    Discrete Jitter          (DJ):    0.199ns
    Phase Error              (PE):    0.120ns
  Inter-SLR Compensation: 1.724ns  ((DCD - CCD) * PF)
    Destination Clock Delay (DCD):    12.459ns
    Common Clock Delay      (CCD):    0.963ns
    Prorating Factor         (PF):    0.150
  Clock Net Delay (Source):      4.564ns (routing 2.719ns, distribution 1.845ns)
  Clock Net Delay (Destination): 1.702ns (routing 0.617ns, distribution 1.085ns)
  Timing Exception:       MaxDelay Path 0.000ns

    Location             Delay type                Incr(ns)  Path(ns)    Netlist Resource(s)
  -------------------------------------------------------------------    -------------------
                         (clock clk_50_xlnx_clk_wiz rise edge)
                                                      0.000     0.000 r  
    E12                  IBUFCTRL                     0.000     0.000 r  u_ibufg_sys_clk/IBUFCTRL_INST/O
                         net (fo=1, routed)           0.384     0.384    i_xlnx_clk_wiz/inst/clk_in1
    MMCM_X1Y12           MMCME4_ADV (Prop_MMCM_CLKIN1_CLKOUT1)
                                                     -0.127     0.257 r  i_xlnx_clk_wiz/inst/mmcme4_adv_inst/CLKOUT1
                         net (fo=1, routed)           0.251     0.508    i_xlnx_clk_wiz/inst/clk_50_xlnx_clk_wiz
    BUFGCE_X1Y298        BUFGCE (Prop_BUFCE_BUFGCE_I_O)
                                                      0.028     0.536 r  i_xlnx_clk_wiz/inst/clkout2_buf/O
    X2Y4 (CLOCK_ROOT)    net (fo=240101, routed)      4.564     5.100    i_carfield/i_cheshire_wrap/i_cheshire_ext_llc_cdc_src/i_cdc_fifo_gray_src_aw/host_clk_i
    SLR Crossing[2->0]   
    SLICE_X36Y49         FDRE                                         r  i_carfield/i_cheshire_wrap/i_cheshire_ext_llc_cdc_src/i_cdc_fifo_gray_src_aw/gen_word[6].data_q_reg[6][addr][20]/C
  -------------------------------------------------------------------    -------------------
    SLICE_X36Y49         FDRE (Prop_AFF_SLICEM_C_Q)
                                                      0.077     5.177 f  i_carfield/i_cheshire_wrap/i_cheshire_ext_llc_cdc_src/i_cdc_fifo_gray_src_aw/gen_word[6].data_q_reg[6][addr][20]/Q
                         net (fo=1, routed)          23.710    28.887    i_carfield/i_cheshire_wrap/i_cheshire_ext_llc_cdc_src/i_cdc_fifo_gray_src_aw/llc_aw_data[659]
    SLICE_X35Y49         LUT6 (Prop_G6LUT_SLICEM_I1_O)
                                                      0.052    28.939 f  i_carfield/i_cheshire_wrap/i_cheshire_ext_llc_cdc_src/i_cdc_fifo_gray_src_aw/gen_spill_reg.a_data_q[addr][20]_i_3__28/O
                         net (fo=1, routed)           0.017    28.956    i_carfield/i_cheshire_wrap/i_cheshire_ext_llc_cdc_src/i_cdc_fifo_gray_src_aw/gen_spill_reg.a_data_q[addr][20]_i_3__28_n_2
    SLICE_X35Y49         MUXF7 (Prop_F7MUX_GH_SLICEM_I1_O)
                                                      0.067    29.023 f  i_carfield/i_cheshire_wrap/i_cheshire_ext_llc_cdc_src/i_cdc_fifo_gray_src_aw/gen_spill_reg.a_data_q_reg[addr][20]_i_1__10/O
                         net (fo=1, routed)           0.032    29.055    i_carfield/i_hyperbus_wrap/i_hyper_cdc_dst/i_cdc_fifo_gray_dst_aw/i_spill_register/spill_register_flushable_i/gen_spill_reg.a_data_q_reg[addr][32]_0[20]
    SLICE_X35Y49         FDCE                                         f  i_carfield/i_hyperbus_wrap/i_hyper_cdc_dst/i_cdc_fifo_gray_dst_aw/i_spill_register/spill_register_flushable_i/gen_spill_reg.a_data_q_reg[addr][20]/D
  -------------------------------------------------------------------    -------------------

                         max delay                    0.000     0.000    
    E12                  IBUFCTRL                     0.000     0.000 r  u_ibufg_sys_clk/IBUFCTRL_INST/O
                         net (fo=1, routed)           0.333     0.333    i_xlnx_clk_wiz/inst/clk_in1
    MMCM_X1Y12           MMCME4_ADV (Prop_MMCM_CLKIN1_CLKOUT3)
                                                      0.630     0.963 r  i_xlnx_clk_wiz/inst/mmcme4_adv_inst/CLKOUT3
                         net (fo=1, routed)           0.225     1.188    i_xlnx_clk_wiz/inst/clk_10_xlnx_clk_wiz
    BUFGCE_X1Y311        BUFGCE (Prop_BUFCE_BUFGCE_I_O)
                                                      0.024     1.212 r  i_xlnx_clk_wiz/inst/clkout4_buf/O
                         net (fo=64, routed)          4.140     5.352    i_carfield/gen_domain_clock_mux[0].i_clk_mux/clks_i[2]
    SLR Crossing[2->1]   
    SLICE_X118Y302       LUT5 (Prop_G6LUT_SLICEL_I1_O)
                                                      0.057     5.409 r  i_carfield/gen_domain_clock_mux[0].i_clk_mux/clk_o_INST_0/O
                         net (fo=1, routed)           0.943     6.352    i_carfield/gen_domain_clock_mux[0].i_clk_mux/clk_o
    SLR Crossing[1->0]   
    BUFGCE_X1Y84         BUFGCE (Prop_BUFCE_BUFGCE_I_O)
                                                      0.024     6.376 r  i_carfield/gen_domain_clock_mux[0].i_clk_mux/clk_o_BUFG_inst/O
                         net (fo=115, routed)         2.627     9.003    i_carfield/gen_domain_clock_mux[0].i_clk_div/clk_o
    SLR Crossing[0->1]   
    SLICE_X61Y300        LUT5 (Prop_G6LUT_SLICEL_I3_O)
                                                      0.057     9.060 r  i_carfield/gen_domain_clock_mux[0].i_clk_div/n_1_1099782_BUFG_inst_i_1/O
                         net (fo=2, routed)           0.064     9.124    i_carfield/i_hyper_clk_div/n_1_1099782_BUFG_inst_n_2
    SLICE_X61Y300        LUT5 (Prop_E6LUT_SLICEL_I3_O)
                                                      0.082     9.206 r  i_carfield/i_hyper_clk_div/hyp_clk_BUFG_inst_i_1/O
                         net (fo=1, routed)           1.527    10.733    i_carfield/hyp_clk
    SLR Crossing[1->0]   
    BUFGCE_X0Y39         BUFGCE (Prop_BUFCE_BUFGCE_I_O)
                                                      0.024    10.757 r  i_carfield/hyp_clk_BUFG_inst/O
    X1Y2 (CLOCK_ROOT)    net (fo=1287, routed)        1.702    12.459    i_carfield/i_hyperbus_wrap/i_hyper_cdc_dst/i_cdc_fifo_gray_dst_aw/i_spill_register/spill_register_flushable_i/hyp_clk_BUFG
    SLICE_X35Y49         FDCE                                         r  i_carfield/i_hyperbus_wrap/i_hyper_cdc_dst/i_cdc_fifo_gray_dst_aw/i_spill_register/spill_register_flushable_i/gen_spill_reg.a_data_q_reg[addr][20]/C
                         clock pessimism             -0.706    11.753    
                         inter-SLR compensation      -1.724    10.029    
                         clock uncertainty           -0.226     9.803    
    SLICE_X35Y49         FDCE (Setup_HFF_SLICEM_C_D)
                                                      0.025     9.828    i_carfield/i_hyperbus_wrap/i_hyper_cdc_dst/i_cdc_fifo_gray_dst_aw/i_spill_register/spill_register_flushable_i/gen_spill_reg.a_data_q_reg[addr][20]
  -------------------------------------------------------------------
                         required time                          9.828    
                         arrival time                         -29.055    
  -------------------------------------------------------------------
                         slack                                -19.227    

Slack (VIOLATED) :        -19.222ns  (required time - arrival time)
  Source:                 i_carfield/i_cheshire_wrap/i_cheshire_ext_llc_cdc_src/i_cdc_fifo_gray_src_aw/gen_word[6].data_q_reg[6][len][3]/C
                            (rising edge-triggered cell FDRE clocked by clk_50_xlnx_clk_wiz  {rise@0.000ns fall@10.000ns period=20.000ns})
  Destination:            i_carfield/i_hyperbus_wrap/i_hyper_cdc_dst/i_cdc_fifo_gray_dst_aw/i_spill_register/spill_register_flushable_i/gen_spill_reg.a_data_q_reg[len][3]/D
                            (rising edge-triggered cell FDCE clocked by periph_domain_clk  {rise@0.000ns fall@50.000ns period=100.000ns})
  Path Group:             periph_domain_clk
  Path Type:              Setup (Max at Slow Process Corner)
  Requirement:            0.000ns  (MaxDelay Path 0.000ns)
  Data Path Delay:        23.963ns  (logic 0.235ns (0.981%)  route 23.728ns (99.019%))
  Logic Levels:           2  (LUT6=1 MUXF7=1)
  Clock Path Skew:        6.676ns (DCD - SCD + CPR)
    Destination Clock Delay (DCD):    12.526ns
    Source Clock Delay      (SCD):    5.144ns
    Clock Pessimism Removal (CPR):    -0.706ns
  Clock Uncertainty:      0.226ns  ((TSJ^2 + DJ^2)^1/2) / 2 + PE
    Total System Jitter     (TSJ):    0.071ns
    Discrete Jitter          (DJ):    0.199ns
    Phase Error              (PE):    0.120ns
  Inter-SLR Compensation: 1.734ns  ((DCD - CCD) * PF)
    Destination Clock Delay (DCD):    12.526ns
    Common Clock Delay      (CCD):    0.963ns
    Prorating Factor         (PF):    0.150
  Clock Net Delay (Source):      4.608ns (routing 2.719ns, distribution 1.889ns)
  Clock Net Delay (Destination): 1.769ns (routing 0.617ns, distribution 1.152ns)
  Timing Exception:       MaxDelay Path 0.000ns

    Location             Delay type                Incr(ns)  Path(ns)    Netlist Resource(s)
  -------------------------------------------------------------------    -------------------
                         (clock clk_50_xlnx_clk_wiz rise edge)
                                                      0.000     0.000 r  
    E12                  IBUFCTRL                     0.000     0.000 r  u_ibufg_sys_clk/IBUFCTRL_INST/O
                         net (fo=1, routed)           0.384     0.384    i_xlnx_clk_wiz/inst/clk_in1
    MMCM_X1Y12           MMCME4_ADV (Prop_MMCM_CLKIN1_CLKOUT1)
                                                     -0.127     0.257 r  i_xlnx_clk_wiz/inst/mmcme4_adv_inst/CLKOUT1
                         net (fo=1, routed)           0.251     0.508    i_xlnx_clk_wiz/inst/clk_50_xlnx_clk_wiz
    BUFGCE_X1Y298        BUFGCE (Prop_BUFCE_BUFGCE_I_O)
                                                      0.028     0.536 r  i_xlnx_clk_wiz/inst/clkout2_buf/O
    X2Y4 (CLOCK_ROOT)    net (fo=240101, routed)      4.608     5.144    i_carfield/i_cheshire_wrap/i_cheshire_ext_llc_cdc_src/i_cdc_fifo_gray_src_aw/host_clk_i
    SLR Crossing[2->0]   
    SLICE_X29Y41         FDRE                                         r  i_carfield/i_cheshire_wrap/i_cheshire_ext_llc_cdc_src/i_cdc_fifo_gray_src_aw/gen_word[6].data_q_reg[6][len][3]/C
  -------------------------------------------------------------------    -------------------
    SLICE_X29Y41         FDRE (Prop_CFF2_SLICEL_C_Q)
                                                      0.080     5.224 r  i_carfield/i_cheshire_wrap/i_cheshire_ext_llc_cdc_src/i_cdc_fifo_gray_src_aw/gen_word[6].data_q_reg[6][len][3]/Q
                         net (fo=1, routed)          23.686    28.910    i_carfield/i_cheshire_wrap/i_cheshire_ext_llc_cdc_src/i_cdc_fifo_gray_src_aw/llc_aw_data[634]
    SLICE_X30Y41         LUT6 (Prop_A6LUT_SLICEM_I1_O)
                                                      0.090    29.000 r  i_carfield/i_cheshire_wrap/i_cheshire_ext_llc_cdc_src/i_cdc_fifo_gray_src_aw/gen_spill_reg.a_data_q[len][3]_i_3__10/O
                         net (fo=1, routed)           0.011    29.011    i_carfield/i_cheshire_wrap/i_cheshire_ext_llc_cdc_src/i_cdc_fifo_gray_src_aw/gen_spill_reg.a_data_q[len][3]_i_3__10_n_2
    SLICE_X30Y41         MUXF7 (Prop_F7MUX_AB_SLICEM_I1_O)
                                                      0.065    29.076 r  i_carfield/i_cheshire_wrap/i_cheshire_ext_llc_cdc_src/i_cdc_fifo_gray_src_aw/gen_spill_reg.a_data_q_reg[len][3]_i_1__7/O
                         net (fo=1, routed)           0.031    29.107    i_carfield/i_hyperbus_wrap/i_hyper_cdc_dst/i_cdc_fifo_gray_dst_aw/i_spill_register/spill_register_flushable_i/gen_spill_reg.a_data_q_reg[len][7]_0[3]
    SLICE_X30Y41         FDCE                                         r  i_carfield/i_hyperbus_wrap/i_hyper_cdc_dst/i_cdc_fifo_gray_dst_aw/i_spill_register/spill_register_flushable_i/gen_spill_reg.a_data_q_reg[len][3]/D
  -------------------------------------------------------------------    -------------------

                         max delay                    0.000     0.000    
    E12                  IBUFCTRL                     0.000     0.000 r  u_ibufg_sys_clk/IBUFCTRL_INST/O
                         net (fo=1, routed)           0.333     0.333    i_xlnx_clk_wiz/inst/clk_in1
    MMCM_X1Y12           MMCME4_ADV (Prop_MMCM_CLKIN1_CLKOUT3)
                                                      0.630     0.963 r  i_xlnx_clk_wiz/inst/mmcme4_adv_inst/CLKOUT3
                         net (fo=1, routed)           0.225     1.188    i_xlnx_clk_wiz/inst/clk_10_xlnx_clk_wiz
    BUFGCE_X1Y311        BUFGCE (Prop_BUFCE_BUFGCE_I_O)
                                                      0.024     1.212 r  i_xlnx_clk_wiz/inst/clkout4_buf/O
                         net (fo=64, routed)          4.140     5.352    i_carfield/gen_domain_clock_mux[0].i_clk_mux/clks_i[2]
    SLR Crossing[2->1]   
    SLICE_X118Y302       LUT5 (Prop_G6LUT_SLICEL_I1_O)
                                                      0.057     5.409 r  i_carfield/gen_domain_clock_mux[0].i_clk_mux/clk_o_INST_0/O
                         net (fo=1, routed)           0.943     6.352    i_carfield/gen_domain_clock_mux[0].i_clk_mux/clk_o
    SLR Crossing[1->0]   
    BUFGCE_X1Y84         BUFGCE (Prop_BUFCE_BUFGCE_I_O)
                                                      0.024     6.376 r  i_carfield/gen_domain_clock_mux[0].i_clk_mux/clk_o_BUFG_inst/O
                         net (fo=115, routed)         2.627     9.003    i_carfield/gen_domain_clock_mux[0].i_clk_div/clk_o
    SLR Crossing[0->1]   
    SLICE_X61Y300        LUT5 (Prop_G6LUT_SLICEL_I3_O)
                                                      0.057     9.060 r  i_carfield/gen_domain_clock_mux[0].i_clk_div/n_1_1099782_BUFG_inst_i_1/O
                         net (fo=2, routed)           0.064     9.124    i_carfield/i_hyper_clk_div/n_1_1099782_BUFG_inst_n_2
    SLICE_X61Y300        LUT5 (Prop_E6LUT_SLICEL_I3_O)
                                                      0.082     9.206 r  i_carfield/i_hyper_clk_div/hyp_clk_BUFG_inst_i_1/O
                         net (fo=1, routed)           1.527    10.733    i_carfield/hyp_clk
    SLR Crossing[1->0]   
    BUFGCE_X0Y39         BUFGCE (Prop_BUFCE_BUFGCE_I_O)
                                                      0.024    10.757 r  i_carfield/hyp_clk_BUFG_inst/O
    X1Y2 (CLOCK_ROOT)    net (fo=1287, routed)        1.769    12.526    i_carfield/i_hyperbus_wrap/i_hyper_cdc_dst/i_cdc_fifo_gray_dst_aw/i_spill_register/spill_register_flushable_i/hyp_clk_BUFG
    SLICE_X30Y41         FDCE                                         r  i_carfield/i_hyperbus_wrap/i_hyper_cdc_dst/i_cdc_fifo_gray_dst_aw/i_spill_register/spill_register_flushable_i/gen_spill_reg.a_data_q_reg[len][3]/C
                         clock pessimism             -0.706    11.820    
                         inter-SLR compensation      -1.734    10.086    
                         clock uncertainty           -0.226     9.860    
    SLICE_X30Y41         FDCE (Setup_BFF_SLICEM_C_D)
                                                      0.025     9.885    i_carfield/i_hyperbus_wrap/i_hyper_cdc_dst/i_cdc_fifo_gray_dst_aw/i_spill_register/spill_register_flushable_i/gen_spill_reg.a_data_q_reg[len][3]
  -------------------------------------------------------------------
                         required time                          9.885    
                         arrival time                         -29.107    
  -------------------------------------------------------------------
                         slack                                -19.222    

Slack (VIOLATED) :        -19.222ns  (required time - arrival time)
  Source:                 i_carfield/i_cheshire_wrap/i_cheshire_ext_llc_cdc_src/i_cdc_fifo_gray_src_aw/gen_word[6].data_q_reg[6][len][3]/C
                            (rising edge-triggered cell FDRE clocked by clk_50_xlnx_clk_wiz  {rise@0.000ns fall@10.000ns period=20.000ns})
  Destination:            i_carfield/i_hyperbus_wrap/i_hyper_cdc_dst/i_cdc_fifo_gray_dst_aw/i_spill_register/spill_register_flushable_i/gen_spill_reg.a_data_q_reg[len][3]/D
                            (rising edge-triggered cell FDCE clocked by periph_domain_clk  {rise@0.000ns fall@50.000ns period=100.000ns})
  Path Group:             periph_domain_clk
  Path Type:              Setup (Max at Slow Process Corner)
  Requirement:            0.000ns  (MaxDelay Path 0.000ns)
  Data Path Delay:        23.963ns  (logic 0.235ns (0.981%)  route 23.728ns (99.019%))
  Logic Levels:           2  (LUT6=1 MUXF7=1)
  Clock Path Skew:        6.676ns (DCD - SCD + CPR)
    Destination Clock Delay (DCD):    12.526ns
    Source Clock Delay      (SCD):    5.144ns
    Clock Pessimism Removal (CPR):    -0.706ns
  Clock Uncertainty:      0.226ns  ((TSJ^2 + DJ^2)^1/2) / 2 + PE
    Total System Jitter     (TSJ):    0.071ns
    Discrete Jitter          (DJ):    0.199ns
    Phase Error              (PE):    0.120ns
  Inter-SLR Compensation: 1.734ns  ((DCD - CCD) * PF)
    Destination Clock Delay (DCD):    12.526ns
    Common Clock Delay      (CCD):    0.963ns
    Prorating Factor         (PF):    0.150
  Clock Net Delay (Source):      4.608ns (routing 2.719ns, distribution 1.889ns)
  Clock Net Delay (Destination): 1.769ns (routing 0.617ns, distribution 1.152ns)
  Timing Exception:       MaxDelay Path 0.000ns

    Location             Delay type                Incr(ns)  Path(ns)    Netlist Resource(s)
  -------------------------------------------------------------------    -------------------
                         (clock clk_50_xlnx_clk_wiz rise edge)
                                                      0.000     0.000 r  
    E12                  IBUFCTRL                     0.000     0.000 r  u_ibufg_sys_clk/IBUFCTRL_INST/O
                         net (fo=1, routed)           0.384     0.384    i_xlnx_clk_wiz/inst/clk_in1
    MMCM_X1Y12           MMCME4_ADV (Prop_MMCM_CLKIN1_CLKOUT1)
                                                     -0.127     0.257 r  i_xlnx_clk_wiz/inst/mmcme4_adv_inst/CLKOUT1
                         net (fo=1, routed)           0.251     0.508    i_xlnx_clk_wiz/inst/clk_50_xlnx_clk_wiz
    BUFGCE_X1Y298        BUFGCE (Prop_BUFCE_BUFGCE_I_O)
                                                      0.028     0.536 r  i_xlnx_clk_wiz/inst/clkout2_buf/O
    X2Y4 (CLOCK_ROOT)    net (fo=240101, routed)      4.608     5.144    i_carfield/i_cheshire_wrap/i_cheshire_ext_llc_cdc_src/i_cdc_fifo_gray_src_aw/host_clk_i
    SLR Crossing[2->0]   
    SLICE_X29Y41         FDRE                                         r  i_carfield/i_cheshire_wrap/i_cheshire_ext_llc_cdc_src/i_cdc_fifo_gray_src_aw/gen_word[6].data_q_reg[6][len][3]/C
  -------------------------------------------------------------------    -------------------
    SLICE_X29Y41         FDRE (Prop_CFF2_SLICEL_C_Q)
                                                      0.080     5.224 f  i_carfield/i_cheshire_wrap/i_cheshire_ext_llc_cdc_src/i_cdc_fifo_gray_src_aw/gen_word[6].data_q_reg[6][len][3]/Q
                         net (fo=1, routed)          23.686    28.910    i_carfield/i_cheshire_wrap/i_cheshire_ext_llc_cdc_src/i_cdc_fifo_gray_src_aw/llc_aw_data[634]
    SLICE_X30Y41         LUT6 (Prop_A6LUT_SLICEM_I1_O)
                                                      0.090    29.000 f  i_carfield/i_cheshire_wrap/i_cheshire_ext_llc_cdc_src/i_cdc_fifo_gray_src_aw/gen_spill_reg.a_data_q[len][3]_i_3__10/O
                         net (fo=1, routed)           0.011    29.011    i_carfield/i_cheshire_wrap/i_cheshire_ext_llc_cdc_src/i_cdc_fifo_gray_src_aw/gen_spill_reg.a_data_q[len][3]_i_3__10_n_2
    SLICE_X30Y41         MUXF7 (Prop_F7MUX_AB_SLICEM_I1_O)
                                                      0.065    29.076 f  i_carfield/i_cheshire_wrap/i_cheshire_ext_llc_cdc_src/i_cdc_fifo_gray_src_aw/gen_spill_reg.a_data_q_reg[len][3]_i_1__7/O
                         net (fo=1, routed)           0.031    29.107    i_carfield/i_hyperbus_wrap/i_hyper_cdc_dst/i_cdc_fifo_gray_dst_aw/i_spill_register/spill_register_flushable_i/gen_spill_reg.a_data_q_reg[len][7]_0[3]
    SLICE_X30Y41         FDCE                                         f  i_carfield/i_hyperbus_wrap/i_hyper_cdc_dst/i_cdc_fifo_gray_dst_aw/i_spill_register/spill_register_flushable_i/gen_spill_reg.a_data_q_reg[len][3]/D
  -------------------------------------------------------------------    -------------------

                         max delay                    0.000     0.000    
    E12                  IBUFCTRL                     0.000     0.000 r  u_ibufg_sys_clk/IBUFCTRL_INST/O
                         net (fo=1, routed)           0.333     0.333    i_xlnx_clk_wiz/inst/clk_in1
    MMCM_X1Y12           MMCME4_ADV (Prop_MMCM_CLKIN1_CLKOUT3)
                                                      0.630     0.963 r  i_xlnx_clk_wiz/inst/mmcme4_adv_inst/CLKOUT3
                         net (fo=1, routed)           0.225     1.188    i_xlnx_clk_wiz/inst/clk_10_xlnx_clk_wiz
    BUFGCE_X1Y311        BUFGCE (Prop_BUFCE_BUFGCE_I_O)
                                                      0.024     1.212 r  i_xlnx_clk_wiz/inst/clkout4_buf/O
                         net (fo=64, routed)          4.140     5.352    i_carfield/gen_domain_clock_mux[0].i_clk_mux/clks_i[2]
    SLR Crossing[2->1]   
    SLICE_X118Y302       LUT5 (Prop_G6LUT_SLICEL_I1_O)
                                                      0.057     5.409 r  i_carfield/gen_domain_clock_mux[0].i_clk_mux/clk_o_INST_0/O
                         net (fo=1, routed)           0.943     6.352    i_carfield/gen_domain_clock_mux[0].i_clk_mux/clk_o
    SLR Crossing[1->0]   
    BUFGCE_X1Y84         BUFGCE (Prop_BUFCE_BUFGCE_I_O)
                                                      0.024     6.376 r  i_carfield/gen_domain_clock_mux[0].i_clk_mux/clk_o_BUFG_inst/O
                         net (fo=115, routed)         2.627     9.003    i_carfield/gen_domain_clock_mux[0].i_clk_div/clk_o
    SLR Crossing[0->1]   
    SLICE_X61Y300        LUT5 (Prop_G6LUT_SLICEL_I3_O)
                                                      0.057     9.060 r  i_carfield/gen_domain_clock_mux[0].i_clk_div/n_1_1099782_BUFG_inst_i_1/O
                         net (fo=2, routed)           0.064     9.124    i_carfield/i_hyper_clk_div/n_1_1099782_BUFG_inst_n_2
    SLICE_X61Y300        LUT5 (Prop_E6LUT_SLICEL_I3_O)
                                                      0.082     9.206 r  i_carfield/i_hyper_clk_div/hyp_clk_BUFG_inst_i_1/O
                         net (fo=1, routed)           1.527    10.733    i_carfield/hyp_clk
    SLR Crossing[1->0]   
    BUFGCE_X0Y39         BUFGCE (Prop_BUFCE_BUFGCE_I_O)
                                                      0.024    10.757 r  i_carfield/hyp_clk_BUFG_inst/O
    X1Y2 (CLOCK_ROOT)    net (fo=1287, routed)        1.769    12.526    i_carfield/i_hyperbus_wrap/i_hyper_cdc_dst/i_cdc_fifo_gray_dst_aw/i_spill_register/spill_register_flushable_i/hyp_clk_BUFG
    SLICE_X30Y41         FDCE                                         r  i_carfield/i_hyperbus_wrap/i_hyper_cdc_dst/i_cdc_fifo_gray_dst_aw/i_spill_register/spill_register_flushable_i/gen_spill_reg.a_data_q_reg[len][3]/C
                         clock pessimism             -0.706    11.820    
                         inter-SLR compensation      -1.734    10.086    
                         clock uncertainty           -0.226     9.860    
    SLICE_X30Y41         FDCE (Setup_BFF_SLICEM_C_D)
                                                      0.025     9.885    i_carfield/i_hyperbus_wrap/i_hyper_cdc_dst/i_cdc_fifo_gray_dst_aw/i_spill_register/spill_register_flushable_i/gen_spill_reg.a_data_q_reg[len][3]
  -------------------------------------------------------------------
                         required time                          9.885    
                         arrival time                         -29.107    
  -------------------------------------------------------------------
                         slack                                -19.222    

Slack (VIOLATED) :        -19.217ns  (required time - arrival time)
  Source:                 i_carfield/i_cheshire_wrap/i_cheshire_ext_llc_cdc_src/i_cdc_fifo_gray_src_aw/gen_word[0].data_q_reg[0][addr][26]/C
                            (rising edge-triggered cell FDRE clocked by clk_50_xlnx_clk_wiz  {rise@0.000ns fall@10.000ns period=20.000ns})
  Destination:            i_carfield/i_hyperbus_wrap/i_hyper_cdc_dst/i_cdc_fifo_gray_dst_aw/i_spill_register/spill_register_flushable_i/gen_spill_reg.a_data_q_reg[addr][26]/D
                            (rising edge-triggered cell FDCE clocked by periph_domain_clk  {rise@0.000ns fall@50.000ns period=100.000ns})
  Path Group:             periph_domain_clk
  Path Type:              Setup (Max at Slow Process Corner)
  Requirement:            0.000ns  (MaxDelay Path 0.000ns)
  Data Path Delay:        23.943ns  (logic 0.178ns (0.743%)  route 23.765ns (99.257%))
  Logic Levels:           2  (LUT6=1 MUXF7=1)
  Clock Path Skew:        6.651ns (DCD - SCD + CPR)
    Destination Clock Delay (DCD):    12.457ns
    Source Clock Delay      (SCD):    5.100ns
    Clock Pessimism Removal (CPR):    -0.706ns
  Clock Uncertainty:      0.226ns  ((TSJ^2 + DJ^2)^1/2) / 2 + PE
    Total System Jitter     (TSJ):    0.071ns
    Discrete Jitter          (DJ):    0.199ns
    Phase Error              (PE):    0.120ns
  Inter-SLR Compensation: 1.724ns  ((DCD - CCD) * PF)
    Destination Clock Delay (DCD):    12.457ns
    Common Clock Delay      (CCD):    0.963ns
    Prorating Factor         (PF):    0.150
  Clock Net Delay (Source):      4.564ns (routing 2.719ns, distribution 1.845ns)
  Clock Net Delay (Destination): 1.700ns (routing 0.617ns, distribution 1.083ns)
  Timing Exception:       MaxDelay Path 0.000ns

    Location             Delay type                Incr(ns)  Path(ns)    Netlist Resource(s)
  -------------------------------------------------------------------    -------------------
                         (clock clk_50_xlnx_clk_wiz rise edge)
                                                      0.000     0.000 r  
    E12                  IBUFCTRL                     0.000     0.000 r  u_ibufg_sys_clk/IBUFCTRL_INST/O
                         net (fo=1, routed)           0.384     0.384    i_xlnx_clk_wiz/inst/clk_in1
    MMCM_X1Y12           MMCME4_ADV (Prop_MMCM_CLKIN1_CLKOUT1)
                                                     -0.127     0.257 r  i_xlnx_clk_wiz/inst/mmcme4_adv_inst/CLKOUT1
                         net (fo=1, routed)           0.251     0.508    i_xlnx_clk_wiz/inst/clk_50_xlnx_clk_wiz
    BUFGCE_X1Y298        BUFGCE (Prop_BUFCE_BUFGCE_I_O)
                                                      0.028     0.536 r  i_xlnx_clk_wiz/inst/clkout2_buf/O
    X2Y4 (CLOCK_ROOT)    net (fo=240101, routed)      4.564     5.100    i_carfield/i_cheshire_wrap/i_cheshire_ext_llc_cdc_src/i_cdc_fifo_gray_src_aw/host_clk_i
    SLR Crossing[2->0]   
    SLICE_X37Y42         FDRE                                         r  i_carfield/i_cheshire_wrap/i_cheshire_ext_llc_cdc_src/i_cdc_fifo_gray_src_aw/gen_word[0].data_q_reg[0][addr][26]/C
  -------------------------------------------------------------------    -------------------
    SLICE_X37Y42         FDRE (Prop_EFF_SLICEL_C_Q)
                                                      0.079     5.179 r  i_carfield/i_cheshire_wrap/i_cheshire_ext_llc_cdc_src/i_cdc_fifo_gray_src_aw/gen_word[0].data_q_reg[0][addr][26]/Q
                         net (fo=1, routed)          23.725    28.904    i_carfield/i_cheshire_wrap/i_cheshire_ext_llc_cdc_src/i_cdc_fifo_gray_src_aw/llc_aw_data[71]
    SLICE_X37Y45         LUT6 (Prop_D6LUT_SLICEL_I5_O)
                                                      0.036    28.940 r  i_carfield/i_cheshire_wrap/i_cheshire_ext_llc_cdc_src/i_cdc_fifo_gray_src_aw/gen_spill_reg.a_data_q[addr][26]_i_2__45/O
                         net (fo=1, routed)           0.009    28.949    i_carfield/i_cheshire_wrap/i_cheshire_ext_llc_cdc_src/i_cdc_fifo_gray_src_aw/gen_spill_reg.a_data_q[addr][26]_i_2__45_n_2
    SLICE_X37Y45         MUXF7 (Prop_F7MUX_CD_SLICEL_I0_O)
                                                      0.063    29.012 r  i_carfield/i_cheshire_wrap/i_cheshire_ext_llc_cdc_src/i_cdc_fifo_gray_src_aw/gen_spill_reg.a_data_q_reg[addr][26]_i_1__10/O
                         net (fo=1, routed)           0.031    29.043    i_carfield/i_hyperbus_wrap/i_hyper_cdc_dst/i_cdc_fifo_gray_dst_aw/i_spill_register/spill_register_flushable_i/gen_spill_reg.a_data_q_reg[addr][32]_0[26]
    SLICE_X37Y45         FDCE                                         r  i_carfield/i_hyperbus_wrap/i_hyper_cdc_dst/i_cdc_fifo_gray_dst_aw/i_spill_register/spill_register_flushable_i/gen_spill_reg.a_data_q_reg[addr][26]/D
  -------------------------------------------------------------------    -------------------

                         max delay                    0.000     0.000    
    E12                  IBUFCTRL                     0.000     0.000 r  u_ibufg_sys_clk/IBUFCTRL_INST/O
                         net (fo=1, routed)           0.333     0.333    i_xlnx_clk_wiz/inst/clk_in1
    MMCM_X1Y12           MMCME4_ADV (Prop_MMCM_CLKIN1_CLKOUT3)
                                                      0.630     0.963 r  i_xlnx_clk_wiz/inst/mmcme4_adv_inst/CLKOUT3
                         net (fo=1, routed)           0.225     1.188    i_xlnx_clk_wiz/inst/clk_10_xlnx_clk_wiz
    BUFGCE_X1Y311        BUFGCE (Prop_BUFCE_BUFGCE_I_O)
                                                      0.024     1.212 r  i_xlnx_clk_wiz/inst/clkout4_buf/O
                         net (fo=64, routed)          4.140     5.352    i_carfield/gen_domain_clock_mux[0].i_clk_mux/clks_i[2]
    SLR Crossing[2->1]   
    SLICE_X118Y302       LUT5 (Prop_G6LUT_SLICEL_I1_O)
                                                      0.057     5.409 r  i_carfield/gen_domain_clock_mux[0].i_clk_mux/clk_o_INST_0/O
                         net (fo=1, routed)           0.943     6.352    i_carfield/gen_domain_clock_mux[0].i_clk_mux/clk_o
    SLR Crossing[1->0]   
    BUFGCE_X1Y84         BUFGCE (Prop_BUFCE_BUFGCE_I_O)
                                                      0.024     6.376 r  i_carfield/gen_domain_clock_mux[0].i_clk_mux/clk_o_BUFG_inst/O
                         net (fo=115, routed)         2.627     9.003    i_carfield/gen_domain_clock_mux[0].i_clk_div/clk_o
    SLR Crossing[0->1]   
    SLICE_X61Y300        LUT5 (Prop_G6LUT_SLICEL_I3_O)
                                                      0.057     9.060 r  i_carfield/gen_domain_clock_mux[0].i_clk_div/n_1_1099782_BUFG_inst_i_1/O
                         net (fo=2, routed)           0.064     9.124    i_carfield/i_hyper_clk_div/n_1_1099782_BUFG_inst_n_2
    SLICE_X61Y300        LUT5 (Prop_E6LUT_SLICEL_I3_O)
                                                      0.082     9.206 r  i_carfield/i_hyper_clk_div/hyp_clk_BUFG_inst_i_1/O
                         net (fo=1, routed)           1.527    10.733    i_carfield/hyp_clk
    SLR Crossing[1->0]   
    BUFGCE_X0Y39         BUFGCE (Prop_BUFCE_BUFGCE_I_O)
                                                      0.024    10.757 r  i_carfield/hyp_clk_BUFG_inst/O
    X1Y2 (CLOCK_ROOT)    net (fo=1287, routed)        1.700    12.457    i_carfield/i_hyperbus_wrap/i_hyper_cdc_dst/i_cdc_fifo_gray_dst_aw/i_spill_register/spill_register_flushable_i/hyp_clk_BUFG
    SLICE_X37Y45         FDCE                                         r  i_carfield/i_hyperbus_wrap/i_hyper_cdc_dst/i_cdc_fifo_gray_dst_aw/i_spill_register/spill_register_flushable_i/gen_spill_reg.a_data_q_reg[addr][26]/C
                         clock pessimism             -0.706    11.751    
                         inter-SLR compensation      -1.724    10.027    
                         clock uncertainty           -0.226     9.801    
    SLICE_X37Y45         FDCE (Setup_DFF_SLICEL_C_D)
                                                      0.025     9.826    i_carfield/i_hyperbus_wrap/i_hyper_cdc_dst/i_cdc_fifo_gray_dst_aw/i_spill_register/spill_register_flushable_i/gen_spill_reg.a_data_q_reg[addr][26]
  -------------------------------------------------------------------
                         required time                          9.826    
                         arrival time                         -29.043    
  -------------------------------------------------------------------
                         slack                                -19.217    

Slack (VIOLATED) :        -19.217ns  (required time - arrival time)
  Source:                 i_carfield/i_cheshire_wrap/i_cheshire_ext_llc_cdc_src/i_cdc_fifo_gray_src_aw/gen_word[0].data_q_reg[0][addr][26]/C
                            (rising edge-triggered cell FDRE clocked by clk_50_xlnx_clk_wiz  {rise@0.000ns fall@10.000ns period=20.000ns})
  Destination:            i_carfield/i_hyperbus_wrap/i_hyper_cdc_dst/i_cdc_fifo_gray_dst_aw/i_spill_register/spill_register_flushable_i/gen_spill_reg.a_data_q_reg[addr][26]/D
                            (rising edge-triggered cell FDCE clocked by periph_domain_clk  {rise@0.000ns fall@50.000ns period=100.000ns})
  Path Group:             periph_domain_clk
  Path Type:              Setup (Max at Slow Process Corner)
  Requirement:            0.000ns  (MaxDelay Path 0.000ns)
  Data Path Delay:        23.943ns  (logic 0.178ns (0.743%)  route 23.765ns (99.257%))
  Logic Levels:           2  (LUT6=1 MUXF7=1)
  Clock Path Skew:        6.651ns (DCD - SCD + CPR)
    Destination Clock Delay (DCD):    12.457ns
    Source Clock Delay      (SCD):    5.100ns
    Clock Pessimism Removal (CPR):    -0.706ns
  Clock Uncertainty:      0.226ns  ((TSJ^2 + DJ^2)^1/2) / 2 + PE
    Total System Jitter     (TSJ):    0.071ns
    Discrete Jitter          (DJ):    0.199ns
    Phase Error              (PE):    0.120ns
  Inter-SLR Compensation: 1.724ns  ((DCD - CCD) * PF)
    Destination Clock Delay (DCD):    12.457ns
    Common Clock Delay      (CCD):    0.963ns
    Prorating Factor         (PF):    0.150
  Clock Net Delay (Source):      4.564ns (routing 2.719ns, distribution 1.845ns)
  Clock Net Delay (Destination): 1.700ns (routing 0.617ns, distribution 1.083ns)
  Timing Exception:       MaxDelay Path 0.000ns

    Location             Delay type                Incr(ns)  Path(ns)    Netlist Resource(s)
  -------------------------------------------------------------------    -------------------
                         (clock clk_50_xlnx_clk_wiz rise edge)
                                                      0.000     0.000 r  
    E12                  IBUFCTRL                     0.000     0.000 r  u_ibufg_sys_clk/IBUFCTRL_INST/O
                         net (fo=1, routed)           0.384     0.384    i_xlnx_clk_wiz/inst/clk_in1
    MMCM_X1Y12           MMCME4_ADV (Prop_MMCM_CLKIN1_CLKOUT1)
                                                     -0.127     0.257 r  i_xlnx_clk_wiz/inst/mmcme4_adv_inst/CLKOUT1
                         net (fo=1, routed)           0.251     0.508    i_xlnx_clk_wiz/inst/clk_50_xlnx_clk_wiz
    BUFGCE_X1Y298        BUFGCE (Prop_BUFCE_BUFGCE_I_O)
                                                      0.028     0.536 r  i_xlnx_clk_wiz/inst/clkout2_buf/O
    X2Y4 (CLOCK_ROOT)    net (fo=240101, routed)      4.564     5.100    i_carfield/i_cheshire_wrap/i_cheshire_ext_llc_cdc_src/i_cdc_fifo_gray_src_aw/host_clk_i
    SLR Crossing[2->0]   
    SLICE_X37Y42         FDRE                                         r  i_carfield/i_cheshire_wrap/i_cheshire_ext_llc_cdc_src/i_cdc_fifo_gray_src_aw/gen_word[0].data_q_reg[0][addr][26]/C
  -------------------------------------------------------------------    -------------------
    SLICE_X37Y42         FDRE (Prop_EFF_SLICEL_C_Q)
                                                      0.079     5.179 f  i_carfield/i_cheshire_wrap/i_cheshire_ext_llc_cdc_src/i_cdc_fifo_gray_src_aw/gen_word[0].data_q_reg[0][addr][26]/Q
                         net (fo=1, routed)          23.725    28.904    i_carfield/i_cheshire_wrap/i_cheshire_ext_llc_cdc_src/i_cdc_fifo_gray_src_aw/llc_aw_data[71]
    SLICE_X37Y45         LUT6 (Prop_D6LUT_SLICEL_I5_O)
                                                      0.036    28.940 f  i_carfield/i_cheshire_wrap/i_cheshire_ext_llc_cdc_src/i_cdc_fifo_gray_src_aw/gen_spill_reg.a_data_q[addr][26]_i_2__45/O
                         net (fo=1, routed)           0.009    28.949    i_carfield/i_cheshire_wrap/i_cheshire_ext_llc_cdc_src/i_cdc_fifo_gray_src_aw/gen_spill_reg.a_data_q[addr][26]_i_2__45_n_2
    SLICE_X37Y45         MUXF7 (Prop_F7MUX_CD_SLICEL_I0_O)
                                                      0.063    29.012 f  i_carfield/i_cheshire_wrap/i_cheshire_ext_llc_cdc_src/i_cdc_fifo_gray_src_aw/gen_spill_reg.a_data_q_reg[addr][26]_i_1__10/O
                         net (fo=1, routed)           0.031    29.043    i_carfield/i_hyperbus_wrap/i_hyper_cdc_dst/i_cdc_fifo_gray_dst_aw/i_spill_register/spill_register_flushable_i/gen_spill_reg.a_data_q_reg[addr][32]_0[26]
    SLICE_X37Y45         FDCE                                         f  i_carfield/i_hyperbus_wrap/i_hyper_cdc_dst/i_cdc_fifo_gray_dst_aw/i_spill_register/spill_register_flushable_i/gen_spill_reg.a_data_q_reg[addr][26]/D
  -------------------------------------------------------------------    -------------------

                         max delay                    0.000     0.000    
    E12                  IBUFCTRL                     0.000     0.000 r  u_ibufg_sys_clk/IBUFCTRL_INST/O
                         net (fo=1, routed)           0.333     0.333    i_xlnx_clk_wiz/inst/clk_in1
    MMCM_X1Y12           MMCME4_ADV (Prop_MMCM_CLKIN1_CLKOUT3)
                                                      0.630     0.963 r  i_xlnx_clk_wiz/inst/mmcme4_adv_inst/CLKOUT3
                         net (fo=1, routed)           0.225     1.188    i_xlnx_clk_wiz/inst/clk_10_xlnx_clk_wiz
    BUFGCE_X1Y311        BUFGCE (Prop_BUFCE_BUFGCE_I_O)
                                                      0.024     1.212 r  i_xlnx_clk_wiz/inst/clkout4_buf/O
                         net (fo=64, routed)          4.140     5.352    i_carfield/gen_domain_clock_mux[0].i_clk_mux/clks_i[2]
    SLR Crossing[2->1]   
    SLICE_X118Y302       LUT5 (Prop_G6LUT_SLICEL_I1_O)
                                                      0.057     5.409 r  i_carfield/gen_domain_clock_mux[0].i_clk_mux/clk_o_INST_0/O
                         net (fo=1, routed)           0.943     6.352    i_carfield/gen_domain_clock_mux[0].i_clk_mux/clk_o
    SLR Crossing[1->0]   
    BUFGCE_X1Y84         BUFGCE (Prop_BUFCE_BUFGCE_I_O)
                                                      0.024     6.376 r  i_carfield/gen_domain_clock_mux[0].i_clk_mux/clk_o_BUFG_inst/O
                         net (fo=115, routed)         2.627     9.003    i_carfield/gen_domain_clock_mux[0].i_clk_div/clk_o
    SLR Crossing[0->1]   
    SLICE_X61Y300        LUT5 (Prop_G6LUT_SLICEL_I3_O)
                                                      0.057     9.060 r  i_carfield/gen_domain_clock_mux[0].i_clk_div/n_1_1099782_BUFG_inst_i_1/O
                         net (fo=2, routed)           0.064     9.124    i_carfield/i_hyper_clk_div/n_1_1099782_BUFG_inst_n_2
    SLICE_X61Y300        LUT5 (Prop_E6LUT_SLICEL_I3_O)
                                                      0.082     9.206 r  i_carfield/i_hyper_clk_div/hyp_clk_BUFG_inst_i_1/O
                         net (fo=1, routed)           1.527    10.733    i_carfield/hyp_clk
    SLR Crossing[1->0]   
    BUFGCE_X0Y39         BUFGCE (Prop_BUFCE_BUFGCE_I_O)
                                                      0.024    10.757 r  i_carfield/hyp_clk_BUFG_inst/O
    X1Y2 (CLOCK_ROOT)    net (fo=1287, routed)        1.700    12.457    i_carfield/i_hyperbus_wrap/i_hyper_cdc_dst/i_cdc_fifo_gray_dst_aw/i_spill_register/spill_register_flushable_i/hyp_clk_BUFG
    SLICE_X37Y45         FDCE                                         r  i_carfield/i_hyperbus_wrap/i_hyper_cdc_dst/i_cdc_fifo_gray_dst_aw/i_spill_register/spill_register_flushable_i/gen_spill_reg.a_data_q_reg[addr][26]/C
                         clock pessimism             -0.706    11.751    
                         inter-SLR compensation      -1.724    10.027    
                         clock uncertainty           -0.226     9.801    
    SLICE_X37Y45         FDCE (Setup_DFF_SLICEL_C_D)
                                                      0.025     9.826    i_carfield/i_hyperbus_wrap/i_hyper_cdc_dst/i_cdc_fifo_gray_dst_aw/i_spill_register/spill_register_flushable_i/gen_spill_reg.a_data_q_reg[addr][26]
  -------------------------------------------------------------------
                         required time                          9.826    
                         arrival time                         -29.043    
  -------------------------------------------------------------------
                         slack                                -19.217    

Slack (VIOLATED) :        -19.210ns  (required time - arrival time)
  Source:                 i_carfield/i_cheshire_wrap/i_cheshire_ext_llc_cdc_src/i_cdc_fifo_gray_src_aw/gen_word[7].data_q_reg[7][addr][30]/C
                            (rising edge-triggered cell FDRE clocked by clk_50_xlnx_clk_wiz  {rise@0.000ns fall@10.000ns period=20.000ns})
  Destination:            i_carfield/i_hyperbus_wrap/i_hyper_cdc_dst/i_cdc_fifo_gray_dst_aw/i_spill_register/spill_register_flushable_i/gen_spill_reg.a_data_q_reg[addr][30]/D
                            (rising edge-triggered cell FDCE clocked by periph_domain_clk  {rise@0.000ns fall@50.000ns period=100.000ns})
  Path Group:             periph_domain_clk
  Path Type:              Setup (Max at Slow Process Corner)
  Requirement:            0.000ns  (MaxDelay Path 0.000ns)
  Data Path Delay:        23.946ns  (logic 0.241ns (1.006%)  route 23.705ns (98.994%))
  Logic Levels:           2  (LUT6=1 MUXF7=1)
  Clock Path Skew:        6.674ns (DCD - SCD + CPR)
    Destination Clock Delay (DCD):    12.546ns
    Source Clock Delay      (SCD):    5.166ns
    Clock Pessimism Removal (CPR):    -0.706ns
  Clock Uncertainty:      0.226ns  ((TSJ^2 + DJ^2)^1/2) / 2 + PE
    Total System Jitter     (TSJ):    0.071ns
    Discrete Jitter          (DJ):    0.199ns
    Phase Error              (PE):    0.120ns
  Inter-SLR Compensation: 1.737ns  ((DCD - CCD) * PF)
    Destination Clock Delay (DCD):    12.546ns
    Common Clock Delay      (CCD):    0.963ns
    Prorating Factor         (PF):    0.150
  Clock Net Delay (Source):      4.630ns (routing 2.719ns, distribution 1.911ns)
  Clock Net Delay (Destination): 1.789ns (routing 0.617ns, distribution 1.172ns)
  Timing Exception:       MaxDelay Path 0.000ns

    Location             Delay type                Incr(ns)  Path(ns)    Netlist Resource(s)
  -------------------------------------------------------------------    -------------------
                         (clock clk_50_xlnx_clk_wiz rise edge)
                                                      0.000     0.000 r  
    E12                  IBUFCTRL                     0.000     0.000 r  u_ibufg_sys_clk/IBUFCTRL_INST/O
                         net (fo=1, routed)           0.384     0.384    i_xlnx_clk_wiz/inst/clk_in1
    MMCM_X1Y12           MMCME4_ADV (Prop_MMCM_CLKIN1_CLKOUT1)
                                                     -0.127     0.257 r  i_xlnx_clk_wiz/inst/mmcme4_adv_inst/CLKOUT1
                         net (fo=1, routed)           0.251     0.508    i_xlnx_clk_wiz/inst/clk_50_xlnx_clk_wiz
    BUFGCE_X1Y298        BUFGCE (Prop_BUFCE_BUFGCE_I_O)
                                                      0.028     0.536 r  i_xlnx_clk_wiz/inst/clkout2_buf/O
    X2Y4 (CLOCK_ROOT)    net (fo=240101, routed)      4.630     5.166    i_carfield/i_cheshire_wrap/i_cheshire_ext_llc_cdc_src/i_cdc_fifo_gray_src_aw/host_clk_i
    SLR Crossing[2->0]   
    SLICE_X28Y46         FDRE                                         r  i_carfield/i_cheshire_wrap/i_cheshire_ext_llc_cdc_src/i_cdc_fifo_gray_src_aw/gen_word[7].data_q_reg[7][addr][30]/C
  -------------------------------------------------------------------    -------------------
    SLICE_X28Y46         FDRE (Prop_AFF2_SLICEL_C_Q)
                                                      0.081     5.247 r  i_carfield/i_cheshire_wrap/i_cheshire_ext_llc_cdc_src/i_cdc_fifo_gray_src_aw/gen_word[7].data_q_reg[7][addr][30]/Q
                         net (fo=1, routed)          23.664    28.911    i_carfield/i_cheshire_wrap/i_cheshire_ext_llc_cdc_src/i_cdc_fifo_gray_src_aw/llc_aw_data[768]
    SLICE_X26Y45         LUT6 (Prop_C6LUT_SLICEL_I0_O)
                                                      0.096    29.007 r  i_carfield/i_cheshire_wrap/i_cheshire_ext_llc_cdc_src/i_cdc_fifo_gray_src_aw/gen_spill_reg.a_data_q[addr][30]_i_3__23/O
                         net (fo=1, routed)           0.010    29.017    i_carfield/i_cheshire_wrap/i_cheshire_ext_llc_cdc_src/i_cdc_fifo_gray_src_aw/gen_spill_reg.a_data_q[addr][30]_i_3__23_n_2
    SLICE_X26Y45         MUXF7 (Prop_F7MUX_CD_SLICEL_I1_O)
                                                      0.064    29.081 r  i_carfield/i_cheshire_wrap/i_cheshire_ext_llc_cdc_src/i_cdc_fifo_gray_src_aw/gen_spill_reg.a_data_q_reg[addr][30]_i_1__10/O
                         net (fo=1, routed)           0.031    29.112    i_carfield/i_hyperbus_wrap/i_hyper_cdc_dst/i_cdc_fifo_gray_dst_aw/i_spill_register/spill_register_flushable_i/gen_spill_reg.a_data_q_reg[addr][32]_0[30]
    SLICE_X26Y45         FDCE                                         r  i_carfield/i_hyperbus_wrap/i_hyper_cdc_dst/i_cdc_fifo_gray_dst_aw/i_spill_register/spill_register_flushable_i/gen_spill_reg.a_data_q_reg[addr][30]/D
  -------------------------------------------------------------------    -------------------

                         max delay                    0.000     0.000    
    E12                  IBUFCTRL                     0.000     0.000 r  u_ibufg_sys_clk/IBUFCTRL_INST/O
                         net (fo=1, routed)           0.333     0.333    i_xlnx_clk_wiz/inst/clk_in1
    MMCM_X1Y12           MMCME4_ADV (Prop_MMCM_CLKIN1_CLKOUT3)
                                                      0.630     0.963 r  i_xlnx_clk_wiz/inst/mmcme4_adv_inst/CLKOUT3
                         net (fo=1, routed)           0.225     1.188    i_xlnx_clk_wiz/inst/clk_10_xlnx_clk_wiz
    BUFGCE_X1Y311        BUFGCE (Prop_BUFCE_BUFGCE_I_O)
                                                      0.024     1.212 r  i_xlnx_clk_wiz/inst/clkout4_buf/O
                         net (fo=64, routed)          4.140     5.352    i_carfield/gen_domain_clock_mux[0].i_clk_mux/clks_i[2]
    SLR Crossing[2->1]   
    SLICE_X118Y302       LUT5 (Prop_G6LUT_SLICEL_I1_O)
                                                      0.057     5.409 r  i_carfield/gen_domain_clock_mux[0].i_clk_mux/clk_o_INST_0/O
                         net (fo=1, routed)           0.943     6.352    i_carfield/gen_domain_clock_mux[0].i_clk_mux/clk_o
    SLR Crossing[1->0]   
    BUFGCE_X1Y84         BUFGCE (Prop_BUFCE_BUFGCE_I_O)
                                                      0.024     6.376 r  i_carfield/gen_domain_clock_mux[0].i_clk_mux/clk_o_BUFG_inst/O
                         net (fo=115, routed)         2.627     9.003    i_carfield/gen_domain_clock_mux[0].i_clk_div/clk_o
    SLR Crossing[0->1]   
    SLICE_X61Y300        LUT5 (Prop_G6LUT_SLICEL_I3_O)
                                                      0.057     9.060 r  i_carfield/gen_domain_clock_mux[0].i_clk_div/n_1_1099782_BUFG_inst_i_1/O
                         net (fo=2, routed)           0.064     9.124    i_carfield/i_hyper_clk_div/n_1_1099782_BUFG_inst_n_2
    SLICE_X61Y300        LUT5 (Prop_E6LUT_SLICEL_I3_O)
                                                      0.082     9.206 r  i_carfield/i_hyper_clk_div/hyp_clk_BUFG_inst_i_1/O
                         net (fo=1, routed)           1.527    10.733    i_carfield/hyp_clk
    SLR Crossing[1->0]   
    BUFGCE_X0Y39         BUFGCE (Prop_BUFCE_BUFGCE_I_O)
                                                      0.024    10.757 r  i_carfield/hyp_clk_BUFG_inst/O
    X1Y2 (CLOCK_ROOT)    net (fo=1287, routed)        1.789    12.546    i_carfield/i_hyperbus_wrap/i_hyper_cdc_dst/i_cdc_fifo_gray_dst_aw/i_spill_register/spill_register_flushable_i/hyp_clk_BUFG
    SLICE_X26Y45         FDCE                                         r  i_carfield/i_hyperbus_wrap/i_hyper_cdc_dst/i_cdc_fifo_gray_dst_aw/i_spill_register/spill_register_flushable_i/gen_spill_reg.a_data_q_reg[addr][30]/C
                         clock pessimism             -0.706    11.840    
                         inter-SLR compensation      -1.737    10.103    
                         clock uncertainty           -0.226     9.877    
    SLICE_X26Y45         FDCE (Setup_DFF_SLICEL_C_D)
                                                      0.025     9.902    i_carfield/i_hyperbus_wrap/i_hyper_cdc_dst/i_cdc_fifo_gray_dst_aw/i_spill_register/spill_register_flushable_i/gen_spill_reg.a_data_q_reg[addr][30]
  -------------------------------------------------------------------
                         required time                          9.902    
                         arrival time                         -29.112    
  -------------------------------------------------------------------
                         slack                                -19.210    

Slack (VIOLATED) :        -19.210ns  (required time - arrival time)
  Source:                 i_carfield/i_cheshire_wrap/i_cheshire_ext_llc_cdc_src/i_cdc_fifo_gray_src_aw/gen_word[7].data_q_reg[7][addr][30]/C
                            (rising edge-triggered cell FDRE clocked by clk_50_xlnx_clk_wiz  {rise@0.000ns fall@10.000ns period=20.000ns})
  Destination:            i_carfield/i_hyperbus_wrap/i_hyper_cdc_dst/i_cdc_fifo_gray_dst_aw/i_spill_register/spill_register_flushable_i/gen_spill_reg.a_data_q_reg[addr][30]/D
                            (rising edge-triggered cell FDCE clocked by periph_domain_clk  {rise@0.000ns fall@50.000ns period=100.000ns})
  Path Group:             periph_domain_clk
  Path Type:              Setup (Max at Slow Process Corner)
  Requirement:            0.000ns  (MaxDelay Path 0.000ns)
  Data Path Delay:        23.946ns  (logic 0.241ns (1.006%)  route 23.705ns (98.994%))
  Logic Levels:           2  (LUT6=1 MUXF7=1)
  Clock Path Skew:        6.674ns (DCD - SCD + CPR)
    Destination Clock Delay (DCD):    12.546ns
    Source Clock Delay      (SCD):    5.166ns
    Clock Pessimism Removal (CPR):    -0.706ns
  Clock Uncertainty:      0.226ns  ((TSJ^2 + DJ^2)^1/2) / 2 + PE
    Total System Jitter     (TSJ):    0.071ns
    Discrete Jitter          (DJ):    0.199ns
    Phase Error              (PE):    0.120ns
  Inter-SLR Compensation: 1.737ns  ((DCD - CCD) * PF)
    Destination Clock Delay (DCD):    12.546ns
    Common Clock Delay      (CCD):    0.963ns
    Prorating Factor         (PF):    0.150
  Clock Net Delay (Source):      4.630ns (routing 2.719ns, distribution 1.911ns)
  Clock Net Delay (Destination): 1.789ns (routing 0.617ns, distribution 1.172ns)
  Timing Exception:       MaxDelay Path 0.000ns

    Location             Delay type                Incr(ns)  Path(ns)    Netlist Resource(s)
  -------------------------------------------------------------------    -------------------
                         (clock clk_50_xlnx_clk_wiz rise edge)
                                                      0.000     0.000 r  
    E12                  IBUFCTRL                     0.000     0.000 r  u_ibufg_sys_clk/IBUFCTRL_INST/O
                         net (fo=1, routed)           0.384     0.384    i_xlnx_clk_wiz/inst/clk_in1
    MMCM_X1Y12           MMCME4_ADV (Prop_MMCM_CLKIN1_CLKOUT1)
                                                     -0.127     0.257 r  i_xlnx_clk_wiz/inst/mmcme4_adv_inst/CLKOUT1
                         net (fo=1, routed)           0.251     0.508    i_xlnx_clk_wiz/inst/clk_50_xlnx_clk_wiz
    BUFGCE_X1Y298        BUFGCE (Prop_BUFCE_BUFGCE_I_O)
                                                      0.028     0.536 r  i_xlnx_clk_wiz/inst/clkout2_buf/O
    X2Y4 (CLOCK_ROOT)    net (fo=240101, routed)      4.630     5.166    i_carfield/i_cheshire_wrap/i_cheshire_ext_llc_cdc_src/i_cdc_fifo_gray_src_aw/host_clk_i
    SLR Crossing[2->0]   
    SLICE_X28Y46         FDRE                                         r  i_carfield/i_cheshire_wrap/i_cheshire_ext_llc_cdc_src/i_cdc_fifo_gray_src_aw/gen_word[7].data_q_reg[7][addr][30]/C
  -------------------------------------------------------------------    -------------------
    SLICE_X28Y46         FDRE (Prop_AFF2_SLICEL_C_Q)
                                                      0.081     5.247 f  i_carfield/i_cheshire_wrap/i_cheshire_ext_llc_cdc_src/i_cdc_fifo_gray_src_aw/gen_word[7].data_q_reg[7][addr][30]/Q
                         net (fo=1, routed)          23.664    28.911    i_carfield/i_cheshire_wrap/i_cheshire_ext_llc_cdc_src/i_cdc_fifo_gray_src_aw/llc_aw_data[768]
    SLICE_X26Y45         LUT6 (Prop_C6LUT_SLICEL_I0_O)
                                                      0.096    29.007 f  i_carfield/i_cheshire_wrap/i_cheshire_ext_llc_cdc_src/i_cdc_fifo_gray_src_aw/gen_spill_reg.a_data_q[addr][30]_i_3__23/O
                         net (fo=1, routed)           0.010    29.017    i_carfield/i_cheshire_wrap/i_cheshire_ext_llc_cdc_src/i_cdc_fifo_gray_src_aw/gen_spill_reg.a_data_q[addr][30]_i_3__23_n_2
    SLICE_X26Y45         MUXF7 (Prop_F7MUX_CD_SLICEL_I1_O)
                                                      0.064    29.081 f  i_carfield/i_cheshire_wrap/i_cheshire_ext_llc_cdc_src/i_cdc_fifo_gray_src_aw/gen_spill_reg.a_data_q_reg[addr][30]_i_1__10/O
                         net (fo=1, routed)           0.031    29.112    i_carfield/i_hyperbus_wrap/i_hyper_cdc_dst/i_cdc_fifo_gray_dst_aw/i_spill_register/spill_register_flushable_i/gen_spill_reg.a_data_q_reg[addr][32]_0[30]
    SLICE_X26Y45         FDCE                                         f  i_carfield/i_hyperbus_wrap/i_hyper_cdc_dst/i_cdc_fifo_gray_dst_aw/i_spill_register/spill_register_flushable_i/gen_spill_reg.a_data_q_reg[addr][30]/D
  -------------------------------------------------------------------    -------------------

                         max delay                    0.000     0.000    
    E12                  IBUFCTRL                     0.000     0.000 r  u_ibufg_sys_clk/IBUFCTRL_INST/O
                         net (fo=1, routed)           0.333     0.333    i_xlnx_clk_wiz/inst/clk_in1
    MMCM_X1Y12           MMCME4_ADV (Prop_MMCM_CLKIN1_CLKOUT3)
                                                      0.630     0.963 r  i_xlnx_clk_wiz/inst/mmcme4_adv_inst/CLKOUT3
                         net (fo=1, routed)           0.225     1.188    i_xlnx_clk_wiz/inst/clk_10_xlnx_clk_wiz
    BUFGCE_X1Y311        BUFGCE (Prop_BUFCE_BUFGCE_I_O)
                                                      0.024     1.212 r  i_xlnx_clk_wiz/inst/clkout4_buf/O
                         net (fo=64, routed)          4.140     5.352    i_carfield/gen_domain_clock_mux[0].i_clk_mux/clks_i[2]
    SLR Crossing[2->1]   
    SLICE_X118Y302       LUT5 (Prop_G6LUT_SLICEL_I1_O)
                                                      0.057     5.409 r  i_carfield/gen_domain_clock_mux[0].i_clk_mux/clk_o_INST_0/O
                         net (fo=1, routed)           0.943     6.352    i_carfield/gen_domain_clock_mux[0].i_clk_mux/clk_o
    SLR Crossing[1->0]   
    BUFGCE_X1Y84         BUFGCE (Prop_BUFCE_BUFGCE_I_O)
                                                      0.024     6.376 r  i_carfield/gen_domain_clock_mux[0].i_clk_mux/clk_o_BUFG_inst/O
                         net (fo=115, routed)         2.627     9.003    i_carfield/gen_domain_clock_mux[0].i_clk_div/clk_o
    SLR Crossing[0->1]   
    SLICE_X61Y300        LUT5 (Prop_G6LUT_SLICEL_I3_O)
                                                      0.057     9.060 r  i_carfield/gen_domain_clock_mux[0].i_clk_div/n_1_1099782_BUFG_inst_i_1/O
                         net (fo=2, routed)           0.064     9.124    i_carfield/i_hyper_clk_div/n_1_1099782_BUFG_inst_n_2
    SLICE_X61Y300        LUT5 (Prop_E6LUT_SLICEL_I3_O)
                                                      0.082     9.206 r  i_carfield/i_hyper_clk_div/hyp_clk_BUFG_inst_i_1/O
                         net (fo=1, routed)           1.527    10.733    i_carfield/hyp_clk
    SLR Crossing[1->0]   
    BUFGCE_X0Y39         BUFGCE (Prop_BUFCE_BUFGCE_I_O)
                                                      0.024    10.757 r  i_carfield/hyp_clk_BUFG_inst/O
    X1Y2 (CLOCK_ROOT)    net (fo=1287, routed)        1.789    12.546    i_carfield/i_hyperbus_wrap/i_hyper_cdc_dst/i_cdc_fifo_gray_dst_aw/i_spill_register/spill_register_flushable_i/hyp_clk_BUFG
    SLICE_X26Y45         FDCE                                         r  i_carfield/i_hyperbus_wrap/i_hyper_cdc_dst/i_cdc_fifo_gray_dst_aw/i_spill_register/spill_register_flushable_i/gen_spill_reg.a_data_q_reg[addr][30]/C
                         clock pessimism             -0.706    11.840    
                         inter-SLR compensation      -1.737    10.103    
                         clock uncertainty           -0.226     9.877    
    SLICE_X26Y45         FDCE (Setup_DFF_SLICEL_C_D)
                                                      0.025     9.902    i_carfield/i_hyperbus_wrap/i_hyper_cdc_dst/i_cdc_fifo_gray_dst_aw/i_spill_register/spill_register_flushable_i/gen_spill_reg.a_data_q_reg[addr][30]
  -------------------------------------------------------------------
                         required time                          9.902    
                         arrival time                         -29.112    
  -------------------------------------------------------------------
                         slack                                -19.210    

Slack (VIOLATED) :        -19.200ns  (required time - arrival time)
  Source:                 i_carfield/i_cheshire_wrap/i_cheshire_ext_llc_cdc_src/i_cdc_fifo_gray_src_ar/gen_word[5].data_q_reg[5][addr][5]/C
                            (rising edge-triggered cell FDRE clocked by clk_50_xlnx_clk_wiz  {rise@0.000ns fall@10.000ns period=20.000ns})
  Destination:            i_carfield/i_hyperbus_wrap/i_hyper_cdc_dst/i_cdc_fifo_gray_dst_ar/i_spill_register/spill_register_flushable_i/gen_spill_reg.a_data_q_reg[addr][5]/D
                            (rising edge-triggered cell FDCE clocked by periph_domain_clk  {rise@0.000ns fall@50.000ns period=100.000ns})
  Path Group:             periph_domain_clk
  Path Type:              Setup (Max at Slow Process Corner)
  Requirement:            0.000ns  (MaxDelay Path 0.000ns)
  Data Path Delay:        23.917ns  (logic 0.193ns (0.807%)  route 23.724ns (99.193%))
  Logic Levels:           2  (LUT6=1 MUXF7=1)
  Clock Path Skew:        6.661ns (DCD - SCD + CPR)
    Destination Clock Delay (DCD):    12.587ns
    Source Clock Delay      (SCD):    5.220ns
    Clock Pessimism Removal (CPR):    -0.706ns
  Clock Uncertainty:      0.226ns  ((TSJ^2 + DJ^2)^1/2) / 2 + PE
    Total System Jitter     (TSJ):    0.071ns
    Discrete Jitter          (DJ):    0.199ns
    Phase Error              (PE):    0.120ns
  Inter-SLR Compensation: 1.744ns  ((DCD - CCD) * PF)
    Destination Clock Delay (DCD):    12.587ns
    Common Clock Delay      (CCD):    0.963ns
    Prorating Factor         (PF):    0.150
  Clock Net Delay (Source):      4.684ns (routing 2.719ns, distribution 1.965ns)
  Clock Net Delay (Destination): 1.830ns (routing 0.617ns, distribution 1.213ns)
  Timing Exception:       MaxDelay Path 0.000ns

    Location             Delay type                Incr(ns)  Path(ns)    Netlist Resource(s)
  -------------------------------------------------------------------    -------------------
                         (clock clk_50_xlnx_clk_wiz rise edge)
                                                      0.000     0.000 r  
    E12                  IBUFCTRL                     0.000     0.000 r  u_ibufg_sys_clk/IBUFCTRL_INST/O
                         net (fo=1, routed)           0.384     0.384    i_xlnx_clk_wiz/inst/clk_in1
    MMCM_X1Y12           MMCME4_ADV (Prop_MMCM_CLKIN1_CLKOUT1)
                                                     -0.127     0.257 r  i_xlnx_clk_wiz/inst/mmcme4_adv_inst/CLKOUT1
                         net (fo=1, routed)           0.251     0.508    i_xlnx_clk_wiz/inst/clk_50_xlnx_clk_wiz
    BUFGCE_X1Y298        BUFGCE (Prop_BUFCE_BUFGCE_I_O)
                                                      0.028     0.536 r  i_xlnx_clk_wiz/inst/clkout2_buf/O
    X2Y4 (CLOCK_ROOT)    net (fo=240101, routed)      4.684     5.220    i_carfield/i_cheshire_wrap/i_cheshire_ext_llc_cdc_src/i_cdc_fifo_gray_src_ar/host_clk_i
    SLR Crossing[2->0]   
    SLICE_X13Y38         FDRE                                         r  i_carfield/i_cheshire_wrap/i_cheshire_ext_llc_cdc_src/i_cdc_fifo_gray_src_ar/gen_word[5].data_q_reg[5][addr][5]/C
  -------------------------------------------------------------------    -------------------
    SLICE_X13Y38         FDRE (Prop_AFF2_SLICEM_C_Q)
                                                      0.080     5.300 r  i_carfield/i_cheshire_wrap/i_cheshire_ext_llc_cdc_src/i_cdc_fifo_gray_src_ar/gen_word[5].data_q_reg[5][addr][5]/Q
                         net (fo=1, routed)          23.685    28.985    i_carfield/i_cheshire_wrap/i_cheshire_ext_llc_cdc_src/i_cdc_fifo_gray_src_ar/llc_ar_data[509]
    SLICE_X12Y37         LUT6 (Prop_G6LUT_SLICEL_I3_O)
                                                      0.050    29.035 r  i_carfield/i_cheshire_wrap/i_cheshire_ext_llc_cdc_src/i_cdc_fifo_gray_src_ar/gen_spill_reg.a_data_q[addr][5]_i_3__29/O
                         net (fo=1, routed)           0.008    29.043    i_carfield/i_cheshire_wrap/i_cheshire_ext_llc_cdc_src/i_cdc_fifo_gray_src_ar/gen_spill_reg.a_data_q[addr][5]_i_3__29_n_2
    SLICE_X12Y37         MUXF7 (Prop_F7MUX_GH_SLICEL_I1_O)
                                                      0.063    29.106 r  i_carfield/i_cheshire_wrap/i_cheshire_ext_llc_cdc_src/i_cdc_fifo_gray_src_ar/gen_spill_reg.a_data_q_reg[addr][5]_i_1__11/O
                         net (fo=1, routed)           0.031    29.137    i_carfield/i_hyperbus_wrap/i_hyper_cdc_dst/i_cdc_fifo_gray_dst_ar/i_spill_register/spill_register_flushable_i/gen_spill_reg.a_data_q_reg[addr][32]_0[5]
    SLICE_X12Y37         FDCE                                         r  i_carfield/i_hyperbus_wrap/i_hyper_cdc_dst/i_cdc_fifo_gray_dst_ar/i_spill_register/spill_register_flushable_i/gen_spill_reg.a_data_q_reg[addr][5]/D
  -------------------------------------------------------------------    -------------------

                         max delay                    0.000     0.000    
    E12                  IBUFCTRL                     0.000     0.000 r  u_ibufg_sys_clk/IBUFCTRL_INST/O
                         net (fo=1, routed)           0.333     0.333    i_xlnx_clk_wiz/inst/clk_in1
    MMCM_X1Y12           MMCME4_ADV (Prop_MMCM_CLKIN1_CLKOUT3)
                                                      0.630     0.963 r  i_xlnx_clk_wiz/inst/mmcme4_adv_inst/CLKOUT3
                         net (fo=1, routed)           0.225     1.188    i_xlnx_clk_wiz/inst/clk_10_xlnx_clk_wiz
    BUFGCE_X1Y311        BUFGCE (Prop_BUFCE_BUFGCE_I_O)
                                                      0.024     1.212 r  i_xlnx_clk_wiz/inst/clkout4_buf/O
                         net (fo=64, routed)          4.140     5.352    i_carfield/gen_domain_clock_mux[0].i_clk_mux/clks_i[2]
    SLR Crossing[2->1]   
    SLICE_X118Y302       LUT5 (Prop_G6LUT_SLICEL_I1_O)
                                                      0.057     5.409 r  i_carfield/gen_domain_clock_mux[0].i_clk_mux/clk_o_INST_0/O
                         net (fo=1, routed)           0.943     6.352    i_carfield/gen_domain_clock_mux[0].i_clk_mux/clk_o
    SLR Crossing[1->0]   
    BUFGCE_X1Y84         BUFGCE (Prop_BUFCE_BUFGCE_I_O)
                                                      0.024     6.376 r  i_carfield/gen_domain_clock_mux[0].i_clk_mux/clk_o_BUFG_inst/O
                         net (fo=115, routed)         2.627     9.003    i_carfield/gen_domain_clock_mux[0].i_clk_div/clk_o
    SLR Crossing[0->1]   
    SLICE_X61Y300        LUT5 (Prop_G6LUT_SLICEL_I3_O)
                                                      0.057     9.060 r  i_carfield/gen_domain_clock_mux[0].i_clk_div/n_1_1099782_BUFG_inst_i_1/O
                         net (fo=2, routed)           0.064     9.124    i_carfield/i_hyper_clk_div/n_1_1099782_BUFG_inst_n_2
    SLICE_X61Y300        LUT5 (Prop_E6LUT_SLICEL_I3_O)
                                                      0.082     9.206 r  i_carfield/i_hyper_clk_div/hyp_clk_BUFG_inst_i_1/O
                         net (fo=1, routed)           1.527    10.733    i_carfield/hyp_clk
    SLR Crossing[1->0]   
    BUFGCE_X0Y39         BUFGCE (Prop_BUFCE_BUFGCE_I_O)
                                                      0.024    10.757 r  i_carfield/hyp_clk_BUFG_inst/O
    X1Y2 (CLOCK_ROOT)    net (fo=1287, routed)        1.830    12.587    i_carfield/i_hyperbus_wrap/i_hyper_cdc_dst/i_cdc_fifo_gray_dst_ar/i_spill_register/spill_register_flushable_i/hyp_clk_BUFG
    SLICE_X12Y37         FDCE                                         r  i_carfield/i_hyperbus_wrap/i_hyper_cdc_dst/i_cdc_fifo_gray_dst_ar/i_spill_register/spill_register_flushable_i/gen_spill_reg.a_data_q_reg[addr][5]/C
                         clock pessimism             -0.706    11.881    
                         inter-SLR compensation      -1.744    10.137    
                         clock uncertainty           -0.226     9.912    
    SLICE_X12Y37         FDCE (Setup_HFF_SLICEL_C_D)
                                                      0.025     9.937    i_carfield/i_hyperbus_wrap/i_hyper_cdc_dst/i_cdc_fifo_gray_dst_ar/i_spill_register/spill_register_flushable_i/gen_spill_reg.a_data_q_reg[addr][5]
  -------------------------------------------------------------------
                         required time                          9.937    
                         arrival time                         -29.137    
  -------------------------------------------------------------------
                         slack                                -19.200    

Slack (VIOLATED) :        -19.200ns  (required time - arrival time)
  Source:                 i_carfield/i_cheshire_wrap/i_cheshire_ext_llc_cdc_src/i_cdc_fifo_gray_src_ar/gen_word[5].data_q_reg[5][addr][5]/C
                            (rising edge-triggered cell FDRE clocked by clk_50_xlnx_clk_wiz  {rise@0.000ns fall@10.000ns period=20.000ns})
  Destination:            i_carfield/i_hyperbus_wrap/i_hyper_cdc_dst/i_cdc_fifo_gray_dst_ar/i_spill_register/spill_register_flushable_i/gen_spill_reg.a_data_q_reg[addr][5]/D
                            (rising edge-triggered cell FDCE clocked by periph_domain_clk  {rise@0.000ns fall@50.000ns period=100.000ns})
  Path Group:             periph_domain_clk
  Path Type:              Setup (Max at Slow Process Corner)
  Requirement:            0.000ns  (MaxDelay Path 0.000ns)
  Data Path Delay:        23.917ns  (logic 0.193ns (0.807%)  route 23.724ns (99.193%))
  Logic Levels:           2  (LUT6=1 MUXF7=1)
  Clock Path Skew:        6.661ns (DCD - SCD + CPR)
    Destination Clock Delay (DCD):    12.587ns
    Source Clock Delay      (SCD):    5.220ns
    Clock Pessimism Removal (CPR):    -0.706ns
  Clock Uncertainty:      0.226ns  ((TSJ^2 + DJ^2)^1/2) / 2 + PE
    Total System Jitter     (TSJ):    0.071ns
    Discrete Jitter          (DJ):    0.199ns
    Phase Error              (PE):    0.120ns
  Inter-SLR Compensation: 1.744ns  ((DCD - CCD) * PF)
    Destination Clock Delay (DCD):    12.587ns
    Common Clock Delay      (CCD):    0.963ns
    Prorating Factor         (PF):    0.150
  Clock Net Delay (Source):      4.684ns (routing 2.719ns, distribution 1.965ns)
  Clock Net Delay (Destination): 1.830ns (routing 0.617ns, distribution 1.213ns)
  Timing Exception:       MaxDelay Path 0.000ns

    Location             Delay type                Incr(ns)  Path(ns)    Netlist Resource(s)
  -------------------------------------------------------------------    -------------------
                         (clock clk_50_xlnx_clk_wiz rise edge)
                                                      0.000     0.000 r  
    E12                  IBUFCTRL                     0.000     0.000 r  u_ibufg_sys_clk/IBUFCTRL_INST/O
                         net (fo=1, routed)           0.384     0.384    i_xlnx_clk_wiz/inst/clk_in1
    MMCM_X1Y12           MMCME4_ADV (Prop_MMCM_CLKIN1_CLKOUT1)
                                                     -0.127     0.257 r  i_xlnx_clk_wiz/inst/mmcme4_adv_inst/CLKOUT1
                         net (fo=1, routed)           0.251     0.508    i_xlnx_clk_wiz/inst/clk_50_xlnx_clk_wiz
    BUFGCE_X1Y298        BUFGCE (Prop_BUFCE_BUFGCE_I_O)
                                                      0.028     0.536 r  i_xlnx_clk_wiz/inst/clkout2_buf/O
    X2Y4 (CLOCK_ROOT)    net (fo=240101, routed)      4.684     5.220    i_carfield/i_cheshire_wrap/i_cheshire_ext_llc_cdc_src/i_cdc_fifo_gray_src_ar/host_clk_i
    SLR Crossing[2->0]   
    SLICE_X13Y38         FDRE                                         r  i_carfield/i_cheshire_wrap/i_cheshire_ext_llc_cdc_src/i_cdc_fifo_gray_src_ar/gen_word[5].data_q_reg[5][addr][5]/C
  -------------------------------------------------------------------    -------------------
    SLICE_X13Y38         FDRE (Prop_AFF2_SLICEM_C_Q)
                                                      0.080     5.300 f  i_carfield/i_cheshire_wrap/i_cheshire_ext_llc_cdc_src/i_cdc_fifo_gray_src_ar/gen_word[5].data_q_reg[5][addr][5]/Q
                         net (fo=1, routed)          23.685    28.985    i_carfield/i_cheshire_wrap/i_cheshire_ext_llc_cdc_src/i_cdc_fifo_gray_src_ar/llc_ar_data[509]
    SLICE_X12Y37         LUT6 (Prop_G6LUT_SLICEL_I3_O)
                                                      0.050    29.035 f  i_carfield/i_cheshire_wrap/i_cheshire_ext_llc_cdc_src/i_cdc_fifo_gray_src_ar/gen_spill_reg.a_data_q[addr][5]_i_3__29/O
                         net (fo=1, routed)           0.008    29.043    i_carfield/i_cheshire_wrap/i_cheshire_ext_llc_cdc_src/i_cdc_fifo_gray_src_ar/gen_spill_reg.a_data_q[addr][5]_i_3__29_n_2
    SLICE_X12Y37         MUXF7 (Prop_F7MUX_GH_SLICEL_I1_O)
                                                      0.063    29.106 f  i_carfield/i_cheshire_wrap/i_cheshire_ext_llc_cdc_src/i_cdc_fifo_gray_src_ar/gen_spill_reg.a_data_q_reg[addr][5]_i_1__11/O
                         net (fo=1, routed)           0.031    29.137    i_carfield/i_hyperbus_wrap/i_hyper_cdc_dst/i_cdc_fifo_gray_dst_ar/i_spill_register/spill_register_flushable_i/gen_spill_reg.a_data_q_reg[addr][32]_0[5]
    SLICE_X12Y37         FDCE                                         f  i_carfield/i_hyperbus_wrap/i_hyper_cdc_dst/i_cdc_fifo_gray_dst_ar/i_spill_register/spill_register_flushable_i/gen_spill_reg.a_data_q_reg[addr][5]/D
  -------------------------------------------------------------------    -------------------

                         max delay                    0.000     0.000    
    E12                  IBUFCTRL                     0.000     0.000 r  u_ibufg_sys_clk/IBUFCTRL_INST/O
                         net (fo=1, routed)           0.333     0.333    i_xlnx_clk_wiz/inst/clk_in1
    MMCM_X1Y12           MMCME4_ADV (Prop_MMCM_CLKIN1_CLKOUT3)
                                                      0.630     0.963 r  i_xlnx_clk_wiz/inst/mmcme4_adv_inst/CLKOUT3
                         net (fo=1, routed)           0.225     1.188    i_xlnx_clk_wiz/inst/clk_10_xlnx_clk_wiz
    BUFGCE_X1Y311        BUFGCE (Prop_BUFCE_BUFGCE_I_O)
                                                      0.024     1.212 r  i_xlnx_clk_wiz/inst/clkout4_buf/O
                         net (fo=64, routed)          4.140     5.352    i_carfield/gen_domain_clock_mux[0].i_clk_mux/clks_i[2]
    SLR Crossing[2->1]   
    SLICE_X118Y302       LUT5 (Prop_G6LUT_SLICEL_I1_O)
                                                      0.057     5.409 r  i_carfield/gen_domain_clock_mux[0].i_clk_mux/clk_o_INST_0/O
                         net (fo=1, routed)           0.943     6.352    i_carfield/gen_domain_clock_mux[0].i_clk_mux/clk_o
    SLR Crossing[1->0]   
    BUFGCE_X1Y84         BUFGCE (Prop_BUFCE_BUFGCE_I_O)
                                                      0.024     6.376 r  i_carfield/gen_domain_clock_mux[0].i_clk_mux/clk_o_BUFG_inst/O
                         net (fo=115, routed)         2.627     9.003    i_carfield/gen_domain_clock_mux[0].i_clk_div/clk_o
    SLR Crossing[0->1]   
    SLICE_X61Y300        LUT5 (Prop_G6LUT_SLICEL_I3_O)
                                                      0.057     9.060 r  i_carfield/gen_domain_clock_mux[0].i_clk_div/n_1_1099782_BUFG_inst_i_1/O
                         net (fo=2, routed)           0.064     9.124    i_carfield/i_hyper_clk_div/n_1_1099782_BUFG_inst_n_2
    SLICE_X61Y300        LUT5 (Prop_E6LUT_SLICEL_I3_O)
                                                      0.082     9.206 r  i_carfield/i_hyper_clk_div/hyp_clk_BUFG_inst_i_1/O
                         net (fo=1, routed)           1.527    10.733    i_carfield/hyp_clk
    SLR Crossing[1->0]   
    BUFGCE_X0Y39         BUFGCE (Prop_BUFCE_BUFGCE_I_O)
                                                      0.024    10.757 r  i_carfield/hyp_clk_BUFG_inst/O
    X1Y2 (CLOCK_ROOT)    net (fo=1287, routed)        1.830    12.587    i_carfield/i_hyperbus_wrap/i_hyper_cdc_dst/i_cdc_fifo_gray_dst_ar/i_spill_register/spill_register_flushable_i/hyp_clk_BUFG
    SLICE_X12Y37         FDCE                                         r  i_carfield/i_hyperbus_wrap/i_hyper_cdc_dst/i_cdc_fifo_gray_dst_ar/i_spill_register/spill_register_flushable_i/gen_spill_reg.a_data_q_reg[addr][5]/C
                         clock pessimism             -0.706    11.881    
                         inter-SLR compensation      -1.744    10.137    
                         clock uncertainty           -0.226     9.912    
    SLICE_X12Y37         FDCE (Setup_HFF_SLICEL_C_D)
                                                      0.025     9.937    i_carfield/i_hyperbus_wrap/i_hyper_cdc_dst/i_cdc_fifo_gray_dst_ar/i_spill_register/spill_register_flushable_i/gen_spill_reg.a_data_q_reg[addr][5]
  -------------------------------------------------------------------
                         required time                          9.937    
                         arrival time                         -29.137    
  -------------------------------------------------------------------
                         slack                                -19.200    

Slack (VIOLATED) :        -19.194ns  (required time - arrival time)
  Source:                 i_carfield/i_cheshire_wrap/i_cheshire_ext_llc_cdc_src/i_cdc_fifo_gray_src_aw/gen_word[7].data_q_reg[7][id][0]/C
                            (rising edge-triggered cell FDRE clocked by clk_50_xlnx_clk_wiz  {rise@0.000ns fall@10.000ns period=20.000ns})
  Destination:            i_carfield/i_hyperbus_wrap/i_hyper_cdc_dst/i_cdc_fifo_gray_dst_aw/i_spill_register/spill_register_flushable_i/gen_spill_reg.a_data_q_reg[id][0]/D
                            (rising edge-triggered cell FDCE clocked by periph_domain_clk  {rise@0.000ns fall@50.000ns period=100.000ns})
  Path Group:             periph_domain_clk
  Path Type:              Setup (Max at Slow Process Corner)
  Requirement:            0.000ns  (MaxDelay Path 0.000ns)
  Data Path Delay:        23.914ns  (logic 0.271ns (1.133%)  route 23.643ns (98.867%))
  Logic Levels:           2  (LUT6=1 MUXF7=1)
  Clock Path Skew:        6.646ns (DCD - SCD + CPR)
    Destination Clock Delay (DCD):    12.465ns
    Source Clock Delay      (SCD):    5.113ns
    Clock Pessimism Removal (CPR):    -0.706ns
  Clock Uncertainty:      0.226ns  ((TSJ^2 + DJ^2)^1/2) / 2 + PE
    Total System Jitter     (TSJ):    0.071ns
    Discrete Jitter          (DJ):    0.199ns
    Phase Error              (PE):    0.120ns
  Inter-SLR Compensation: 1.725ns  ((DCD - CCD) * PF)
    Destination Clock Delay (DCD):    12.465ns
    Common Clock Delay      (CCD):    0.963ns
    Prorating Factor         (PF):    0.150
  Clock Net Delay (Source):      4.577ns (routing 2.719ns, distribution 1.858ns)
  Clock Net Delay (Destination): 1.708ns (routing 0.617ns, distribution 1.091ns)
  Timing Exception:       MaxDelay Path 0.000ns

    Location             Delay type                Incr(ns)  Path(ns)    Netlist Resource(s)
  -------------------------------------------------------------------    -------------------
                         (clock clk_50_xlnx_clk_wiz rise edge)
                                                      0.000     0.000 r  
    E12                  IBUFCTRL                     0.000     0.000 r  u_ibufg_sys_clk/IBUFCTRL_INST/O
                         net (fo=1, routed)           0.384     0.384    i_xlnx_clk_wiz/inst/clk_in1
    MMCM_X1Y12           MMCME4_ADV (Prop_MMCM_CLKIN1_CLKOUT1)
                                                     -0.127     0.257 r  i_xlnx_clk_wiz/inst/mmcme4_adv_inst/CLKOUT1
                         net (fo=1, routed)           0.251     0.508    i_xlnx_clk_wiz/inst/clk_50_xlnx_clk_wiz
    BUFGCE_X1Y298        BUFGCE (Prop_BUFCE_BUFGCE_I_O)
                                                      0.028     0.536 r  i_xlnx_clk_wiz/inst/clkout2_buf/O
    X2Y4 (CLOCK_ROOT)    net (fo=240101, routed)      4.577     5.113    i_carfield/i_cheshire_wrap/i_cheshire_ext_llc_cdc_src/i_cdc_fifo_gray_src_aw/host_clk_i
    SLR Crossing[2->0]   
    SLICE_X36Y53         FDRE                                         r  i_carfield/i_cheshire_wrap/i_cheshire_ext_llc_cdc_src/i_cdc_fifo_gray_src_aw/gen_word[7].data_q_reg[7][id][0]/C
  -------------------------------------------------------------------    -------------------
    SLICE_X36Y53         FDRE (Prop_AFF2_SLICEM_C_Q)
                                                      0.080     5.193 r  i_carfield/i_cheshire_wrap/i_cheshire_ext_llc_cdc_src/i_cdc_fifo_gray_src_aw/gen_word[7].data_q_reg[7][id][0]/Q
                         net (fo=1, routed)          23.590    28.783    i_carfield/i_cheshire_wrap/i_cheshire_ext_llc_cdc_src/i_cdc_fifo_gray_src_aw/llc_aw_data[786]
    SLICE_X35Y50         LUT6 (Prop_C6LUT_SLICEM_I0_O)
                                                      0.123    28.906 r  i_carfield/i_cheshire_wrap/i_cheshire_ext_llc_cdc_src/i_cdc_fifo_gray_src_aw/gen_spill_reg.a_data_q[id][0]_i_3__45/O
                         net (fo=1, routed)           0.021    28.927    i_carfield/i_cheshire_wrap/i_cheshire_ext_llc_cdc_src/i_cdc_fifo_gray_src_aw/gen_spill_reg.a_data_q[id][0]_i_3__45_n_2
    SLICE_X35Y50         MUXF7 (Prop_F7MUX_CD_SLICEM_I1_O)
                                                      0.068    28.995 r  i_carfield/i_cheshire_wrap/i_cheshire_ext_llc_cdc_src/i_cdc_fifo_gray_src_aw/gen_spill_reg.a_data_q_reg[id][0]_i_1__9/O
                         net (fo=1, routed)           0.032    29.027    i_carfield/i_hyperbus_wrap/i_hyper_cdc_dst/i_cdc_fifo_gray_dst_aw/i_spill_register/spill_register_flushable_i/gen_spill_reg.a_data_q_reg[id][5]_0[0]
    SLICE_X35Y50         FDCE                                         r  i_carfield/i_hyperbus_wrap/i_hyper_cdc_dst/i_cdc_fifo_gray_dst_aw/i_spill_register/spill_register_flushable_i/gen_spill_reg.a_data_q_reg[id][0]/D
  -------------------------------------------------------------------    -------------------

                         max delay                    0.000     0.000    
    E12                  IBUFCTRL                     0.000     0.000 r  u_ibufg_sys_clk/IBUFCTRL_INST/O
                         net (fo=1, routed)           0.333     0.333    i_xlnx_clk_wiz/inst/clk_in1
    MMCM_X1Y12           MMCME4_ADV (Prop_MMCM_CLKIN1_CLKOUT3)
                                                      0.630     0.963 r  i_xlnx_clk_wiz/inst/mmcme4_adv_inst/CLKOUT3
                         net (fo=1, routed)           0.225     1.188    i_xlnx_clk_wiz/inst/clk_10_xlnx_clk_wiz
    BUFGCE_X1Y311        BUFGCE (Prop_BUFCE_BUFGCE_I_O)
                                                      0.024     1.212 r  i_xlnx_clk_wiz/inst/clkout4_buf/O
                         net (fo=64, routed)          4.140     5.352    i_carfield/gen_domain_clock_mux[0].i_clk_mux/clks_i[2]
    SLR Crossing[2->1]   
    SLICE_X118Y302       LUT5 (Prop_G6LUT_SLICEL_I1_O)
                                                      0.057     5.409 r  i_carfield/gen_domain_clock_mux[0].i_clk_mux/clk_o_INST_0/O
                         net (fo=1, routed)           0.943     6.352    i_carfield/gen_domain_clock_mux[0].i_clk_mux/clk_o
    SLR Crossing[1->0]   
    BUFGCE_X1Y84         BUFGCE (Prop_BUFCE_BUFGCE_I_O)
                                                      0.024     6.376 r  i_carfield/gen_domain_clock_mux[0].i_clk_mux/clk_o_BUFG_inst/O
                         net (fo=115, routed)         2.627     9.003    i_carfield/gen_domain_clock_mux[0].i_clk_div/clk_o
    SLR Crossing[0->1]   
    SLICE_X61Y300        LUT5 (Prop_G6LUT_SLICEL_I3_O)
                                                      0.057     9.060 r  i_carfield/gen_domain_clock_mux[0].i_clk_div/n_1_1099782_BUFG_inst_i_1/O
                         net (fo=2, routed)           0.064     9.124    i_carfield/i_hyper_clk_div/n_1_1099782_BUFG_inst_n_2
    SLICE_X61Y300        LUT5 (Prop_E6LUT_SLICEL_I3_O)
                                                      0.082     9.206 r  i_carfield/i_hyper_clk_div/hyp_clk_BUFG_inst_i_1/O
                         net (fo=1, routed)           1.527    10.733    i_carfield/hyp_clk
    SLR Crossing[1->0]   
    BUFGCE_X0Y39         BUFGCE (Prop_BUFCE_BUFGCE_I_O)
                                                      0.024    10.757 r  i_carfield/hyp_clk_BUFG_inst/O
    X1Y2 (CLOCK_ROOT)    net (fo=1287, routed)        1.708    12.465    i_carfield/i_hyperbus_wrap/i_hyper_cdc_dst/i_cdc_fifo_gray_dst_aw/i_spill_register/spill_register_flushable_i/hyp_clk_BUFG
    SLICE_X35Y50         FDCE                                         r  i_carfield/i_hyperbus_wrap/i_hyper_cdc_dst/i_cdc_fifo_gray_dst_aw/i_spill_register/spill_register_flushable_i/gen_spill_reg.a_data_q_reg[id][0]/C
                         clock pessimism             -0.706    11.759    
                         inter-SLR compensation      -1.725    10.034    
                         clock uncertainty           -0.226     9.808    
    SLICE_X35Y50         FDCE (Setup_DFF_SLICEM_C_D)
                                                      0.025     9.833    i_carfield/i_hyperbus_wrap/i_hyper_cdc_dst/i_cdc_fifo_gray_dst_aw/i_spill_register/spill_register_flushable_i/gen_spill_reg.a_data_q_reg[id][0]
  -------------------------------------------------------------------
                         required time                          9.833    
                         arrival time                         -29.027    
  -------------------------------------------------------------------
                         slack                                -19.194    

Slack (VIOLATED) :        -19.194ns  (required time - arrival time)
  Source:                 i_carfield/i_cheshire_wrap/i_cheshire_ext_llc_cdc_src/i_cdc_fifo_gray_src_aw/gen_word[7].data_q_reg[7][id][0]/C
                            (rising edge-triggered cell FDRE clocked by clk_50_xlnx_clk_wiz  {rise@0.000ns fall@10.000ns period=20.000ns})
  Destination:            i_carfield/i_hyperbus_wrap/i_hyper_cdc_dst/i_cdc_fifo_gray_dst_aw/i_spill_register/spill_register_flushable_i/gen_spill_reg.a_data_q_reg[id][0]/D
                            (rising edge-triggered cell FDCE clocked by periph_domain_clk  {rise@0.000ns fall@50.000ns period=100.000ns})
  Path Group:             periph_domain_clk
  Path Type:              Setup (Max at Slow Process Corner)
  Requirement:            0.000ns  (MaxDelay Path 0.000ns)
  Data Path Delay:        23.914ns  (logic 0.271ns (1.133%)  route 23.643ns (98.867%))
  Logic Levels:           2  (LUT6=1 MUXF7=1)
  Clock Path Skew:        6.646ns (DCD - SCD + CPR)
    Destination Clock Delay (DCD):    12.465ns
    Source Clock Delay      (SCD):    5.113ns
    Clock Pessimism Removal (CPR):    -0.706ns
  Clock Uncertainty:      0.226ns  ((TSJ^2 + DJ^2)^1/2) / 2 + PE
    Total System Jitter     (TSJ):    0.071ns
    Discrete Jitter          (DJ):    0.199ns
    Phase Error              (PE):    0.120ns
  Inter-SLR Compensation: 1.725ns  ((DCD - CCD) * PF)
    Destination Clock Delay (DCD):    12.465ns
    Common Clock Delay      (CCD):    0.963ns
    Prorating Factor         (PF):    0.150
  Clock Net Delay (Source):      4.577ns (routing 2.719ns, distribution 1.858ns)
  Clock Net Delay (Destination): 1.708ns (routing 0.617ns, distribution 1.091ns)
  Timing Exception:       MaxDelay Path 0.000ns

    Location             Delay type                Incr(ns)  Path(ns)    Netlist Resource(s)
  -------------------------------------------------------------------    -------------------
                         (clock clk_50_xlnx_clk_wiz rise edge)
                                                      0.000     0.000 r  
    E12                  IBUFCTRL                     0.000     0.000 r  u_ibufg_sys_clk/IBUFCTRL_INST/O
                         net (fo=1, routed)           0.384     0.384    i_xlnx_clk_wiz/inst/clk_in1
    MMCM_X1Y12           MMCME4_ADV (Prop_MMCM_CLKIN1_CLKOUT1)
                                                     -0.127     0.257 r  i_xlnx_clk_wiz/inst/mmcme4_adv_inst/CLKOUT1
                         net (fo=1, routed)           0.251     0.508    i_xlnx_clk_wiz/inst/clk_50_xlnx_clk_wiz
    BUFGCE_X1Y298        BUFGCE (Prop_BUFCE_BUFGCE_I_O)
                                                      0.028     0.536 r  i_xlnx_clk_wiz/inst/clkout2_buf/O
    X2Y4 (CLOCK_ROOT)    net (fo=240101, routed)      4.577     5.113    i_carfield/i_cheshire_wrap/i_cheshire_ext_llc_cdc_src/i_cdc_fifo_gray_src_aw/host_clk_i
    SLR Crossing[2->0]   
    SLICE_X36Y53         FDRE                                         r  i_carfield/i_cheshire_wrap/i_cheshire_ext_llc_cdc_src/i_cdc_fifo_gray_src_aw/gen_word[7].data_q_reg[7][id][0]/C
  -------------------------------------------------------------------    -------------------
    SLICE_X36Y53         FDRE (Prop_AFF2_SLICEM_C_Q)
                                                      0.080     5.193 f  i_carfield/i_cheshire_wrap/i_cheshire_ext_llc_cdc_src/i_cdc_fifo_gray_src_aw/gen_word[7].data_q_reg[7][id][0]/Q
                         net (fo=1, routed)          23.590    28.783    i_carfield/i_cheshire_wrap/i_cheshire_ext_llc_cdc_src/i_cdc_fifo_gray_src_aw/llc_aw_data[786]
    SLICE_X35Y50         LUT6 (Prop_C6LUT_SLICEM_I0_O)
                                                      0.123    28.906 f  i_carfield/i_cheshire_wrap/i_cheshire_ext_llc_cdc_src/i_cdc_fifo_gray_src_aw/gen_spill_reg.a_data_q[id][0]_i_3__45/O
                         net (fo=1, routed)           0.021    28.927    i_carfield/i_cheshire_wrap/i_cheshire_ext_llc_cdc_src/i_cdc_fifo_gray_src_aw/gen_spill_reg.a_data_q[id][0]_i_3__45_n_2
    SLICE_X35Y50         MUXF7 (Prop_F7MUX_CD_SLICEM_I1_O)
                                                      0.068    28.995 f  i_carfield/i_cheshire_wrap/i_cheshire_ext_llc_cdc_src/i_cdc_fifo_gray_src_aw/gen_spill_reg.a_data_q_reg[id][0]_i_1__9/O
                         net (fo=1, routed)           0.032    29.027    i_carfield/i_hyperbus_wrap/i_hyper_cdc_dst/i_cdc_fifo_gray_dst_aw/i_spill_register/spill_register_flushable_i/gen_spill_reg.a_data_q_reg[id][5]_0[0]
    SLICE_X35Y50         FDCE                                         f  i_carfield/i_hyperbus_wrap/i_hyper_cdc_dst/i_cdc_fifo_gray_dst_aw/i_spill_register/spill_register_flushable_i/gen_spill_reg.a_data_q_reg[id][0]/D
  -------------------------------------------------------------------    -------------------

                         max delay                    0.000     0.000    
    E12                  IBUFCTRL                     0.000     0.000 r  u_ibufg_sys_clk/IBUFCTRL_INST/O
                         net (fo=1, routed)           0.333     0.333    i_xlnx_clk_wiz/inst/clk_in1
    MMCM_X1Y12           MMCME4_ADV (Prop_MMCM_CLKIN1_CLKOUT3)
                                                      0.630     0.963 r  i_xlnx_clk_wiz/inst/mmcme4_adv_inst/CLKOUT3
                         net (fo=1, routed)           0.225     1.188    i_xlnx_clk_wiz/inst/clk_10_xlnx_clk_wiz
    BUFGCE_X1Y311        BUFGCE (Prop_BUFCE_BUFGCE_I_O)
                                                      0.024     1.212 r  i_xlnx_clk_wiz/inst/clkout4_buf/O
                         net (fo=64, routed)          4.140     5.352    i_carfield/gen_domain_clock_mux[0].i_clk_mux/clks_i[2]
    SLR Crossing[2->1]   
    SLICE_X118Y302       LUT5 (Prop_G6LUT_SLICEL_I1_O)
                                                      0.057     5.409 r  i_carfield/gen_domain_clock_mux[0].i_clk_mux/clk_o_INST_0/O
                         net (fo=1, routed)           0.943     6.352    i_carfield/gen_domain_clock_mux[0].i_clk_mux/clk_o
    SLR Crossing[1->0]   
    BUFGCE_X1Y84         BUFGCE (Prop_BUFCE_BUFGCE_I_O)
                                                      0.024     6.376 r  i_carfield/gen_domain_clock_mux[0].i_clk_mux/clk_o_BUFG_inst/O
                         net (fo=115, routed)         2.627     9.003    i_carfield/gen_domain_clock_mux[0].i_clk_div/clk_o
    SLR Crossing[0->1]   
    SLICE_X61Y300        LUT5 (Prop_G6LUT_SLICEL_I3_O)
                                                      0.057     9.060 r  i_carfield/gen_domain_clock_mux[0].i_clk_div/n_1_1099782_BUFG_inst_i_1/O
                         net (fo=2, routed)           0.064     9.124    i_carfield/i_hyper_clk_div/n_1_1099782_BUFG_inst_n_2
    SLICE_X61Y300        LUT5 (Prop_E6LUT_SLICEL_I3_O)
                                                      0.082     9.206 r  i_carfield/i_hyper_clk_div/hyp_clk_BUFG_inst_i_1/O
                         net (fo=1, routed)           1.527    10.733    i_carfield/hyp_clk
    SLR Crossing[1->0]   
    BUFGCE_X0Y39         BUFGCE (Prop_BUFCE_BUFGCE_I_O)
                                                      0.024    10.757 r  i_carfield/hyp_clk_BUFG_inst/O
    X1Y2 (CLOCK_ROOT)    net (fo=1287, routed)        1.708    12.465    i_carfield/i_hyperbus_wrap/i_hyper_cdc_dst/i_cdc_fifo_gray_dst_aw/i_spill_register/spill_register_flushable_i/hyp_clk_BUFG
    SLICE_X35Y50         FDCE                                         r  i_carfield/i_hyperbus_wrap/i_hyper_cdc_dst/i_cdc_fifo_gray_dst_aw/i_spill_register/spill_register_flushable_i/gen_spill_reg.a_data_q_reg[id][0]/C
                         clock pessimism             -0.706    11.759    
                         inter-SLR compensation      -1.725    10.034    
                         clock uncertainty           -0.226     9.808    
    SLICE_X35Y50         FDCE (Setup_DFF_SLICEM_C_D)
                                                      0.025     9.833    i_carfield/i_hyperbus_wrap/i_hyper_cdc_dst/i_cdc_fifo_gray_dst_aw/i_spill_register/spill_register_flushable_i/gen_spill_reg.a_data_q_reg[id][0]
  -------------------------------------------------------------------
                         required time                          9.833    
                         arrival time                         -29.027    
  -------------------------------------------------------------------
                         slack                                -19.194    

Slack (VIOLATED) :        -19.175ns  (required time - arrival time)
  Source:                 i_carfield/i_cheshire_wrap/i_cheshire_ext_llc_cdc_src/i_cdc_fifo_gray_src_ar/gen_word[5].data_q_reg[5][len][6]/C
                            (rising edge-triggered cell FDRE clocked by clk_50_xlnx_clk_wiz  {rise@0.000ns fall@10.000ns period=20.000ns})
  Destination:            i_carfield/i_hyperbus_wrap/i_hyper_cdc_dst/i_cdc_fifo_gray_dst_ar/i_spill_register/spill_register_flushable_i/gen_spill_reg.a_data_q_reg[len][6]/D
                            (rising edge-triggered cell FDCE clocked by periph_domain_clk  {rise@0.000ns fall@50.000ns period=100.000ns})
  Path Group:             periph_domain_clk
  Path Type:              Setup (Max at Slow Process Corner)
  Requirement:            0.000ns  (MaxDelay Path 0.000ns)
  Data Path Delay:        23.880ns  (logic 0.184ns (0.771%)  route 23.696ns (99.229%))
  Logic Levels:           2  (LUT6=1 MUXF7=1)
  Clock Path Skew:        6.653ns (DCD - SCD + CPR)
    Destination Clock Delay (DCD):    12.609ns
    Source Clock Delay      (SCD):    5.250ns
    Clock Pessimism Removal (CPR):    -0.706ns
  Clock Uncertainty:      0.226ns  ((TSJ^2 + DJ^2)^1/2) / 2 + PE
    Total System Jitter     (TSJ):    0.071ns
    Discrete Jitter          (DJ):    0.199ns
    Phase Error              (PE):    0.120ns
  Inter-SLR Compensation: 1.747ns  ((DCD - CCD) * PF)
    Destination Clock Delay (DCD):    12.609ns
    Common Clock Delay      (CCD):    0.963ns
    Prorating Factor         (PF):    0.150
  Clock Net Delay (Source):      4.714ns (routing 2.719ns, distribution 1.995ns)
  Clock Net Delay (Destination): 1.852ns (routing 0.617ns, distribution 1.235ns)
  Timing Exception:       MaxDelay Path 0.000ns

    Location             Delay type                Incr(ns)  Path(ns)    Netlist Resource(s)
  -------------------------------------------------------------------    -------------------
                         (clock clk_50_xlnx_clk_wiz rise edge)
                                                      0.000     0.000 r  
    E12                  IBUFCTRL                     0.000     0.000 r  u_ibufg_sys_clk/IBUFCTRL_INST/O
                         net (fo=1, routed)           0.384     0.384    i_xlnx_clk_wiz/inst/clk_in1
    MMCM_X1Y12           MMCME4_ADV (Prop_MMCM_CLKIN1_CLKOUT1)
                                                     -0.127     0.257 r  i_xlnx_clk_wiz/inst/mmcme4_adv_inst/CLKOUT1
                         net (fo=1, routed)           0.251     0.508    i_xlnx_clk_wiz/inst/clk_50_xlnx_clk_wiz
    BUFGCE_X1Y298        BUFGCE (Prop_BUFCE_BUFGCE_I_O)
                                                      0.028     0.536 r  i_xlnx_clk_wiz/inst/clkout2_buf/O
    X2Y4 (CLOCK_ROOT)    net (fo=240101, routed)      4.714     5.250    i_carfield/i_cheshire_wrap/i_cheshire_ext_llc_cdc_src/i_cdc_fifo_gray_src_ar/host_clk_i
    SLR Crossing[2->0]   
    SLICE_X5Y34          FDRE                                         r  i_carfield/i_cheshire_wrap/i_cheshire_ext_llc_cdc_src/i_cdc_fifo_gray_src_ar/gen_word[5].data_q_reg[5][len][6]/C
  -------------------------------------------------------------------    -------------------
    SLICE_X5Y34          FDRE (Prop_EFF_SLICEL_C_Q)
                                                      0.079     5.329 r  i_carfield/i_cheshire_wrap/i_cheshire_ext_llc_cdc_src/i_cdc_fifo_gray_src_ar/gen_word[5].data_q_reg[5][len][6]/Q
                         net (fo=1, routed)          23.643    28.972    i_carfield/i_cheshire_wrap/i_cheshire_ext_llc_cdc_src/i_cdc_fifo_gray_src_ar/llc_ar_data[502]
    SLICE_X4Y34          LUT6 (Prop_C6LUT_SLICEM_I3_O)
                                                      0.037    29.009 r  i_carfield/i_cheshire_wrap/i_cheshire_ext_llc_cdc_src/i_cdc_fifo_gray_src_ar/gen_spill_reg.a_data_q[len][6]_i_3__10/O
                         net (fo=1, routed)           0.021    29.030    i_carfield/i_cheshire_wrap/i_cheshire_ext_llc_cdc_src/i_cdc_fifo_gray_src_ar/gen_spill_reg.a_data_q[len][6]_i_3__10_n_2
    SLICE_X4Y34          MUXF7 (Prop_F7MUX_CD_SLICEM_I1_O)
                                                      0.068    29.098 r  i_carfield/i_cheshire_wrap/i_cheshire_ext_llc_cdc_src/i_cdc_fifo_gray_src_ar/gen_spill_reg.a_data_q_reg[len][6]_i_1__8/O
                         net (fo=1, routed)           0.032    29.130    i_carfield/i_hyperbus_wrap/i_hyper_cdc_dst/i_cdc_fifo_gray_dst_ar/i_spill_register/spill_register_flushable_i/gen_spill_reg.a_data_q_reg[len][7]_0[6]
    SLICE_X4Y34          FDCE                                         r  i_carfield/i_hyperbus_wrap/i_hyper_cdc_dst/i_cdc_fifo_gray_dst_ar/i_spill_register/spill_register_flushable_i/gen_spill_reg.a_data_q_reg[len][6]/D
  -------------------------------------------------------------------    -------------------

                         max delay                    0.000     0.000    
    E12                  IBUFCTRL                     0.000     0.000 r  u_ibufg_sys_clk/IBUFCTRL_INST/O
                         net (fo=1, routed)           0.333     0.333    i_xlnx_clk_wiz/inst/clk_in1
    MMCM_X1Y12           MMCME4_ADV (Prop_MMCM_CLKIN1_CLKOUT3)
                                                      0.630     0.963 r  i_xlnx_clk_wiz/inst/mmcme4_adv_inst/CLKOUT3
                         net (fo=1, routed)           0.225     1.188    i_xlnx_clk_wiz/inst/clk_10_xlnx_clk_wiz
    BUFGCE_X1Y311        BUFGCE (Prop_BUFCE_BUFGCE_I_O)
                                                      0.024     1.212 r  i_xlnx_clk_wiz/inst/clkout4_buf/O
                         net (fo=64, routed)          4.140     5.352    i_carfield/gen_domain_clock_mux[0].i_clk_mux/clks_i[2]
    SLR Crossing[2->1]   
    SLICE_X118Y302       LUT5 (Prop_G6LUT_SLICEL_I1_O)
                                                      0.057     5.409 r  i_carfield/gen_domain_clock_mux[0].i_clk_mux/clk_o_INST_0/O
                         net (fo=1, routed)           0.943     6.352    i_carfield/gen_domain_clock_mux[0].i_clk_mux/clk_o
    SLR Crossing[1->0]   
    BUFGCE_X1Y84         BUFGCE (Prop_BUFCE_BUFGCE_I_O)
                                                      0.024     6.376 r  i_carfield/gen_domain_clock_mux[0].i_clk_mux/clk_o_BUFG_inst/O
                         net (fo=115, routed)         2.627     9.003    i_carfield/gen_domain_clock_mux[0].i_clk_div/clk_o
    SLR Crossing[0->1]   
    SLICE_X61Y300        LUT5 (Prop_G6LUT_SLICEL_I3_O)
                                                      0.057     9.060 r  i_carfield/gen_domain_clock_mux[0].i_clk_div/n_1_1099782_BUFG_inst_i_1/O
                         net (fo=2, routed)           0.064     9.124    i_carfield/i_hyper_clk_div/n_1_1099782_BUFG_inst_n_2
    SLICE_X61Y300        LUT5 (Prop_E6LUT_SLICEL_I3_O)
                                                      0.082     9.206 r  i_carfield/i_hyper_clk_div/hyp_clk_BUFG_inst_i_1/O
                         net (fo=1, routed)           1.527    10.733    i_carfield/hyp_clk
    SLR Crossing[1->0]   
    BUFGCE_X0Y39         BUFGCE (Prop_BUFCE_BUFGCE_I_O)
                                                      0.024    10.757 r  i_carfield/hyp_clk_BUFG_inst/O
    X1Y2 (CLOCK_ROOT)    net (fo=1287, routed)        1.852    12.609    i_carfield/i_hyperbus_wrap/i_hyper_cdc_dst/i_cdc_fifo_gray_dst_ar/i_spill_register/spill_register_flushable_i/hyp_clk_BUFG
    SLICE_X4Y34          FDCE                                         r  i_carfield/i_hyperbus_wrap/i_hyper_cdc_dst/i_cdc_fifo_gray_dst_ar/i_spill_register/spill_register_flushable_i/gen_spill_reg.a_data_q_reg[len][6]/C
                         clock pessimism             -0.706    11.903    
                         inter-SLR compensation      -1.747    10.156    
                         clock uncertainty           -0.226     9.930    
    SLICE_X4Y34          FDCE (Setup_DFF_SLICEM_C_D)
                                                      0.025     9.955    i_carfield/i_hyperbus_wrap/i_hyper_cdc_dst/i_cdc_fifo_gray_dst_ar/i_spill_register/spill_register_flushable_i/gen_spill_reg.a_data_q_reg[len][6]
  -------------------------------------------------------------------
                         required time                          9.955    
                         arrival time                         -29.130    
  -------------------------------------------------------------------
                         slack                                -19.175    

Slack (VIOLATED) :        -19.175ns  (required time - arrival time)
  Source:                 i_carfield/i_cheshire_wrap/i_cheshire_ext_llc_cdc_src/i_cdc_fifo_gray_src_ar/gen_word[5].data_q_reg[5][len][6]/C
                            (rising edge-triggered cell FDRE clocked by clk_50_xlnx_clk_wiz  {rise@0.000ns fall@10.000ns period=20.000ns})
  Destination:            i_carfield/i_hyperbus_wrap/i_hyper_cdc_dst/i_cdc_fifo_gray_dst_ar/i_spill_register/spill_register_flushable_i/gen_spill_reg.a_data_q_reg[len][6]/D
                            (rising edge-triggered cell FDCE clocked by periph_domain_clk  {rise@0.000ns fall@50.000ns period=100.000ns})
  Path Group:             periph_domain_clk
  Path Type:              Setup (Max at Slow Process Corner)
  Requirement:            0.000ns  (MaxDelay Path 0.000ns)
  Data Path Delay:        23.880ns  (logic 0.184ns (0.771%)  route 23.696ns (99.229%))
  Logic Levels:           2  (LUT6=1 MUXF7=1)
  Clock Path Skew:        6.653ns (DCD - SCD + CPR)
    Destination Clock Delay (DCD):    12.609ns
    Source Clock Delay      (SCD):    5.250ns
    Clock Pessimism Removal (CPR):    -0.706ns
  Clock Uncertainty:      0.226ns  ((TSJ^2 + DJ^2)^1/2) / 2 + PE
    Total System Jitter     (TSJ):    0.071ns
    Discrete Jitter          (DJ):    0.199ns
    Phase Error              (PE):    0.120ns
  Inter-SLR Compensation: 1.747ns  ((DCD - CCD) * PF)
    Destination Clock Delay (DCD):    12.609ns
    Common Clock Delay      (CCD):    0.963ns
    Prorating Factor         (PF):    0.150
  Clock Net Delay (Source):      4.714ns (routing 2.719ns, distribution 1.995ns)
  Clock Net Delay (Destination): 1.852ns (routing 0.617ns, distribution 1.235ns)
  Timing Exception:       MaxDelay Path 0.000ns

    Location             Delay type                Incr(ns)  Path(ns)    Netlist Resource(s)
  -------------------------------------------------------------------    -------------------
                         (clock clk_50_xlnx_clk_wiz rise edge)
                                                      0.000     0.000 r  
    E12                  IBUFCTRL                     0.000     0.000 r  u_ibufg_sys_clk/IBUFCTRL_INST/O
                         net (fo=1, routed)           0.384     0.384    i_xlnx_clk_wiz/inst/clk_in1
    MMCM_X1Y12           MMCME4_ADV (Prop_MMCM_CLKIN1_CLKOUT1)
                                                     -0.127     0.257 r  i_xlnx_clk_wiz/inst/mmcme4_adv_inst/CLKOUT1
                         net (fo=1, routed)           0.251     0.508    i_xlnx_clk_wiz/inst/clk_50_xlnx_clk_wiz
    BUFGCE_X1Y298        BUFGCE (Prop_BUFCE_BUFGCE_I_O)
                                                      0.028     0.536 r  i_xlnx_clk_wiz/inst/clkout2_buf/O
    X2Y4 (CLOCK_ROOT)    net (fo=240101, routed)      4.714     5.250    i_carfield/i_cheshire_wrap/i_cheshire_ext_llc_cdc_src/i_cdc_fifo_gray_src_ar/host_clk_i
    SLR Crossing[2->0]   
    SLICE_X5Y34          FDRE                                         r  i_carfield/i_cheshire_wrap/i_cheshire_ext_llc_cdc_src/i_cdc_fifo_gray_src_ar/gen_word[5].data_q_reg[5][len][6]/C
  -------------------------------------------------------------------    -------------------
    SLICE_X5Y34          FDRE (Prop_EFF_SLICEL_C_Q)
                                                      0.079     5.329 f  i_carfield/i_cheshire_wrap/i_cheshire_ext_llc_cdc_src/i_cdc_fifo_gray_src_ar/gen_word[5].data_q_reg[5][len][6]/Q
                         net (fo=1, routed)          23.643    28.972    i_carfield/i_cheshire_wrap/i_cheshire_ext_llc_cdc_src/i_cdc_fifo_gray_src_ar/llc_ar_data[502]
    SLICE_X4Y34          LUT6 (Prop_C6LUT_SLICEM_I3_O)
                                                      0.037    29.009 f  i_carfield/i_cheshire_wrap/i_cheshire_ext_llc_cdc_src/i_cdc_fifo_gray_src_ar/gen_spill_reg.a_data_q[len][6]_i_3__10/O
                         net (fo=1, routed)           0.021    29.030    i_carfield/i_cheshire_wrap/i_cheshire_ext_llc_cdc_src/i_cdc_fifo_gray_src_ar/gen_spill_reg.a_data_q[len][6]_i_3__10_n_2
    SLICE_X4Y34          MUXF7 (Prop_F7MUX_CD_SLICEM_I1_O)
                                                      0.068    29.098 f  i_carfield/i_cheshire_wrap/i_cheshire_ext_llc_cdc_src/i_cdc_fifo_gray_src_ar/gen_spill_reg.a_data_q_reg[len][6]_i_1__8/O
                         net (fo=1, routed)           0.032    29.130    i_carfield/i_hyperbus_wrap/i_hyper_cdc_dst/i_cdc_fifo_gray_dst_ar/i_spill_register/spill_register_flushable_i/gen_spill_reg.a_data_q_reg[len][7]_0[6]
    SLICE_X4Y34          FDCE                                         f  i_carfield/i_hyperbus_wrap/i_hyper_cdc_dst/i_cdc_fifo_gray_dst_ar/i_spill_register/spill_register_flushable_i/gen_spill_reg.a_data_q_reg[len][6]/D
  -------------------------------------------------------------------    -------------------

                         max delay                    0.000     0.000    
    E12                  IBUFCTRL                     0.000     0.000 r  u_ibufg_sys_clk/IBUFCTRL_INST/O
                         net (fo=1, routed)           0.333     0.333    i_xlnx_clk_wiz/inst/clk_in1
    MMCM_X1Y12           MMCME4_ADV (Prop_MMCM_CLKIN1_CLKOUT3)
                                                      0.630     0.963 r  i_xlnx_clk_wiz/inst/mmcme4_adv_inst/CLKOUT3
                         net (fo=1, routed)           0.225     1.188    i_xlnx_clk_wiz/inst/clk_10_xlnx_clk_wiz
    BUFGCE_X1Y311        BUFGCE (Prop_BUFCE_BUFGCE_I_O)
                                                      0.024     1.212 r  i_xlnx_clk_wiz/inst/clkout4_buf/O
                         net (fo=64, routed)          4.140     5.352    i_carfield/gen_domain_clock_mux[0].i_clk_mux/clks_i[2]
    SLR Crossing[2->1]   
    SLICE_X118Y302       LUT5 (Prop_G6LUT_SLICEL_I1_O)
                                                      0.057     5.409 r  i_carfield/gen_domain_clock_mux[0].i_clk_mux/clk_o_INST_0/O
                         net (fo=1, routed)           0.943     6.352    i_carfield/gen_domain_clock_mux[0].i_clk_mux/clk_o
    SLR Crossing[1->0]   
    BUFGCE_X1Y84         BUFGCE (Prop_BUFCE_BUFGCE_I_O)
                                                      0.024     6.376 r  i_carfield/gen_domain_clock_mux[0].i_clk_mux/clk_o_BUFG_inst/O
                         net (fo=115, routed)         2.627     9.003    i_carfield/gen_domain_clock_mux[0].i_clk_div/clk_o
    SLR Crossing[0->1]   
    SLICE_X61Y300        LUT5 (Prop_G6LUT_SLICEL_I3_O)
                                                      0.057     9.060 r  i_carfield/gen_domain_clock_mux[0].i_clk_div/n_1_1099782_BUFG_inst_i_1/O
                         net (fo=2, routed)           0.064     9.124    i_carfield/i_hyper_clk_div/n_1_1099782_BUFG_inst_n_2
    SLICE_X61Y300        LUT5 (Prop_E6LUT_SLICEL_I3_O)
                                                      0.082     9.206 r  i_carfield/i_hyper_clk_div/hyp_clk_BUFG_inst_i_1/O
                         net (fo=1, routed)           1.527    10.733    i_carfield/hyp_clk
    SLR Crossing[1->0]   
    BUFGCE_X0Y39         BUFGCE (Prop_BUFCE_BUFGCE_I_O)
                                                      0.024    10.757 r  i_carfield/hyp_clk_BUFG_inst/O
    X1Y2 (CLOCK_ROOT)    net (fo=1287, routed)        1.852    12.609    i_carfield/i_hyperbus_wrap/i_hyper_cdc_dst/i_cdc_fifo_gray_dst_ar/i_spill_register/spill_register_flushable_i/hyp_clk_BUFG
    SLICE_X4Y34          FDCE                                         r  i_carfield/i_hyperbus_wrap/i_hyper_cdc_dst/i_cdc_fifo_gray_dst_ar/i_spill_register/spill_register_flushable_i/gen_spill_reg.a_data_q_reg[len][6]/C
                         clock pessimism             -0.706    11.903    
                         inter-SLR compensation      -1.747    10.156    
                         clock uncertainty           -0.226     9.930    
    SLICE_X4Y34          FDCE (Setup_DFF_SLICEM_C_D)
                                                      0.025     9.955    i_carfield/i_hyperbus_wrap/i_hyper_cdc_dst/i_cdc_fifo_gray_dst_ar/i_spill_register/spill_register_flushable_i/gen_spill_reg.a_data_q_reg[len][6]
  -------------------------------------------------------------------
                         required time                          9.955    
                         arrival time                         -29.130    
  -------------------------------------------------------------------
                         slack                                -19.175    




